timestamp,mmsi,imo,vessel_name,callsign,vessel_type,draught_m,origin_port,destination_port,latitude,longitude,sog,cog,heading,rot,nav_status,destination,eta,anomaly_type,spill_risk_level,event_description
2026-09-08 00:00:00,211874000,9482104,PACIFIC HORIZON,V2AB4,Crude Oil Tanker,14.8,"Augusta/Syracuse Offshore Fairway (Sicily, Italy)",Benghazi Commercial Anchorage (Libya),37.198741,15.351037,10.8,146.7,147,-1.5,Under way using engine,BENGHAZI,09-09 01:00,Normal,None,"Clearing Syracuse roadstead, accelerating to sea speed"
2026-09-08 00:03:00,211874000,9482104,PACIFIC HORIZON,V2AB4,Crude Oil Tanker,14.8,"Augusta/Syracuse Offshore Fairway (Sicily, Italy)",Benghazi Commercial Anchorage (Libya),37.19094,15.357967,11.9,144.2,144,0.5,Under way using engine,BENGHAZI,09-09 01:00,Normal,None,"Clearing Syracuse roadstead, accelerating to sea speed"
2026-09-08 00:06:00,211874000,9482104,PACIFIC HORIZON,V2AB4,Crude Oil Tanker,14.8,"Augusta/Syracuse Offshore Fairway (Sicily, Italy)",Benghazi Commercial Anchorage (Libya),37.182421,15.36552,12.9,144.7,145,-0.1,Under way using engine,BENGHAZI,09-09 01:00,Normal,None,"Clearing Syracuse roadstead, accelerating to sea speed"
2026-09-08 00:09:00,211874000,9482104,PACIFIC HORIZON,V2AB4,Crude Oil Tanker,14.8,"Augusta/Syracuse Offshore Fairway (Sicily, Italy)",Benghazi Commercial Anchorage (Libya),37.173241,15.373696,13.7,144.6,145,0.1,Under way using engine,BENGHAZI,09-09 01:00,Normal,None,"Clearing Syracuse roadstead, accelerating to sea speed"
2026-09-08 00:12:00,211874000,9482104,PACIFIC HORIZON,V2AB4,Crude Oil Tanker,14.8,"Augusta/Syracuse Offshore Fairway (Sicily, Italy)",Benghazi Commercial Anchorage (Libya),37.16391,15.381924,13.7,145.2,145,-0.0,Under way using engine,BENGHAZI,09-09 01:00,Normal,None,"Clearing Syracuse roadstead, accelerating to sea speed"
2026-09-08 00:15:00,211874000,9482104,PACIFIC HORIZON,V2AB4,Crude Oil Tanker,14.8,"Augusta/Syracuse Offshore Fairway (Sicily, Italy)",Benghazi Commercial Anchorage (Libya),37.154505,15.38998,13.7,145.8,146,-0.1,Under way using engine,BENGHAZI,09-09 01:00,Normal,None,"Clearing Syracuse roadstead, accelerating to sea speed"
2026-09-08 00:18:00,211874000,9482104,PACIFIC HORIZON,V2AB4,Crude Oil Tanker,14.8,"Augusta/Syracuse Offshore Fairway (Sicily, Italy)",Benghazi Commercial Anchorage (Libya),37.145101,15.398115,13.7,145.4,145,0.1,Under way using engine,BENGHAZI,09-09 01:00,Normal,None,"Clearing Syracuse roadstead, accelerating to sea speed"
2026-09-08 00:21:00,211874000,9482104,PACIFIC HORIZON,V2AB4,Crude Oil Tanker,14.8,"Augusta/Syracuse Offshore Fairway (Sicily, Italy)",Benghazi Commercial Anchorage (Libya),37.13572,15.406239,13.7,145.2,145,-0.0,Under way using engine,BENGHAZI,09-09 01:00,Normal,None,"Clearing Syracuse roadstead, accelerating to sea speed"
2026-09-08 00:24:00,211874000,9482104,PACIFIC HORIZON,V2AB4,Crude Oil Tanker,14.8,"Augusta/Syracuse Offshore Fairway (Sicily, Italy)",Benghazi Commercial Anchorage (Libya),37.126366,15.414437,13.7,144.9,145,0.0,Under way using engine,BENGHAZI,09-09 01:00,Normal,None,"Clearing Syracuse roadstead, accelerating to sea speed"
2026-09-08 00:27:00,211874000,9482104,PACIFIC HORIZON,V2AB4,Crude Oil Tanker,14.8,"Augusta/Syracuse Offshore Fairway (Sicily, Italy)",Benghazi Commercial Anchorage (Libya),37.116979,15.422561,13.7,145.7,146,-0.0,Under way using engine,BENGHAZI,09-09 01:00,Normal,None,"Clearing Syracuse roadstead, accelerating to sea speed"
2026-09-08 00:30:00,211874000,9482104,PACIFIC HORIZON,V2AB4,Crude Oil Tanker,14.8,"Augusta/Syracuse Offshore Fairway (Sicily, Italy)",Benghazi Commercial Anchorage (Libya),37.107604,15.430679,13.6,145.1,145,-0.0,Under way using engine,BENGHAZI,09-09 01:00,Normal,None,"Clearing Syracuse roadstead, accelerating to sea speed"
2026-09-08 00:33:00,211874000,9482104,PACIFIC HORIZON,V2AB4,Crude Oil Tanker,14.8,"Augusta/Syracuse Offshore Fairway (Sicily, Italy)",Benghazi Commercial Anchorage (Libya),37.098265,15.438855,13.7,144.7,145,0.0,Under way using engine,BENGHAZI,09-09 01:00,Normal,None,"Clearing Syracuse roadstead, accelerating to sea speed"
2026-09-08 00:36:00,211874000,9482104,PACIFIC HORIZON,V2AB4,Crude Oil Tanker,14.8,"Augusta/Syracuse Offshore Fairway (Sicily, Italy)",Benghazi Commercial Anchorage (Libya),37.088999,15.447138,13.6,144.3,144,0.2,Under way using engine,BENGHAZI,09-09 01:00,Normal,None,"Clearing Syracuse roadstead, accelerating to sea speed"
2026-09-08 00:39:00,211874000,9482104,PACIFIC HORIZON,V2AB4,Crude Oil Tanker,14.8,"Augusta/Syracuse Offshore Fairway (Sicily, Italy)",Benghazi Commercial Anchorage (Libya),37.079607,15.455234,13.7,146.2,146,0.1,Under way using engine,BENGHAZI,09-09 01:00,Normal,None,"Clearing Syracuse roadstead, accelerating to sea speed"
2026-09-08 00:42:00,211874000,9482104,PACIFIC HORIZON,V2AB4,Crude Oil Tanker,14.8,"Augusta/Syracuse Offshore Fairway (Sicily, Italy)",Benghazi Commercial Anchorage (Libya),37.069656,15.462749,14.4,153.4,153,5.0,Under way using engine,BENGHAZI,09-09 01:00,Normal,None,Rounding Cape Passero into deep open Ionian waters
2026-09-08 00:45:00,211874000,9482104,PACIFIC HORIZON,V2AB4,Crude Oil Tanker,14.8,"Augusta/Syracuse Offshore Fairway (Sicily, Italy)",Benghazi Commercial Anchorage (Libya),37.057768,15.467238,15.3,169.8,170,5.4,Under way using engine,BENGHAZI,09-09 01:00,Normal,None,Rounding Cape Passero into deep open Ionian waters
2026-09-08 00:48:00,211874000,9482104,PACIFIC HORIZON,V2AB4,Crude Oil Tanker,14.8,"Augusta/Syracuse Offshore Fairway (Sicily, Italy)",Benghazi Commercial Anchorage (Libya),37.045171,15.469574,15.3,170.2,170,-1.5,Under way using engine,BENGHAZI,09-09 01:00,Normal,None,Rounding Cape Passero into deep open Ionian waters
2026-09-08 00:51:00,211874000,9482104,PACIFIC HORIZON,V2AB4,Crude Oil Tanker,14.8,"Augusta/Syracuse Offshore Fairway (Sicily, Italy)",Benghazi Commercial Anchorage (Libya),37.032631,15.472513,15.3,169.7,170,0.5,Under way using engine,BENGHAZI,09-09 01:00,Normal,None,Rounding Cape Passero into deep open Ionian waters
2026-09-08 00:54:00,211874000,9482104,PACIFIC HORIZON,V2AB4,Crude Oil Tanker,14.8,"Augusta/Syracuse Offshore Fairway (Sicily, Italy)",Benghazi Commercial Anchorage (Libya),37.020084,15.475312,15.3,170.1,170,-0.2,Under way using engine,BENGHAZI,09-09 01:00,Normal,None,Rounding Cape Passero into deep open Ionian waters
2026-09-08 00:57:00,211874000,9482104,PACIFIC HORIZON,V2AB4,Crude Oil Tanker,14.8,"Augusta/Syracuse Offshore Fairway (Sicily, Italy)",Benghazi Commercial Anchorage (Libya),37.007539,15.478184,15.3,169.2,169,0.1,Under way using engine,BENGHAZI,09-09 01:00,Normal,None,Rounding Cape Passero into deep open Ionian waters
2026-09-08 01:00:00,211874000,9482104,PACIFIC HORIZON,V2AB4,Crude Oil Tanker,14.8,"Augusta/Syracuse Offshore Fairway (Sicily, Italy)",Benghazi Commercial Anchorage (Libya),36.994982,15.480957,15.3,170.1,170,-0.1,Under way using engine,BENGHAZI,09-09 01:00,Normal,None,Rounding Cape Passero into deep open Ionian waters
2026-09-08 01:03:00,211874000,9482104,PACIFIC HORIZON,V2AB4,Crude Oil Tanker,14.8,"Augusta/Syracuse Offshore Fairway (Sicily, Italy)",Benghazi Commercial Anchorage (Libya),36.982417,15.483768,15.3,170.3,170,-0.2,Under way using engine,BENGHAZI,09-09 01:00,Normal,None,Rounding Cape Passero into deep open Ionian waters
2026-09-08 01:06:00,211874000,9482104,PACIFIC HORIZON,V2AB4,Crude Oil Tanker,14.8,"Augusta/Syracuse Offshore Fairway (Sicily, Italy)",Benghazi Commercial Anchorage (Libya),36.969867,15.486504,15.2,169.2,169,0.0,Under way using engine,BENGHAZI,09-09 01:00,Normal,None,Rounding Cape Passero into deep open Ionian waters
2026-09-08 01:09:00,211874000,9482104,PACIFIC HORIZON,V2AB4,Crude Oil Tanker,14.8,"Augusta/Syracuse Offshore Fairway (Sicily, Italy)",Benghazi Commercial Anchorage (Libya),36.957332,15.489439,15.3,169.8,170,0.2,Under way using engine,BENGHAZI,09-09 01:00,Normal,None,Rounding Cape Passero into deep open Ionian waters
2026-09-08 01:12:00,211874000,9482104,PACIFIC HORIZON,V2AB4,Crude Oil Tanker,14.8,"Augusta/Syracuse Offshore Fairway (Sicily, Italy)",Benghazi Commercial Anchorage (Libya),36.94476,15.492096,15.3,170.7,171,0.1,Under way using engine,BENGHAZI,09-09 01:00,Normal,None,Rounding Cape Passero into deep open Ionian waters
2026-09-08 01:15:00,211874000,9482104,PACIFIC HORIZON,V2AB4,Crude Oil Tanker,14.8,"Augusta/Syracuse Offshore Fairway (Sicily, Italy)",Benghazi Commercial Anchorage (Libya),36.932145,15.494501,15.3,170.8,171,-0.1,Under way using engine,BENGHAZI,09-09 01:00,Normal,None,Rounding Cape Passero into deep open Ionian waters
2026-09-08 01:18:00,211874000,9482104,PACIFIC HORIZON,V2AB4,Crude Oil Tanker,14.8,"Augusta/Syracuse Offshore Fairway (Sicily, Italy)",Benghazi Commercial Anchorage (Libya),36.919574,15.497143,15.3,170.4,171,0.1,Under way using engine,BENGHAZI,09-09 01:00,Normal,None,Rounding Cape Passero into deep open Ionian waters
2026-09-08 01:21:00,211874000,9482104,PACIFIC HORIZON,V2AB4,Crude Oil Tanker,14.8,"Augusta/Syracuse Offshore Fairway (Sicily, Italy)",Benghazi Commercial Anchorage (Libya),36.906981,15.499709,15.3,170.1,170,0.0,Under way using engine,BENGHAZI,09-09 01:00,Normal,None,Rounding Cape Passero into deep open Ionian waters
2026-09-08 01:24:00,211874000,9482104,PACIFIC HORIZON,V2AB4,Crude Oil Tanker,14.8,"Augusta/Syracuse Offshore Fairway (Sicily, Italy)",Benghazi Commercial Anchorage (Libya),36.894415,15.502368,15.3,170.5,171,-0.0,Under way using engine,BENGHAZI,09-09 01:00,Normal,None,Rounding Cape Passero into deep open Ionian waters
2026-09-08 01:27:00,211874000,9482104,PACIFIC HORIZON,V2AB4,Crude Oil Tanker,14.8,"Augusta/Syracuse Offshore Fairway (Sicily, Italy)",Benghazi Commercial Anchorage (Libya),36.88185,15.505188,15.4,169.3,169,0.2,Under way using engine,BENGHAZI,09-09 01:00,Normal,None,Rounding Cape Passero into deep open Ionian waters
2026-09-08 01:30:00,211874000,9482104,PACIFIC HORIZON,V2AB4,Crude Oil Tanker,14.8,"Augusta/Syracuse Offshore Fairway (Sicily, Italy)",Benghazi Commercial Anchorage (Libya),36.869294,15.507881,15.3,170.4,171,-0.0,Under way using engine,BENGHAZI,09-09 01:00,Normal,None,Rounding Cape Passero into deep open Ionian waters
2026-09-08 01:33:00,211874000,9482104,PACIFIC HORIZON,V2AB4,Crude Oil Tanker,14.8,"Augusta/Syracuse Offshore Fairway (Sicily, Italy)",Benghazi Commercial Anchorage (Libya),36.856721,15.510434,15.3,171.1,171,0.0,Under way using engine,BENGHAZI,09-09 01:00,Normal,None,Rounding Cape Passero into deep open Ionian waters
2026-09-08 01:36:00,211874000,9482104,PACIFIC HORIZON,V2AB4,Crude Oil Tanker,14.8,"Augusta/Syracuse Offshore Fairway (Sicily, Italy)",Benghazi Commercial Anchorage (Libya),36.844149,15.513092,15.3,169.8,170,-0.1,Under way using engine,BENGHAZI,09-09 01:00,Normal,None,Rounding Cape Passero into deep open Ionian waters
2026-09-08 01:39:00,211874000,9482104,PACIFIC HORIZON,V2AB4,Crude Oil Tanker,14.8,"Augusta/Syracuse Offshore Fairway (Sicily, Italy)",Benghazi Commercial Anchorage (Libya),36.831579,15.515692,15.3,171.1,171,0.0,Under way using engine,BENGHAZI,09-09 01:00,Normal,None,Rounding Cape Passero into deep open Ionian waters
2026-09-08 01:42:00,211874000,9482104,PACIFIC HORIZON,V2AB4,Crude Oil Tanker,14.8,"Augusta/Syracuse Offshore Fairway (Sicily, Italy)",Benghazi Commercial Anchorage (Libya),36.818984,15.518083,15.3,171.4,172,-0.1,Under way using engine,BENGHAZI,09-09 01:00,Normal,None,Rounding Cape Passero into deep open Ionian waters
2026-09-08 01:45:00,211874000,9482104,PACIFIC HORIZON,V2AB4,Crude Oil Tanker,14.8,"Augusta/Syracuse Offshore Fairway (Sicily, Italy)",Benghazi Commercial Anchorage (Libya),36.806401,15.520679,15.3,171.0,171,0.1,Under way using engine,BENGHAZI,09-09 01:00,Normal,None,Rounding Cape Passero into deep open Ionian waters
2026-09-08 01:48:00,211874000,9482104,PACIFIC HORIZON,V2AB4,Crude Oil Tanker,14.8,"Augusta/Syracuse Offshore Fairway (Sicily, Italy)",Benghazi Commercial Anchorage (Libya),36.793808,15.523069,15.3,171.6,172,-0.1,Under way using engine,BENGHAZI,09-09 01:00,Normal,None,Rounding Cape Passero into deep open Ionian waters
2026-09-08 01:51:00,211874000,9482104,PACIFIC HORIZON,V2AB4,Crude Oil Tanker,14.8,"Augusta/Syracuse Offshore Fairway (Sicily, Italy)",Benghazi Commercial Anchorage (Libya),36.781214,15.525504,15.3,170.4,171,0.2,Under way using engine,BENGHAZI,09-09 01:00,Normal,None,Rounding Cape Passero into deep open Ionian waters
2026-09-08 01:54:00,211874000,9482104,PACIFIC HORIZON,V2AB4,Crude Oil Tanker,14.8,"Augusta/Syracuse Offshore Fairway (Sicily, Italy)",Benghazi Commercial Anchorage (Libya),36.76865,15.528198,15.3,170.1,170,0.1,Under way using engine,BENGHAZI,09-09 01:00,Normal,None,Rounding Cape Passero into deep open Ionian waters
2026-09-08 01:57:00,211874000,9482104,PACIFIC HORIZON,V2AB4,Crude Oil Tanker,14.8,"Augusta/Syracuse Offshore Fairway (Sicily, Italy)",Benghazi Commercial Anchorage (Libya),36.756116,15.530986,15.3,170.2,170,0.3,Under way using engine,BENGHAZI,09-09 01:00,Normal,None,Rounding Cape Passero into deep open Ionian waters
2026-09-08 02:00:00,211874000,9482104,PACIFIC HORIZON,V2AB4,Crude Oil Tanker,14.8,"Augusta/Syracuse Offshore Fairway (Sicily, Italy)",Benghazi Commercial Anchorage (Libya),36.743578,15.533786,15.3,169.6,170,0.0,Under way using engine,BENGHAZI,09-09 01:00,Normal,None,Rounding Cape Passero into deep open Ionian waters
2026-09-08 02:03:00,211874000,9482104,PACIFIC HORIZON,V2AB4,Crude Oil Tanker,14.8,"Augusta/Syracuse Offshore Fairway (Sicily, Italy)",Benghazi Commercial Anchorage (Libya),36.731012,15.53642,15.2,170.8,171,0.0,Under way using engine,BENGHAZI,09-09 01:00,Normal,None,Rounding Cape Passero into deep open Ionian waters
2026-09-08 02:06:00,211874000,9482104,PACIFIC HORIZON,V2AB4,Crude Oil Tanker,14.8,"Augusta/Syracuse Offshore Fairway (Sicily, Italy)",Benghazi Commercial Anchorage (Libya),36.718417,15.538767,15.3,171.4,172,-0.1,Under way using engine,BENGHAZI,09-09 01:00,Normal,None,Rounding Cape Passero into deep open Ionian waters
2026-09-08 02:09:00,211874000,9482104,PACIFIC HORIZON,V2AB4,Crude Oil Tanker,14.8,"Augusta/Syracuse Offshore Fairway (Sicily, Italy)",Benghazi Commercial Anchorage (Libya),36.705826,15.541147,15.2,172.2,172,0.3,Under way using engine,BENGHAZI,09-09 01:00,Normal,None,Rounding Cape Passero into deep open Ionian waters
2026-09-08 02:12:00,211874000,9482104,PACIFIC HORIZON,V2AB4,Crude Oil Tanker,14.8,"Augusta/Syracuse Offshore Fairway (Sicily, Italy)",Benghazi Commercial Anchorage (Libya),36.693191,15.543201,15.3,173.0,173,0.1,Under way using engine,BENGHAZI,09-09 01:00,Normal,None,Rounding Cape Passero into deep open Ionian waters
2026-09-08 02:15:00,211874000,9482104,PACIFIC HORIZON,V2AB4,Crude Oil Tanker,14.8,"Augusta/Syracuse Offshore Fairway (Sicily, Italy)",Benghazi Commercial Anchorage (Libya),36.680762,15.546481,15.3,162.1,162,-5.2,Under way using engine,BENGHAZI,09-09 01:00,Normal,None,Steady commercial transit along mid-Ionian fairway
2026-09-08 02:18:00,211874000,9482104,PACIFIC HORIZON,V2AB4,Crude Oil Tanker,14.8,"Augusta/Syracuse Offshore Fairway (Sicily, Italy)",Benghazi Commercial Anchorage (Libya),36.669537,15.554006,15.4,144.7,145,-5.8,Under way using engine,BENGHAZI,09-09 01:00,Normal,None,Steady commercial transit along mid-Ionian fairway
2026-09-08 02:21:00,211874000,9482104,PACIFIC HORIZON,V2AB4,Crude Oil Tanker,14.8,"Augusta/Syracuse Offshore Fairway (Sicily, Italy)",Benghazi Commercial Anchorage (Libya),36.660111,15.564811,15.4,136.0,136,0.9,Under way using engine,BENGHAZI,09-09 01:00,Normal,None,Steady commercial transit along mid-Ionian fairway
2026-09-08 02:24:00,211874000,9482104,PACIFIC HORIZON,V2AB4,Crude Oil Tanker,14.8,"Augusta/Syracuse Offshore Fairway (Sicily, Italy)",Benghazi Commercial Anchorage (Libya),36.650623,15.575526,15.3,138.0,138,-0.3,Under way using engine,BENGHAZI,09-09 01:00,Normal,None,Steady commercial transit along mid-Ionian fairway
2026-09-08 02:27:00,211874000,9482104,PACIFIC HORIZON,V2AB4,Crude Oil Tanker,14.8,"Augusta/Syracuse Offshore Fairway (Sicily, Italy)",Benghazi Commercial Anchorage (Libya),36.641172,15.586313,15.4,137.4,137,0.2,Under way using engine,BENGHAZI,09-09 01:00,Normal,None,Steady commercial transit along mid-Ionian fairway
2026-09-08 02:30:00,211874000,9482104,PACIFIC HORIZON,V2AB4,Crude Oil Tanker,14.8,"Augusta/Syracuse Offshore Fairway (Sicily, Italy)",Benghazi Commercial Anchorage (Libya),36.631733,15.597125,15.4,137.8,138,-0.0,Under way using engine,BENGHAZI,09-09 01:00,Normal,None,Steady commercial transit along mid-Ionian fairway
2026-09-08 02:33:00,211874000,9482104,PACIFIC HORIZON,V2AB4,Crude Oil Tanker,14.8,"Augusta/Syracuse Offshore Fairway (Sicily, Italy)",Benghazi Commercial Anchorage (Libya),36.622251,15.607861,15.4,137.4,137,-0.0,Under way using engine,BENGHAZI,09-09 01:00,Normal,None,Steady commercial transit along mid-Ionian fairway
2026-09-08 02:36:00,211874000,9482104,PACIFIC HORIZON,V2AB4,Crude Oil Tanker,14.8,"Augusta/Syracuse Offshore Fairway (Sicily, Italy)",Benghazi Commercial Anchorage (Libya),36.612776,15.618573,15.4,138.0,138,0.0,Under way using engine,BENGHAZI,09-09 01:00,Normal,None,Steady commercial transit along mid-Ionian fairway
2026-09-08 02:39:00,211874000,9482104,PACIFIC HORIZON,V2AB4,Crude Oil Tanker,14.8,"Augusta/Syracuse Offshore Fairway (Sicily, Italy)",Benghazi Commercial Anchorage (Libya),36.603263,15.629234,15.4,137.7,138,-0.1,Under way using engine,BENGHAZI,09-09 01:00,Normal,None,Steady commercial transit along mid-Ionian fairway
2026-09-08 02:42:00,211874000,9482104,PACIFIC HORIZON,V2AB4,Crude Oil Tanker,14.8,"Augusta/Syracuse Offshore Fairway (Sicily, Italy)",Benghazi Commercial Anchorage (Libya),36.59379,15.639974,15.3,137.9,138,-0.0,Under way using engine,BENGHAZI,09-09 01:00,Normal,None,Steady commercial transit along mid-Ionian fairway
2026-09-08 02:45:00,211874000,9482104,PACIFIC HORIZON,V2AB4,Crude Oil Tanker,14.8,"Augusta/Syracuse Offshore Fairway (Sicily, Italy)",Benghazi Commercial Anchorage (Libya),36.584174,15.650495,15.4,139.2,139,0.0,Under way using engine,BENGHAZI,09-09 01:00,Normal,None,Steady commercial transit along mid-Ionian fairway
2026-09-08 02:48:00,211874000,9482104,PACIFIC HORIZON,V2AB4,Crude Oil Tanker,14.8,"Augusta/Syracuse Offshore Fairway (Sicily, Italy)",Benghazi Commercial Anchorage (Libya),36.574538,15.660972,15.3,139.0,139,-0.1,Under way using engine,BENGHAZI,09-09 01:00,Normal,None,Steady commercial transit along mid-Ionian fairway
2026-09-08 02:51:00,211874000,9482104,PACIFIC HORIZON,V2AB4,Crude Oil Tanker,14.8,"Augusta/Syracuse Offshore Fairway (Sicily, Italy)",Benghazi Commercial Anchorage (Libya),36.564873,15.671451,15.4,139.0,139,-0.0,Under way using engine,BENGHAZI,09-09 01:00,Normal,None,Steady commercial transit along mid-Ionian fairway
2026-09-08 02:54:00,211874000,9482104,PACIFIC HORIZON,V2AB4,Crude Oil Tanker,14.8,"Augusta/Syracuse Offshore Fairway (Sicily, Italy)",Benghazi Commercial Anchorage (Libya),36.555172,15.681862,15.4,138.9,139,0.2,Under way using engine,BENGHAZI,09-09 01:00,Normal,None,Steady commercial transit along mid-Ionian fairway
2026-09-08 02:57:00,211874000,9482104,PACIFIC HORIZON,V2AB4,Crude Oil Tanker,14.8,"Augusta/Syracuse Offshore Fairway (Sicily, Italy)",Benghazi Commercial Anchorage (Libya),36.545634,15.692485,15.3,137.5,137,-0.2,Under way using engine,BENGHAZI,09-09 01:00,Normal,None,Steady commercial transit along mid-Ionian fairway
2026-09-08 03:00:00,211874000,9482104,PACIFIC HORIZON,V2AB4,Crude Oil Tanker,14.8,"Augusta/Syracuse Offshore Fairway (Sicily, Italy)",Benghazi Commercial Anchorage (Libya),36.536163,15.703183,15.3,137.9,138,-0.2,Under way using engine,BENGHAZI,09-09 01:00,Normal,None,Steady commercial transit along mid-Ionian fairway
2026-09-08 03:03:00,211874000,9482104,PACIFIC HORIZON,V2AB4,Crude Oil Tanker,14.8,"Augusta/Syracuse Offshore Fairway (Sicily, Italy)",Benghazi Commercial Anchorage (Libya),36.526601,15.71376,15.3,138.7,139,0.2,Under way using engine,BENGHAZI,09-09 01:00,Normal,None,Steady commercial transit along mid-Ionian fairway
2026-09-08 03:06:00,211874000,9482104,PACIFIC HORIZON,V2AB4,Crude Oil Tanker,14.8,"Augusta/Syracuse Offshore Fairway (Sicily, Italy)",Benghazi Commercial Anchorage (Libya),36.517116,15.724441,15.4,137.7,138,0.1,Under way using engine,BENGHAZI,09-09 01:00,Normal,None,Steady commercial transit along mid-Ionian fairway
2026-09-08 03:09:00,211874000,9482104,PACIFIC HORIZON,V2AB4,Crude Oil Tanker,14.8,"Augusta/Syracuse Offshore Fairway (Sicily, Italy)",Benghazi Commercial Anchorage (Libya),36.50762,15.735118,15.3,138.4,138,0.0,Under way using engine,BENGHAZI,09-09 01:00,Normal,None,Steady commercial transit along mid-Ionian fairway
2026-09-08 03:12:00,211874000,9482104,PACIFIC HORIZON,V2AB4,Crude Oil Tanker,14.8,"Augusta/Syracuse Offshore Fairway (Sicily, Italy)",Benghazi Commercial Anchorage (Libya),36.498055,15.745689,15.3,138.0,138,0.2,Under way using engine,BENGHAZI,09-09 01:00,Normal,None,Steady commercial transit along mid-Ionian fairway
2026-09-08 03:15:00,211874000,9482104,PACIFIC HORIZON,V2AB4,Crude Oil Tanker,14.8,"Augusta/Syracuse Offshore Fairway (Sicily, Italy)",Benghazi Commercial Anchorage (Libya),36.488642,15.756473,15.4,136.6,136,-0.1,Under way using engine,BENGHAZI,09-09 01:00,Normal,None,Steady commercial transit along mid-Ionian fairway
2026-09-08 03:18:00,211874000,9482104,PACIFIC HORIZON,V2AB4,Crude Oil Tanker,14.8,"Augusta/Syracuse Offshore Fairway (Sicily, Italy)",Benghazi Commercial Anchorage (Libya),36.479242,15.7673,15.4,137.9,138,0.0,Under way using engine,BENGHAZI,09-09 01:00,Normal,None,Steady commercial transit along mid-Ionian fairway
2026-09-08 03:21:00,211874000,9482104,PACIFIC HORIZON,V2AB4,Crude Oil Tanker,14.8,"Augusta/Syracuse Offshore Fairway (Sicily, Italy)",Benghazi Commercial Anchorage (Libya),36.469729,15.777932,15.3,138.8,139,0.1,Under way using engine,BENGHAZI,09-09 01:00,Normal,None,Steady commercial transit along mid-Ionian fairway
2026-09-08 03:24:00,211874000,9482104,PACIFIC HORIZON,V2AB4,Crude Oil Tanker,14.8,"Augusta/Syracuse Offshore Fairway (Sicily, Italy)",Benghazi Commercial Anchorage (Libya),36.46005,15.788317,15.4,139.5,139,0.0,Under way using engine,BENGHAZI,09-09 01:00,Normal,None,Steady commercial transit along mid-Ionian fairway
2026-09-08 03:27:00,211874000,9482104,PACIFIC HORIZON,V2AB4,Crude Oil Tanker,14.8,"Augusta/Syracuse Offshore Fairway (Sicily, Italy)",Benghazi Commercial Anchorage (Libya),36.450394,15.798758,15.4,139.0,139,0.1,Under way using engine,BENGHAZI,09-09 01:00,Normal,None,Steady commercial transit along mid-Ionian fairway
2026-09-08 03:30:00,211874000,9482104,PACIFIC HORIZON,V2AB4,Crude Oil Tanker,14.8,"Augusta/Syracuse Offshore Fairway (Sicily, Italy)",Benghazi Commercial Anchorage (Libya),36.440731,15.809215,15.3,139.5,139,-0.0,Under way using engine,BENGHAZI,09-09 01:00,Normal,None,Steady commercial transit along mid-Ionian fairway
2026-09-08 03:33:00,211874000,9482104,PACIFIC HORIZON,V2AB4,Crude Oil Tanker,14.8,"Augusta/Syracuse Offshore Fairway (Sicily, Italy)",Benghazi Commercial Anchorage (Libya),36.43099,15.819519,15.3,139.4,139,0.1,Under way using engine,BENGHAZI,09-09 01:00,Normal,None,Steady commercial transit along mid-Ionian fairway
2026-09-08 03:36:00,211874000,9482104,PACIFIC HORIZON,V2AB4,Crude Oil Tanker,14.8,"Augusta/Syracuse Offshore Fairway (Sicily, Italy)",Benghazi Commercial Anchorage (Libya),36.421279,15.829862,15.4,139.0,139,0.2,Under way using engine,BENGHAZI,09-09 01:00,Normal,None,Steady commercial transit along mid-Ionian fairway
2026-09-08 03:39:00,211874000,9482104,PACIFIC HORIZON,V2AB4,Crude Oil Tanker,14.8,"Augusta/Syracuse Offshore Fairway (Sicily, Italy)",Benghazi Commercial Anchorage (Libya),36.411678,15.840397,15.4,138.6,139,0.1,Under way using engine,BENGHAZI,09-09 01:00,Normal,None,Steady commercial transit along mid-Ionian fairway
2026-09-08 03:42:00,211874000,9482104,PACIFIC HORIZON,V2AB4,Crude Oil Tanker,14.8,"Augusta/Syracuse Offshore Fairway (Sicily, Italy)",Benghazi Commercial Anchorage (Libya),36.402118,15.850978,15.4,138.2,138,-0.1,Under way using engine,BENGHAZI,09-09 01:00,Normal,None,Steady commercial transit along mid-Ionian fairway
2026-09-08 03:45:00,211874000,9482104,PACIFIC HORIZON,V2AB4,Crude Oil Tanker,14.8,"Augusta/Syracuse Offshore Fairway (Sicily, Italy)",Benghazi Commercial Anchorage (Libya),36.392554,15.861527,15.4,138.0,138,0.0,Under way using engine,BENGHAZI,09-09 01:00,Normal,None,Steady commercial transit along mid-Ionian fairway
2026-09-08 03:48:00,211874000,9482104,PACIFIC HORIZON,V2AB4,Crude Oil Tanker,14.8,"Augusta/Syracuse Offshore Fairway (Sicily, Italy)",Benghazi Commercial Anchorage (Libya),36.38308,15.872198,15.3,138.2,138,-0.1,Under way using engine,BENGHAZI,09-09 01:00,Normal,None,Steady commercial transit along mid-Ionian fairway
2026-09-08 03:51:00,211874000,9482104,PACIFIC HORIZON,V2AB4,Crude Oil Tanker,14.8,"Augusta/Syracuse Offshore Fairway (Sicily, Italy)",Benghazi Commercial Anchorage (Libya),36.373562,15.882851,15.3,138.4,138,0.1,Under way using engine,BENGHAZI,09-09 01:00,Normal,None,Steady commercial transit along mid-Ionian fairway
2026-09-08 03:54:00,211874000,9482104,PACIFIC HORIZON,V2AB4,Crude Oil Tanker,14.8,"Augusta/Syracuse Offshore Fairway (Sicily, Italy)",Benghazi Commercial Anchorage (Libya),36.363994,15.893395,15.3,138.6,139,-0.1,Under way using engine,BENGHAZI,09-09 01:00,Normal,None,Steady commercial transit along mid-Ionian fairway
2026-09-08 03:57:00,211874000,9482104,PACIFIC HORIZON,V2AB4,Crude Oil Tanker,14.8,"Augusta/Syracuse Offshore Fairway (Sicily, Italy)",Benghazi Commercial Anchorage (Libya),36.354412,15.903964,15.4,138.9,139,0.0,Under way using engine,BENGHAZI,09-09 01:00,Normal,None,Steady commercial transit along mid-Ionian fairway
2026-09-08 04:00:00,211874000,9482104,PACIFIC HORIZON,V2AB4,Crude Oil Tanker,14.8,"Augusta/Syracuse Offshore Fairway (Sicily, Italy)",Benghazi Commercial Anchorage (Libya),36.344769,15.914409,15.4,139.2,139,0.1,Under way using engine,BENGHAZI,09-09 01:00,Normal,None,Steady commercial transit along mid-Ionian fairway
2026-09-08 04:03:00,211874000,9482104,PACIFIC HORIZON,V2AB4,Crude Oil Tanker,14.8,"Augusta/Syracuse Offshore Fairway (Sicily, Italy)",Benghazi Commercial Anchorage (Libya),36.335162,15.924925,15.3,138.5,138,-0.0,Under way using engine,BENGHAZI,09-09 01:00,Normal,None,Steady commercial transit along mid-Ionian fairway
2026-09-08 04:06:00,211874000,9482104,PACIFIC HORIZON,V2AB4,Crude Oil Tanker,14.8,"Augusta/Syracuse Offshore Fairway (Sicily, Italy)",Benghazi Commercial Anchorage (Libya),36.325556,15.935452,15.4,138.5,138,0.2,Under way using engine,BENGHAZI,09-09 01:00,Normal,None,Steady commercial transit along mid-Ionian fairway
2026-09-08 04:09:00,211874000,9482104,PACIFIC HORIZON,V2AB4,Crude Oil Tanker,14.8,"Augusta/Syracuse Offshore Fairway (Sicily, Italy)",Benghazi Commercial Anchorage (Libya),36.315934,15.945942,15.4,139.2,139,-0.1,Under way using engine,BENGHAZI,09-09 01:00,Normal,None,Steady commercial transit along mid-Ionian fairway
2026-09-08 04:12:00,211874000,9482104,PACIFIC HORIZON,V2AB4,Crude Oil Tanker,14.8,"Augusta/Syracuse Offshore Fairway (Sicily, Italy)",Benghazi Commercial Anchorage (Libya),36.306312,15.956389,15.4,138.9,139,0.0,Under way using engine,BENGHAZI,09-09 01:00,Normal,None,Steady commercial transit along mid-Ionian fairway
2026-09-08 04:15:00,211874000,9482104,PACIFIC HORIZON,V2AB4,Crude Oil Tanker,14.8,"Augusta/Syracuse Offshore Fairway (Sicily, Italy)",Benghazi Commercial Anchorage (Libya),36.296675,15.966838,15.4,138.7,139,-0.3,Under way using engine,BENGHAZI,09-09 01:00,Normal,None,Steady commercial transit along mid-Ionian fairway
2026-09-08 04:18:00,211874000,9482104,PACIFIC HORIZON,V2AB4,Crude Oil Tanker,14.8,"Augusta/Syracuse Offshore Fairway (Sicily, Italy)",Benghazi Commercial Anchorage (Libya),36.28698,15.977189,15.3,139.7,140,0.1,Under way using engine,BENGHAZI,09-09 01:00,Normal,None,Steady commercial transit along mid-Ionian fairway
2026-09-08 04:21:00,211874000,9482104,PACIFIC HORIZON,V2AB4,Crude Oil Tanker,14.8,"Augusta/Syracuse Offshore Fairway (Sicily, Italy)",Benghazi Commercial Anchorage (Libya),36.277275,15.987558,15.3,139.3,139,0.1,Under way using engine,BENGHAZI,09-09 01:00,Normal,None,Steady commercial transit along mid-Ionian fairway
2026-09-08 04:24:00,211874000,9482104,PACIFIC HORIZON,V2AB4,Crude Oil Tanker,14.8,"Augusta/Syracuse Offshore Fairway (Sicily, Italy)",Benghazi Commercial Anchorage (Libya),36.267671,15.998053,15.4,138.5,138,0.0,Under way using engine,BENGHAZI,09-09 01:00,Normal,None,Steady commercial transit along mid-Ionian fairway
2026-09-08 04:27:00,211874000,9482104,PACIFIC HORIZON,V2AB4,Crude Oil Tanker,14.8,"Augusta/Syracuse Offshore Fairway (Sicily, Italy)",Benghazi Commercial Anchorage (Libya),36.257987,16.008461,15.4,139.8,140,-0.0,Under way using engine,BENGHAZI,09-09 01:00,Normal,None,Steady commercial transit along mid-Ionian fairway
2026-09-08 04:30:00,211874000,9482104,PACIFIC HORIZON,V2AB4,Crude Oil Tanker,14.8,"Augusta/Syracuse Offshore Fairway (Sicily, Italy)",Benghazi Commercial Anchorage (Libya),36.248356,16.01893,15.3,138.7,139,0.1,Under way using engine,BENGHAZI,09-09 01:00,Normal,None,Steady commercial transit along mid-Ionian fairway
2026-09-08 04:33:00,211874000,9482104,PACIFIC HORIZON,V2AB4,Crude Oil Tanker,14.8,"Augusta/Syracuse Offshore Fairway (Sicily, Italy)",Benghazi Commercial Anchorage (Libya),36.238826,16.029528,15.4,138.3,138,0.0,Under way using engine,BENGHAZI,09-09 01:00,Normal,None,Steady commercial transit along mid-Ionian fairway
2026-09-08 04:36:00,211874000,9482104,PACIFIC HORIZON,V2AB4,Crude Oil Tanker,14.8,"Augusta/Syracuse Offshore Fairway (Sicily, Italy)",Benghazi Commercial Anchorage (Libya),36.229315,16.040173,15.3,137.2,137,0.0,Under way using engine,BENGHAZI,09-09 01:00,Normal,None,Steady commercial transit along mid-Ionian fairway
2026-09-08 04:39:00,211874000,9482104,PACIFIC HORIZON,V2AB4,Crude Oil Tanker,14.8,"Augusta/Syracuse Offshore Fairway (Sicily, Italy)",Benghazi Commercial Anchorage (Libya),36.219898,16.050935,15.4,137.5,137,0.1,Under way using engine,BENGHAZI,09-09 01:00,Normal,None,Steady commercial transit along mid-Ionian fairway
2026-09-08 04:42:00,211874000,9482104,PACIFIC HORIZON,V2AB4,Crude Oil Tanker,14.8,"Augusta/Syracuse Offshore Fairway (Sicily, Italy)",Benghazi Commercial Anchorage (Libya),36.210442,16.061637,15.4,137.7,138,-0.2,Under way using engine,BENGHAZI,09-09 01:00,Normal,None,Steady commercial transit along mid-Ionian fairway
2026-09-08 04:45:00,211874000,9482104,PACIFIC HORIZON,V2AB4,Crude Oil Tanker,14.8,"Augusta/Syracuse Offshore Fairway (Sicily, Italy)",Benghazi Commercial Anchorage (Libya),36.200845,16.072154,15.4,139.5,139,0.2,Under way using engine,BENGHAZI,09-09 01:00,Normal,None,Steady commercial transit along mid-Ionian fairway
2026-09-08 04:48:00,211874000,9482104,PACIFIC HORIZON,V2AB4,Crude Oil Tanker,14.8,"Augusta/Syracuse Offshore Fairway (Sicily, Italy)",Benghazi Commercial Anchorage (Libya),36.191074,16.0824,15.3,139.4,139,-0.2,Under way using engine,BENGHAZI,09-09 01:00,Normal,None,Steady commercial transit along mid-Ionian fairway
2026-09-08 04:51:00,211874000,9482104,PACIFIC HORIZON,V2AB4,Crude Oil Tanker,14.8,"Augusta/Syracuse Offshore Fairway (Sicily, Italy)",Benghazi Commercial Anchorage (Libya),36.181346,16.092713,15.4,139.3,139,0.0,Under way using engine,BENGHAZI,09-09 01:00,Normal,None,Steady commercial transit along mid-Ionian fairway
2026-09-08 04:54:00,211874000,9482104,PACIFIC HORIZON,V2AB4,Crude Oil Tanker,14.8,"Augusta/Syracuse Offshore Fairway (Sicily, Italy)",Benghazi Commercial Anchorage (Libya),36.171684,16.10313,15.4,138.8,139,0.0,Under way using engine,BENGHAZI,09-09 01:00,Normal,None,Steady commercial transit along mid-Ionian fairway
2026-09-08 04:57:00,211874000,9482104,PACIFIC HORIZON,V2AB4,Crude Oil Tanker,14.8,"Augusta/Syracuse Offshore Fairway (Sicily, Italy)",Benghazi Commercial Anchorage (Libya),36.162039,16.113552,15.4,139.2,139,0.0,Under way using engine,BENGHAZI,09-09 01:00,Normal,None,Steady commercial transit along mid-Ionian fairway
2026-09-08 05:00:00,211874000,9482104,PACIFIC HORIZON,V2AB4,Crude Oil Tanker,14.8,"Augusta/Syracuse Offshore Fairway (Sicily, Italy)",Benghazi Commercial Anchorage (Libya),36.152345,16.123921,15.4,139.4,139,0.0,Under way using engine,BENGHAZI,09-09 01:00,Normal,None,Steady commercial transit along mid-Ionian fairway
2026-09-08 05:03:00,211874000,9482104,PACIFIC HORIZON,V2AB4,Crude Oil Tanker,14.8,"Augusta/Syracuse Offshore Fairway (Sicily, Italy)",Benghazi Commercial Anchorage (Libya),36.142634,16.13426,15.4,139.4,139,-0.0,Under way using engine,BENGHAZI,09-09 01:00,Normal,None,Steady commercial transit along mid-Ionian fairway
2026-09-08 05:06:00,211874000,9482104,PACIFIC HORIZON,V2AB4,Crude Oil Tanker,14.8,"Augusta/Syracuse Offshore Fairway (Sicily, Italy)",Benghazi Commercial Anchorage (Libya),36.132948,16.144646,15.4,138.9,139,-0.1,Under way using engine,BENGHAZI,09-09 01:00,Normal,None,Steady commercial transit along mid-Ionian fairway
2026-09-08 05:09:00,211874000,9482104,PACIFIC HORIZON,V2AB4,Crude Oil Tanker,14.8,"Augusta/Syracuse Offshore Fairway (Sicily, Italy)",Benghazi Commercial Anchorage (Libya),36.123248,16.15501,15.4,139.6,140,0.1,Under way using engine,BENGHAZI,09-09 01:00,Normal,None,Steady commercial transit along mid-Ionian fairway
2026-09-08 05:12:00,211874000,9482104,PACIFIC HORIZON,V2AB4,Crude Oil Tanker,14.8,"Augusta/Syracuse Offshore Fairway (Sicily, Italy)",Benghazi Commercial Anchorage (Libya),36.11349,16.165266,15.4,139.0,139,-0.2,Under way using engine,BENGHAZI,09-09 01:00,Normal,None,Steady commercial transit along mid-Ionian fairway
2026-09-08 05:15:00,211874000,9482104,PACIFIC HORIZON,V2AB4,Crude Oil Tanker,14.8,"Augusta/Syracuse Offshore Fairway (Sicily, Italy)",Benghazi Commercial Anchorage (Libya),36.103801,16.17562,15.4,139.0,139,0.1,Under way using engine,BENGHAZI,09-09 01:00,Normal,None,Steady commercial transit along mid-Ionian fairway
2026-09-08 05:18:00,211874000,9482104,PACIFIC HORIZON,V2AB4,Crude Oil Tanker,14.8,"Augusta/Syracuse Offshore Fairway (Sicily, Italy)",Benghazi Commercial Anchorage (Libya),36.094165,16.186053,15.3,138.7,139,-0.1,Under way using engine,BENGHAZI,09-09 01:00,Normal,None,Steady commercial transit along mid-Ionian fairway
2026-09-08 05:21:00,211874000,9482104,PACIFIC HORIZON,V2AB4,Crude Oil Tanker,14.8,"Augusta/Syracuse Offshore Fairway (Sicily, Italy)",Benghazi Commercial Anchorage (Libya),36.08453,16.196494,15.3,138.9,139,-0.1,Under way using engine,BENGHAZI,09-09 01:00,Normal,None,Steady commercial transit along mid-Ionian fairway
2026-09-08 05:24:00,211874000,9482104,PACIFIC HORIZON,V2AB4,Crude Oil Tanker,14.8,"Augusta/Syracuse Offshore Fairway (Sicily, Italy)",Benghazi Commercial Anchorage (Libya),36.07492,16.206936,15.4,138.5,138,0.2,Under way using engine,BENGHAZI,09-09 01:00,Normal,None,Steady commercial transit along mid-Ionian fairway
2026-09-08 05:27:00,211874000,9482104,PACIFIC HORIZON,V2AB4,Crude Oil Tanker,14.8,"Augusta/Syracuse Offshore Fairway (Sicily, Italy)",Benghazi Commercial Anchorage (Libya),36.065305,16.217395,15.3,139.0,139,-0.0,Under way using engine,BENGHAZI,09-09 01:00,Normal,None,Steady commercial transit along mid-Ionian fairway
2026-09-08 05:30:00,211874000,9482104,PACIFIC HORIZON,V2AB4,Crude Oil Tanker,14.8,"Augusta/Syracuse Offshore Fairway (Sicily, Italy)",Benghazi Commercial Anchorage (Libya),36.055592,16.227749,15.4,139.2,139,0.1,Under way using engine,BENGHAZI,09-09 01:00,Normal,None,Steady commercial transit along mid-Ionian fairway
2026-09-08 05:33:00,211874000,9482104,PACIFIC HORIZON,V2AB4,Crude Oil Tanker,14.8,"Augusta/Syracuse Offshore Fairway (Sicily, Italy)",Benghazi Commercial Anchorage (Libya),36.045857,16.238064,15.4,139.0,139,-0.0,Under way using engine,BENGHAZI,09-09 01:00,Normal,None,Steady commercial transit along mid-Ionian fairway
2026-09-08 05:36:00,211874000,9482104,PACIFIC HORIZON,V2AB4,Crude Oil Tanker,14.8,"Augusta/Syracuse Offshore Fairway (Sicily, Italy)",Benghazi Commercial Anchorage (Libya),36.036157,16.24844,15.4,139.5,140,-0.2,Under way using engine,BENGHAZI,09-09 01:00,Normal,None,Steady commercial transit along mid-Ionian fairway
2026-09-08 05:39:00,211874000,9482104,PACIFIC HORIZON,V2AB4,Crude Oil Tanker,14.8,"Augusta/Syracuse Offshore Fairway (Sicily, Italy)",Benghazi Commercial Anchorage (Libya),36.026384,16.258724,15.4,139.8,140,0.2,Under way using engine,BENGHAZI,09-09 01:00,Normal,None,Steady commercial transit along mid-Ionian fairway
2026-09-08 05:42:00,211874000,9482104,PACIFIC HORIZON,V2AB4,Crude Oil Tanker,14.8,"Augusta/Syracuse Offshore Fairway (Sicily, Italy)",Benghazi Commercial Anchorage (Libya),36.016669,16.269055,15.3,139.1,139,0.0,Under way using engine,BENGHAZI,09-09 01:00,Normal,None,Steady commercial transit along mid-Ionian fairway
2026-09-08 05:45:00,211874000,9482104,PACIFIC HORIZON,V2AB4,Crude Oil Tanker,14.8,"Augusta/Syracuse Offshore Fairway (Sicily, Italy)",Benghazi Commercial Anchorage (Libya),36.006852,16.279231,15.4,140.1,140,-0.1,Under way using engine,BENGHAZI,09-09 01:00,Normal,None,Steady commercial transit along mid-Ionian fairway
2026-09-08 05:48:00,211874000,9482104,PACIFIC HORIZON,V2AB4,Crude Oil Tanker,14.8,"Augusta/Syracuse Offshore Fairway (Sicily, Italy)",Benghazi Commercial Anchorage (Libya),35.997134,16.289577,15.4,139.0,139,0.0,Under way using engine,BENGHAZI,09-09 01:00,Normal,None,Steady commercial transit along mid-Ionian fairway
2026-09-08 05:51:00,211874000,9482104,PACIFIC HORIZON,V2AB4,Crude Oil Tanker,14.8,"Augusta/Syracuse Offshore Fairway (Sicily, Italy)",Benghazi Commercial Anchorage (Libya),35.987526,16.30006,15.3,138.4,138,0.0,Under way using engine,BENGHAZI,09-09 01:00,Normal,None,Steady commercial transit along mid-Ionian fairway
2026-09-08 05:54:00,211874000,9482104,PACIFIC HORIZON,V2AB4,Crude Oil Tanker,14.8,"Augusta/Syracuse Offshore Fairway (Sicily, Italy)",Benghazi Commercial Anchorage (Libya),35.977906,16.310537,15.4,138.9,139,-0.0,Under way using engine,BENGHAZI,09-09 01:00,Normal,None,Steady commercial transit along mid-Ionian fairway
2026-09-08 05:57:00,211874000,9482104,PACIFIC HORIZON,V2AB4,Crude Oil Tanker,14.8,"Augusta/Syracuse Offshore Fairway (Sicily, Italy)",Benghazi Commercial Anchorage (Libya),35.968193,16.320854,15.4,139.3,139,-0.2,Under way using engine,BENGHAZI,09-09 01:00,Normal,None,Steady commercial transit along mid-Ionian fairway
2026-09-08 06:00:00,211874000,9482104,PACIFIC HORIZON,V2AB4,Crude Oil Tanker,14.8,"Augusta/Syracuse Offshore Fairway (Sicily, Italy)",Benghazi Commercial Anchorage (Libya),35.958478,16.331129,15.3,139.5,140,-0.0,Under way using engine,BENGHAZI,09-09 01:00,Normal,None,Steady commercial transit along mid-Ionian fairway
2026-09-08 06:03:00,211874000,9482104,PACIFIC HORIZON,V2AB4,Crude Oil Tanker,14.8,"Augusta/Syracuse Offshore Fairway (Sicily, Italy)",Benghazi Commercial Anchorage (Libya),35.948787,16.341503,15.4,139.0,139,0.2,Under way using engine,BENGHAZI,09-09 01:00,Normal,None,Steady commercial transit along mid-Ionian fairway
2026-09-08 06:06:00,211874000,9482104,PACIFIC HORIZON,V2AB4,Crude Oil Tanker,14.8,"Augusta/Syracuse Offshore Fairway (Sicily, Italy)",Benghazi Commercial Anchorage (Libya),35.939118,16.351892,15.3,139.3,139,-0.0,Under way using engine,BENGHAZI,09-09 01:00,Normal,None,Steady commercial transit along mid-Ionian fairway
2026-09-08 06:09:00,211874000,9482104,PACIFIC HORIZON,V2AB4,Crude Oil Tanker,14.8,"Augusta/Syracuse Offshore Fairway (Sicily, Italy)",Benghazi Commercial Anchorage (Libya),35.929345,16.362126,15.4,139.6,140,0.1,Under way using engine,BENGHAZI,09-09 01:00,Normal,None,Steady commercial transit along mid-Ionian fairway
2026-09-08 06:12:00,211874000,9482104,PACIFIC HORIZON,V2AB4,Crude Oil Tanker,14.8,"Augusta/Syracuse Offshore Fairway (Sicily, Italy)",Benghazi Commercial Anchorage (Libya),35.919599,16.372402,15.4,139.7,140,0.1,Under way using engine,BENGHAZI,09-09 01:00,Normal,None,Steady commercial transit along mid-Ionian fairway
2026-09-08 06:15:00,211874000,9482104,PACIFIC HORIZON,V2AB4,Crude Oil Tanker,14.8,"Augusta/Syracuse Offshore Fairway (Sicily, Italy)",Benghazi Commercial Anchorage (Libya),35.909826,16.382657,15.4,140.1,140,0.1,Under way using engine,BENGHAZI,09-09 01:00,Normal,None,Steady commercial transit along mid-Ionian fairway
2026-09-08 06:18:00,211874000,9482104,PACIFIC HORIZON,V2AB4,Crude Oil Tanker,14.8,"Augusta/Syracuse Offshore Fairway (Sicily, Italy)",Benghazi Commercial Anchorage (Libya),35.900025,16.392853,15.4,139.5,140,-0.1,Under way using engine,BENGHAZI,09-09 01:00,Normal,None,Steady commercial transit along mid-Ionian fairway
2026-09-08 06:21:00,211874000,9482104,PACIFIC HORIZON,V2AB4,Crude Oil Tanker,14.8,"Augusta/Syracuse Offshore Fairway (Sicily, Italy)",Benghazi Commercial Anchorage (Libya),35.890328,16.403185,15.4,138.9,139,0.0,Under way using engine,BENGHAZI,09-09 01:00,Normal,None,Steady commercial transit along mid-Ionian fairway
2026-09-08 06:24:00,211874000,9482104,PACIFIC HORIZON,V2AB4,Crude Oil Tanker,14.8,"Augusta/Syracuse Offshore Fairway (Sicily, Italy)",Benghazi Commercial Anchorage (Libya),35.880555,16.413424,15.4,140.2,140,-0.0,Under way using engine,BENGHAZI,09-09 01:00,Normal,None,Steady commercial transit along mid-Ionian fairway
2026-09-08 06:27:00,211874000,9482104,PACIFIC HORIZON,V2AB4,Crude Oil Tanker,14.8,"Augusta/Syracuse Offshore Fairway (Sicily, Italy)",Benghazi Commercial Anchorage (Libya),35.870736,16.423621,15.4,140.0,140,0.1,Under way using engine,BENGHAZI,09-09 01:00,Normal,None,Steady commercial transit along mid-Ionian fairway
2026-09-08 06:30:00,211874000,9482104,PACIFIC HORIZON,V2AB4,Crude Oil Tanker,14.8,"Augusta/Syracuse Offshore Fairway (Sicily, Italy)",Benghazi Commercial Anchorage (Libya),35.860869,16.433747,15.4,140.3,140,-0.0,Under way using engine,BENGHAZI,09-09 01:00,Normal,None,Steady commercial transit along mid-Ionian fairway
2026-09-08 06:33:00,211874000,9482104,PACIFIC HORIZON,V2AB4,Crude Oil Tanker,14.8,"Augusta/Syracuse Offshore Fairway (Sicily, Italy)",Benghazi Commercial Anchorage (Libya),35.85101,16.443869,15.4,140.2,140,-0.0,Under way using engine,BENGHAZI,09-09 01:00,Normal,None,Steady commercial transit along mid-Ionian fairway
2026-09-08 06:36:00,211874000,9482104,PACIFIC HORIZON,V2AB4,Crude Oil Tanker,14.8,"Augusta/Syracuse Offshore Fairway (Sicily, Italy)",Benghazi Commercial Anchorage (Libya),35.841244,16.45411,15.4,139.0,139,-0.2,Under way using engine,BENGHAZI,09-09 01:00,Normal,None,Steady commercial transit along mid-Ionian fairway
2026-09-08 06:39:00,211874000,9482104,PACIFIC HORIZON,V2AB4,Crude Oil Tanker,14.8,"Augusta/Syracuse Offshore Fairway (Sicily, Italy)",Benghazi Commercial Anchorage (Libya),35.831525,16.464421,15.4,139.8,140,-0.0,Under way using engine,BENGHAZI,09-09 01:00,Normal,None,Steady commercial transit along mid-Ionian fairway
2026-09-08 06:42:00,211874000,9482104,PACIFIC HORIZON,V2AB4,Crude Oil Tanker,14.8,"Augusta/Syracuse Offshore Fairway (Sicily, Italy)",Benghazi Commercial Anchorage (Libya),35.821678,16.47454,15.4,140.4,141,0.0,Under way using engine,BENGHAZI,09-09 01:00,Normal,None,Steady commercial transit along mid-Ionian fairway
2026-09-08 06:45:00,211874000,9482104,PACIFIC HORIZON,V2AB4,Crude Oil Tanker,14.8,"Augusta/Syracuse Offshore Fairway (Sicily, Italy)",Benghazi Commercial Anchorage (Libya),35.811834,16.484681,15.4,140.4,140,0.1,Under way using engine,BENGHAZI,09-09 01:00,Normal,None,Steady commercial transit along mid-Ionian fairway
2026-09-08 06:48:00,211874000,9482104,PACIFIC HORIZON,V2AB4,Crude Oil Tanker,14.8,"Augusta/Syracuse Offshore Fairway (Sicily, Italy)",Benghazi Commercial Anchorage (Libya),35.802011,16.49484,15.4,139.2,139,-0.2,Under way using engine,BENGHAZI,09-09 01:00,Normal,None,Steady commercial transit along mid-Ionian fairway
2026-09-08 06:51:00,211874000,9482104,PACIFIC HORIZON,V2AB4,Crude Oil Tanker,14.8,"Augusta/Syracuse Offshore Fairway (Sicily, Italy)",Benghazi Commercial Anchorage (Libya),35.792204,16.505065,15.4,140.3,140,0.1,Under way using engine,BENGHAZI,09-09 01:00,Normal,None,Steady commercial transit along mid-Ionian fairway
2026-09-08 06:54:00,211874000,9482104,PACIFIC HORIZON,V2AB4,Crude Oil Tanker,14.8,"Augusta/Syracuse Offshore Fairway (Sicily, Italy)",Benghazi Commercial Anchorage (Libya),35.782441,16.515358,15.4,139.5,140,0.1,Under way using engine,BENGHAZI,09-09 01:00,Normal,None,Steady commercial transit along mid-Ionian fairway
2026-09-08 06:57:00,211874000,9482104,PACIFIC HORIZON,V2AB4,Crude Oil Tanker,14.8,"Augusta/Syracuse Offshore Fairway (Sicily, Italy)",Benghazi Commercial Anchorage (Libya),35.77265,16.525597,15.4,139.6,140,0.1,Under way using engine,BENGHAZI,09-09 01:00,Normal,None,Steady commercial transit along mid-Ionian fairway
2026-09-08 07:00:00,211874000,9482104,PACIFIC HORIZON,V2AB4,Crude Oil Tanker,14.8,"Augusta/Syracuse Offshore Fairway (Sicily, Italy)",Benghazi Commercial Anchorage (Libya),35.76273,16.535621,15.4,140.3,140,-0.1,Under way using engine,BENGHAZI,09-09 01:00,Normal,None,Steady commercial transit along mid-Ionian fairway
2026-09-08 07:03:00,211874000,9482104,PACIFIC HORIZON,V2AB4,Crude Oil Tanker,14.8,"Augusta/Syracuse Offshore Fairway (Sicily, Italy)",Benghazi Commercial Anchorage (Libya),35.752819,16.545675,15.4,140.0,140,0.0,Under way using engine,BENGHAZI,09-09 01:00,Normal,None,Steady commercial transit along mid-Ionian fairway
2026-09-08 07:06:00,211874000,9482104,PACIFIC HORIZON,V2AB4,Crude Oil Tanker,14.8,"Augusta/Syracuse Offshore Fairway (Sicily, Italy)",Benghazi Commercial Anchorage (Libya),35.742969,16.555833,15.4,140.3,140,0.0,Under way using engine,BENGHAZI,09-09 01:00,Normal,None,Steady commercial transit along mid-Ionian fairway
2026-09-08 07:09:00,211874000,9482104,PACIFIC HORIZON,V2AB4,Crude Oil Tanker,14.8,"Augusta/Syracuse Offshore Fairway (Sicily, Italy)",Benghazi Commercial Anchorage (Libya),35.733091,16.565943,15.4,139.9,140,-0.0,Under way using engine,BENGHAZI,09-09 01:00,Normal,None,Steady commercial transit along mid-Ionian fairway
2026-09-08 07:12:00,211874000,9482104,PACIFIC HORIZON,V2AB4,Crude Oil Tanker,14.8,"Augusta/Syracuse Offshore Fairway (Sicily, Italy)",Benghazi Commercial Anchorage (Libya),35.723224,16.576063,15.4,140.3,140,-0.1,Under way using engine,BENGHAZI,09-09 01:00,Normal,None,Steady commercial transit along mid-Ionian fairway
2026-09-08 07:15:00,211874000,9482104,PACIFIC HORIZON,V2AB4,Crude Oil Tanker,14.8,"Augusta/Syracuse Offshore Fairway (Sicily, Italy)",Benghazi Commercial Anchorage (Libya),35.713308,16.586141,15.4,140.6,141,-0.2,Under way using engine,BENGHAZI,09-09 01:00,Normal,None,Steady commercial transit along mid-Ionian fairway
2026-09-08 07:18:00,211874000,9482104,PACIFIC HORIZON,V2AB4,Crude Oil Tanker,14.8,"Augusta/Syracuse Offshore Fairway (Sicily, Italy)",Benghazi Commercial Anchorage (Libya),35.703389,16.596205,15.4,140.3,140,-0.1,Under way using engine,BENGHAZI,09-09 01:00,Normal,None,Steady commercial transit along mid-Ionian fairway
2026-09-08 07:21:00,211874000,9482104,PACIFIC HORIZON,V2AB4,Crude Oil Tanker,14.8,"Augusta/Syracuse Offshore Fairway (Sicily, Italy)",Benghazi Commercial Anchorage (Libya),35.69359,16.606449,15.4,140.2,140,0.3,Under way using engine,BENGHAZI,09-09 01:00,Normal,None,Steady commercial transit along mid-Ionian fairway
2026-09-08 07:24:00,211874000,9482104,PACIFIC HORIZON,V2AB4,Crude Oil Tanker,14.8,"Augusta/Syracuse Offshore Fairway (Sicily, Italy)",Benghazi Commercial Anchorage (Libya),35.683711,16.616594,15.4,140.4,141,0.0,Under way using engine,BENGHAZI,09-09 01:00,Normal,None,Steady commercial transit along mid-Ionian fairway
2026-09-08 07:27:00,211874000,9482104,PACIFIC HORIZON,V2AB4,Crude Oil Tanker,14.8,"Augusta/Syracuse Offshore Fairway (Sicily, Italy)",Benghazi Commercial Anchorage (Libya),35.673789,16.626668,15.4,140.1,140,-0.1,Under way using engine,BENGHAZI,09-09 01:00,Normal,None,Steady commercial transit along mid-Ionian fairway
2026-09-08 07:30:00,211874000,9482104,PACIFIC HORIZON,V2AB4,Crude Oil Tanker,14.8,"Augusta/Syracuse Offshore Fairway (Sicily, Italy)",Benghazi Commercial Anchorage (Libya),35.663922,16.636783,15.4,140.0,140,-0.1,Under way using engine,BENGHAZI,09-09 01:00,Normal,None,Steady commercial transit along mid-Ionian fairway
2026-09-08 07:33:00,211874000,9482104,PACIFIC HORIZON,V2AB4,Crude Oil Tanker,14.8,"Augusta/Syracuse Offshore Fairway (Sicily, Italy)",Benghazi Commercial Anchorage (Libya),35.654102,16.647004,15.4,139.7,140,0.1,Under way using engine,BENGHAZI,09-09 01:00,Normal,None,Steady commercial transit along mid-Ionian fairway
2026-09-08 07:36:00,211874000,9482104,PACIFIC HORIZON,V2AB4,Crude Oil Tanker,14.8,"Augusta/Syracuse Offshore Fairway (Sicily, Italy)",Benghazi Commercial Anchorage (Libya),35.644265,16.657186,15.4,139.6,140,0.2,Under way using engine,BENGHAZI,09-09 01:00,Normal,None,Steady commercial transit along mid-Ionian fairway
2026-09-08 07:39:00,211874000,9482104,PACIFIC HORIZON,V2AB4,Crude Oil Tanker,14.8,"Augusta/Syracuse Offshore Fairway (Sicily, Italy)",Benghazi Commercial Anchorage (Libya),35.634424,16.667357,15.5,138.3,138,-2.6,Under way using engine,BENGHAZI,09-09 01:00,Normal,None,Crossing into Libyan Sea navigation corridor
2026-09-08 07:42:00,211874000,9482104,PACIFIC HORIZON,V2AB4,Crude Oil Tanker,14.8,"Augusta/Syracuse Offshore Fairway (Sicily, Italy)",Benghazi Commercial Anchorage (Libya),35.625073,16.678225,15.5,136.2,136,0.7,Under way using engine,BENGHAZI,09-09 01:00,Normal,None,Crossing into Libyan Sea navigation corridor
2026-09-08 07:45:00,211874000,9482104,PACIFIC HORIZON,V2AB4,Crude Oil Tanker,14.8,"Augusta/Syracuse Offshore Fairway (Sicily, Italy)",Benghazi Commercial Anchorage (Libya),35.615734,16.689101,15.5,136.3,136,-0.0,Under way using engine,BENGHAZI,09-09 01:00,Normal,None,Crossing into Libyan Sea navigation corridor
2026-09-08 07:48:00,211874000,9482104,PACIFIC HORIZON,V2AB4,Crude Oil Tanker,14.8,"Augusta/Syracuse Offshore Fairway (Sicily, Italy)",Benghazi Commercial Anchorage (Libya),35.606216,16.699778,15.5,137.9,138,-0.1,Under way using engine,BENGHAZI,09-09 01:00,Normal,None,Crossing into Libyan Sea navigation corridor
2026-09-08 07:51:00,211874000,9482104,PACIFIC HORIZON,V2AB4,Crude Oil Tanker,14.8,"Augusta/Syracuse Offshore Fairway (Sicily, Italy)",Benghazi Commercial Anchorage (Libya),35.596768,16.7105,15.4,137.0,137,0.1,Under way using engine,BENGHAZI,09-09 01:00,Normal,None,Crossing into Libyan Sea navigation corridor
2026-09-08 07:54:00,211874000,9482104,PACIFIC HORIZON,V2AB4,Crude Oil Tanker,14.8,"Augusta/Syracuse Offshore Fairway (Sicily, Italy)",Benghazi Commercial Anchorage (Libya),35.587269,16.721164,15.5,137.4,137,0.1,Under way using engine,BENGHAZI,09-09 01:00,Normal,None,Crossing into Libyan Sea navigation corridor
2026-09-08 07:57:00,211874000,9482104,PACIFIC HORIZON,V2AB4,Crude Oil Tanker,14.8,"Augusta/Syracuse Offshore Fairway (Sicily, Italy)",Benghazi Commercial Anchorage (Libya),35.577833,16.731887,15.4,137.5,138,0.0,Under way using engine,BENGHAZI,09-09 01:00,Normal,None,Crossing into Libyan Sea navigation corridor
2026-09-08 08:00:00,211874000,9482104,PACIFIC HORIZON,V2AB4,Crude Oil Tanker,14.8,"Augusta/Syracuse Offshore Fairway (Sicily, Italy)",Benghazi Commercial Anchorage (Libya),35.568331,16.742522,15.4,138.1,138,-0.1,Under way using engine,BENGHAZI,09-09 01:00,Normal,None,Crossing into Libyan Sea navigation corridor
2026-09-08 08:03:00,211874000,9482104,PACIFIC HORIZON,V2AB4,Crude Oil Tanker,14.8,"Augusta/Syracuse Offshore Fairway (Sicily, Italy)",Benghazi Commercial Anchorage (Libya),35.558808,16.753132,15.4,137.3,137,0.2,Under way using engine,BENGHAZI,09-09 01:00,Normal,None,Crossing into Libyan Sea navigation corridor
2026-09-08 08:06:00,211874000,9482104,PACIFIC HORIZON,V2AB4,Crude Oil Tanker,14.8,"Augusta/Syracuse Offshore Fairway (Sicily, Italy)",Benghazi Commercial Anchorage (Libya),35.549364,16.763865,15.5,137.3,137,-0.0,Under way using engine,BENGHAZI,09-09 01:00,Normal,None,Crossing into Libyan Sea navigation corridor
2026-09-08 08:09:00,211874000,9482104,PACIFIC HORIZON,V2AB4,Crude Oil Tanker,14.8,"Augusta/Syracuse Offshore Fairway (Sicily, Italy)",Benghazi Commercial Anchorage (Libya),35.53988,16.774558,15.4,137.5,138,0.0,Under way using engine,BENGHAZI,09-09 01:00,Normal,None,Crossing into Libyan Sea navigation corridor
2026-09-08 08:12:00,211874000,9482104,PACIFIC HORIZON,V2AB4,Crude Oil Tanker,14.8,"Augusta/Syracuse Offshore Fairway (Sicily, Italy)",Benghazi Commercial Anchorage (Libya),35.530404,16.785236,15.5,137.3,137,0.1,Under way using engine,BENGHAZI,09-09 01:00,Normal,None,Crossing into Libyan Sea navigation corridor
2026-09-08 08:15:00,211874000,9482104,PACIFIC HORIZON,V2AB4,Crude Oil Tanker,14.8,"Augusta/Syracuse Offshore Fairway (Sicily, Italy)",Benghazi Commercial Anchorage (Libya),35.520929,16.795916,15.4,137.9,138,-0.1,Under way using engine,BENGHAZI,09-09 01:00,Normal,None,Crossing into Libyan Sea navigation corridor
2026-09-08 08:18:00,211874000,9482104,PACIFIC HORIZON,V2AB4,Crude Oil Tanker,14.8,"Augusta/Syracuse Offshore Fairway (Sicily, Italy)",Benghazi Commercial Anchorage (Libya),35.511425,16.806573,15.5,138.4,138,-0.0,Under way using engine,BENGHAZI,09-09 01:00,Normal,None,Crossing into Libyan Sea navigation corridor
2026-09-08 08:21:00,211874000,9482104,PACIFIC HORIZON,V2AB4,Crude Oil Tanker,14.8,"Augusta/Syracuse Offshore Fairway (Sicily, Italy)",Benghazi Commercial Anchorage (Libya),35.501847,16.81716,15.5,137.5,138,-0.0,Under way using engine,BENGHAZI,09-09 01:00,Normal,None,Crossing into Libyan Sea navigation corridor
2026-09-08 08:24:00,211874000,9482104,PACIFIC HORIZON,V2AB4,Crude Oil Tanker,14.8,"Augusta/Syracuse Offshore Fairway (Sicily, Italy)",Benghazi Commercial Anchorage (Libya),35.492348,16.827826,15.5,137.5,138,0.1,Under way using engine,BENGHAZI,09-09 01:00,Normal,None,Crossing into Libyan Sea navigation corridor
2026-09-08 08:27:00,211874000,9482104,PACIFIC HORIZON,V2AB4,Crude Oil Tanker,14.8,"Augusta/Syracuse Offshore Fairway (Sicily, Italy)",Benghazi Commercial Anchorage (Libya),35.482722,16.838342,15.5,138.7,139,0.2,Under way using engine,BENGHAZI,09-09 01:00,Normal,None,Crossing into Libyan Sea navigation corridor
2026-09-08 08:30:00,211874000,9482104,PACIFIC HORIZON,V2AB4,Crude Oil Tanker,14.8,"Augusta/Syracuse Offshore Fairway (Sicily, Italy)",Benghazi Commercial Anchorage (Libya),35.473008,16.848717,15.4,139.2,139,-0.2,Under way using engine,BENGHAZI,09-09 01:00,Normal,None,Crossing into Libyan Sea navigation corridor
2026-09-08 08:33:00,211874000,9482104,PACIFIC HORIZON,V2AB4,Crude Oil Tanker,14.8,"Augusta/Syracuse Offshore Fairway (Sicily, Italy)",Benghazi Commercial Anchorage (Libya),35.463381,16.859223,15.4,138.1,138,0.1,Under way using engine,BENGHAZI,09-09 01:00,Normal,None,Crossing into Libyan Sea navigation corridor
2026-09-08 08:36:00,211874000,9482104,PACIFIC HORIZON,V2AB4,Crude Oil Tanker,14.8,"Augusta/Syracuse Offshore Fairway (Sicily, Italy)",Benghazi Commercial Anchorage (Libya),35.453778,16.869738,15.5,137.9,138,0.1,Under way using engine,BENGHAZI,09-09 01:00,Normal,None,Crossing into Libyan Sea navigation corridor
2026-09-08 08:39:00,211874000,9482104,PACIFIC HORIZON,V2AB4,Crude Oil Tanker,14.8,"Augusta/Syracuse Offshore Fairway (Sicily, Italy)",Benghazi Commercial Anchorage (Libya),35.444269,16.880376,15.4,138.0,138,-0.1,Under way using engine,BENGHAZI,09-09 01:00,Normal,None,Crossing into Libyan Sea navigation corridor
2026-09-08 08:42:00,211874000,9482104,PACIFIC HORIZON,V2AB4,Crude Oil Tanker,14.8,"Augusta/Syracuse Offshore Fairway (Sicily, Italy)",Benghazi Commercial Anchorage (Libya),35.434674,16.890921,15.5,138.2,138,-0.0,Under way using engine,BENGHAZI,09-09 01:00,Normal,None,Crossing into Libyan Sea navigation corridor
2026-09-08 08:45:00,211874000,9482104,PACIFIC HORIZON,V2AB4,Crude Oil Tanker,14.8,"Augusta/Syracuse Offshore Fairway (Sicily, Italy)",Benghazi Commercial Anchorage (Libya),35.425192,16.901607,15.5,137.0,137,-0.1,Under way using engine,BENGHAZI,09-09 01:00,Normal,None,Crossing into Libyan Sea navigation corridor
2026-09-08 08:48:00,211874000,9482104,PACIFIC HORIZON,V2AB4,Crude Oil Tanker,14.8,"Augusta/Syracuse Offshore Fairway (Sicily, Italy)",Benghazi Commercial Anchorage (Libya),35.415776,16.912413,15.4,137.3,137,0.2,Under way using engine,BENGHAZI,09-09 01:00,Normal,None,Crossing into Libyan Sea navigation corridor
2026-09-08 08:51:00,211874000,9482104,PACIFIC HORIZON,V2AB4,Crude Oil Tanker,14.8,"Augusta/Syracuse Offshore Fairway (Sicily, Italy)",Benghazi Commercial Anchorage (Libya),35.406329,16.923142,15.4,137.7,138,0.1,Under way using engine,BENGHAZI,09-09 01:00,Normal,None,Crossing into Libyan Sea navigation corridor
2026-09-08 08:54:00,211874000,9482104,PACIFIC HORIZON,V2AB4,Crude Oil Tanker,14.8,"Augusta/Syracuse Offshore Fairway (Sicily, Italy)",Benghazi Commercial Anchorage (Libya),35.396831,16.933849,15.4,136.8,137,-0.1,Under way using engine,BENGHAZI,09-09 01:00,Normal,None,Crossing into Libyan Sea navigation corridor
2026-09-08 08:57:00,211874000,9482104,PACIFIC HORIZON,V2AB4,Crude Oil Tanker,14.8,"Augusta/Syracuse Offshore Fairway (Sicily, Italy)",Benghazi Commercial Anchorage (Libya),35.387441,16.944678,15.5,137.2,137,-0.1,Under way using engine,BENGHAZI,09-09 01:00,Normal,None,Crossing into Libyan Sea navigation corridor
2026-09-08 09:00:00,211874000,9482104,PACIFIC HORIZON,V2AB4,Crude Oil Tanker,14.8,"Augusta/Syracuse Offshore Fairway (Sicily, Italy)",Benghazi Commercial Anchorage (Libya),35.378038,16.955474,15.5,136.8,137,0.2,Under way using engine,BENGHAZI,09-09 01:00,Normal,None,Crossing into Libyan Sea navigation corridor
2026-09-08 09:03:00,211874000,9482104,PACIFIC HORIZON,V2AB4,Crude Oil Tanker,14.8,"Augusta/Syracuse Offshore Fairway (Sicily, Italy)",Benghazi Commercial Anchorage (Libya),35.368582,16.966198,15.4,137.7,138,-0.0,Under way using engine,BENGHAZI,09-09 01:00,Normal,None,Crossing into Libyan Sea navigation corridor
2026-09-08 09:06:00,211874000,9482104,PACIFIC HORIZON,V2AB4,Crude Oil Tanker,14.8,"Augusta/Syracuse Offshore Fairway (Sicily, Italy)",Benghazi Commercial Anchorage (Libya),35.359037,16.976871,15.6,137.8,138,-0.0,Under way using engine,BENGHAZI,09-09 01:00,Normal,None,Crossing into Libyan Sea navigation corridor
2026-09-08 09:09:00,211874000,9482104,PACIFIC HORIZON,V2AB4,Crude Oil Tanker,14.8,"Augusta/Syracuse Offshore Fairway (Sicily, Italy)",Benghazi Commercial Anchorage (Libya),35.349539,16.987571,15.5,137.2,137,-0.1,Under way using engine,BENGHAZI,09-09 01:00,Normal,None,Crossing into Libyan Sea navigation corridor
2026-09-08 09:12:00,211874000,9482104,PACIFIC HORIZON,V2AB4,Crude Oil Tanker,14.8,"Augusta/Syracuse Offshore Fairway (Sicily, Italy)",Benghazi Commercial Anchorage (Libya),35.339976,16.998184,15.5,137.9,138,-0.1,Under way using engine,BENGHAZI,09-09 01:00,Normal,None,Crossing into Libyan Sea navigation corridor
2026-09-08 09:15:00,211874000,9482104,PACIFIC HORIZON,V2AB4,Crude Oil Tanker,14.8,"Augusta/Syracuse Offshore Fairway (Sicily, Italy)",Benghazi Commercial Anchorage (Libya),35.330394,17.00877,15.5,137.5,138,-0.1,Under way using engine,BENGHAZI,09-09 01:00,Normal,None,Crossing into Libyan Sea navigation corridor
2026-09-08 09:18:00,211874000,9482104,PACIFIC HORIZON,V2AB4,Crude Oil Tanker,14.8,"Augusta/Syracuse Offshore Fairway (Sicily, Italy)",Benghazi Commercial Anchorage (Libya),35.320834,17.019376,15.5,138.3,138,0.1,Under way using engine,BENGHAZI,09-09 01:00,Normal,None,Crossing into Libyan Sea navigation corridor
2026-09-08 09:21:00,211874000,9482104,PACIFIC HORIZON,V2AB4,Crude Oil Tanker,14.8,"Augusta/Syracuse Offshore Fairway (Sicily, Italy)",Benghazi Commercial Anchorage (Libya),35.311219,17.029905,15.4,138.2,138,-0.0,Under way using engine,BENGHAZI,09-09 01:00,Normal,None,Crossing into Libyan Sea navigation corridor
2026-09-08 09:24:00,211874000,9482104,PACIFIC HORIZON,V2AB4,Crude Oil Tanker,14.8,"Augusta/Syracuse Offshore Fairway (Sicily, Italy)",Benghazi Commercial Anchorage (Libya),35.301668,17.04052,15.5,137.6,138,-0.0,Under way using engine,BENGHAZI,09-09 01:00,Normal,None,Crossing into Libyan Sea navigation corridor
2026-09-08 09:27:00,211874000,9482104,PACIFIC HORIZON,V2AB4,Crude Oil Tanker,14.8,"Augusta/Syracuse Offshore Fairway (Sicily, Italy)",Benghazi Commercial Anchorage (Libya),35.292128,17.051154,15.5,137.8,138,0.2,Under way using engine,BENGHAZI,09-09 01:00,Normal,None,Crossing into Libyan Sea navigation corridor
2026-09-08 09:30:00,211874000,9482104,PACIFIC HORIZON,V2AB4,Crude Oil Tanker,14.8,"Augusta/Syracuse Offshore Fairway (Sicily, Italy)",Benghazi Commercial Anchorage (Libya),35.282511,17.061654,15.5,138.2,138,-0.2,Under way using engine,BENGHAZI,09-09 01:00,Normal,None,Crossing into Libyan Sea navigation corridor
2026-09-08 09:33:00,211874000,9482104,PACIFIC HORIZON,V2AB4,Crude Oil Tanker,14.8,"Augusta/Syracuse Offshore Fairway (Sicily, Italy)",Benghazi Commercial Anchorage (Libya),35.272873,17.07216,15.5,138.8,139,0.0,Under way using engine,BENGHAZI,09-09 01:00,Normal,None,Crossing into Libyan Sea navigation corridor
2026-09-08 09:36:00,211874000,9482104,PACIFIC HORIZON,V2AB4,Crude Oil Tanker,14.8,"Augusta/Syracuse Offshore Fairway (Sicily, Italy)",Benghazi Commercial Anchorage (Libya),35.263223,17.082663,15.5,138.3,138,0.1,Under way using engine,BENGHAZI,09-09 01:00,Normal,None,Crossing into Libyan Sea navigation corridor
2026-09-08 09:39:00,211874000,9482104,PACIFIC HORIZON,V2AB4,Crude Oil Tanker,14.8,"Augusta/Syracuse Offshore Fairway (Sicily, Italy)",Benghazi Commercial Anchorage (Libya),35.253595,17.09318,15.5,138.0,138,-0.1,Under way using engine,BENGHAZI,09-09 01:00,Normal,None,Crossing into Libyan Sea navigation corridor
2026-09-08 09:42:00,211874000,9482104,PACIFIC HORIZON,V2AB4,Crude Oil Tanker,14.8,"Augusta/Syracuse Offshore Fairway (Sicily, Italy)",Benghazi Commercial Anchorage (Libya),35.243891,17.103611,15.4,138.6,139,-0.0,Under way using engine,BENGHAZI,09-09 01:00,Normal,None,Crossing into Libyan Sea navigation corridor
2026-09-08 09:45:00,211874000,9482104,PACIFIC HORIZON,V2AB4,Crude Oil Tanker,14.8,"Augusta/Syracuse Offshore Fairway (Sicily, Italy)",Benghazi Commercial Anchorage (Libya),35.234216,17.11406,15.5,138.7,139,0.3,Under way using engine,BENGHAZI,09-09 01:00,Normal,None,Crossing into Libyan Sea navigation corridor
2026-09-08 09:48:00,211874000,9482104,PACIFIC HORIZON,V2AB4,Crude Oil Tanker,14.8,"Augusta/Syracuse Offshore Fairway (Sicily, Italy)",Benghazi Commercial Anchorage (Libya),35.22454,17.124505,15.5,138.3,138,-0.1,Under way using engine,BENGHAZI,09-09 01:00,Normal,None,Crossing into Libyan Sea navigation corridor
2026-09-08 09:51:00,211874000,9482104,PACIFIC HORIZON,V2AB4,Crude Oil Tanker,14.8,"Augusta/Syracuse Offshore Fairway (Sicily, Italy)",Benghazi Commercial Anchorage (Libya),35.214975,17.135147,15.5,138.1,138,0.2,Under way using engine,BENGHAZI,09-09 01:00,Normal,None,Crossing into Libyan Sea navigation corridor
2026-09-08 09:54:00,211874000,9482104,PACIFIC HORIZON,V2AB4,Crude Oil Tanker,14.8,"Augusta/Syracuse Offshore Fairway (Sicily, Italy)",Benghazi Commercial Anchorage (Libya),35.205394,17.145731,15.5,137.3,137,0.1,Under way using engine,BENGHAZI,09-09 01:00,Normal,None,Crossing into Libyan Sea navigation corridor
2026-09-08 09:57:00,211874000,9482104,PACIFIC HORIZON,V2AB4,Crude Oil Tanker,14.8,"Augusta/Syracuse Offshore Fairway (Sicily, Italy)",Benghazi Commercial Anchorage (Libya),35.195814,17.156277,15.4,138.7,139,-0.1,Under way using engine,BENGHAZI,09-09 01:00,Normal,None,Crossing into Libyan Sea navigation corridor
2026-09-08 10:00:00,211874000,9482104,PACIFIC HORIZON,V2AB4,Crude Oil Tanker,14.8,"Augusta/Syracuse Offshore Fairway (Sicily, Italy)",Benghazi Commercial Anchorage (Libya),35.186101,17.166685,15.5,138.3,138,0.0,Under way using engine,BENGHAZI,09-09 01:00,Normal,None,Crossing into Libyan Sea navigation corridor
2026-09-08 10:03:00,211874000,9482104,PACIFIC HORIZON,V2AB4,Crude Oil Tanker,14.8,"Augusta/Syracuse Offshore Fairway (Sicily, Italy)",Benghazi Commercial Anchorage (Libya),35.176452,17.177171,15.5,138.5,139,0.1,Under way using engine,BENGHAZI,09-09 01:00,Normal,None,Crossing into Libyan Sea navigation corridor
2026-09-08 10:06:00,211874000,9482104,PACIFIC HORIZON,V2AB4,Crude Oil Tanker,14.8,"Augusta/Syracuse Offshore Fairway (Sicily, Italy)",Benghazi Commercial Anchorage (Libya),35.166834,17.187736,15.5,137.8,138,-0.0,Under way using engine,BENGHAZI,09-09 01:00,Normal,None,Crossing into Libyan Sea navigation corridor
2026-09-08 10:09:00,211874000,9482104,PACIFIC HORIZON,V2AB4,Crude Oil Tanker,14.8,"Augusta/Syracuse Offshore Fairway (Sicily, Italy)",Benghazi Commercial Anchorage (Libya),35.157192,17.198278,15.5,138.6,139,0.0,Under way using engine,BENGHAZI,09-09 01:00,Normal,None,Crossing into Libyan Sea navigation corridor
2026-09-08 10:12:00,211874000,9482104,PACIFIC HORIZON,V2AB4,Crude Oil Tanker,14.8,"Augusta/Syracuse Offshore Fairway (Sicily, Italy)",Benghazi Commercial Anchorage (Libya),35.147463,17.208676,15.5,139.5,140,0.1,Under way using engine,BENGHAZI,09-09 01:00,Normal,None,Crossing into Libyan Sea navigation corridor
2026-09-08 10:15:00,211874000,9482104,PACIFIC HORIZON,V2AB4,Crude Oil Tanker,14.8,"Augusta/Syracuse Offshore Fairway (Sicily, Italy)",Benghazi Commercial Anchorage (Libya),35.137717,17.21904,15.5,138.3,138,-0.1,Under way using engine,BENGHAZI,09-09 01:00,Normal,None,Crossing into Libyan Sea navigation corridor
2026-09-08 10:18:00,211874000,9482104,PACIFIC HORIZON,V2AB4,Crude Oil Tanker,14.8,"Augusta/Syracuse Offshore Fairway (Sicily, Italy)",Benghazi Commercial Anchorage (Libya),35.128098,17.229565,15.5,137.7,138,0.0,Under way using engine,BENGHAZI,09-09 01:00,Normal,None,Crossing into Libyan Sea navigation corridor
2026-09-08 10:21:00,211874000,9482104,PACIFIC HORIZON,V2AB4,Crude Oil Tanker,14.8,"Augusta/Syracuse Offshore Fairway (Sicily, Italy)",Benghazi Commercial Anchorage (Libya),35.118493,17.240124,15.5,137.8,138,0.1,Under way using engine,BENGHAZI,09-09 01:00,Normal,None,Crossing into Libyan Sea navigation corridor
2026-09-08 10:24:00,211874000,9482104,PACIFIC HORIZON,V2AB4,Crude Oil Tanker,14.8,"Augusta/Syracuse Offshore Fairway (Sicily, Italy)",Benghazi Commercial Anchorage (Libya),35.108904,17.25074,15.5,138.1,138,0.1,Under way using engine,BENGHAZI,09-09 01:00,Normal,None,Crossing into Libyan Sea navigation corridor
2026-09-08 10:27:00,211874000,9482104,PACIFIC HORIZON,V2AB4,Crude Oil Tanker,14.8,"Augusta/Syracuse Offshore Fairway (Sicily, Italy)",Benghazi Commercial Anchorage (Libya),35.099221,17.261196,15.5,138.7,139,0.2,Under way using engine,BENGHAZI,09-09 01:00,Normal,None,Crossing into Libyan Sea navigation corridor
2026-09-08 10:30:00,211874000,9482104,PACIFIC HORIZON,V2AB4,Crude Oil Tanker,14.8,"Augusta/Syracuse Offshore Fairway (Sicily, Italy)",Benghazi Commercial Anchorage (Libya),35.089448,17.271514,15.5,139.1,139,-0.1,Under way using engine,BENGHAZI,09-09 01:00,Normal,None,Crossing into Libyan Sea navigation corridor
2026-09-08 10:33:00,211874000,9482104,PACIFIC HORIZON,V2AB4,Crude Oil Tanker,14.8,"Augusta/Syracuse Offshore Fairway (Sicily, Italy)",Benghazi Commercial Anchorage (Libya),35.079671,17.281853,15.5,139.3,139,0.0,Under way using engine,BENGHAZI,09-09 01:00,Normal,None,Crossing into Libyan Sea navigation corridor
2026-09-08 10:36:00,211874000,9482104,PACIFIC HORIZON,V2AB4,Crude Oil Tanker,14.8,"Augusta/Syracuse Offshore Fairway (Sicily, Italy)",Benghazi Commercial Anchorage (Libya),35.069955,17.292279,15.5,138.7,139,0.0,Under way using engine,BENGHAZI,09-09 01:00,Normal,None,Crossing into Libyan Sea navigation corridor
2026-09-08 10:39:00,211874000,9482104,PACIFIC HORIZON,V2AB4,Crude Oil Tanker,14.8,"Augusta/Syracuse Offshore Fairway (Sicily, Italy)",Benghazi Commercial Anchorage (Libya),35.060299,17.302764,15.5,138.3,138,-0.1,Under way using engine,BENGHAZI,09-09 01:00,Normal,None,Crossing into Libyan Sea navigation corridor
2026-09-08 10:42:00,211874000,9482104,PACIFIC HORIZON,V2AB4,Crude Oil Tanker,14.8,"Augusta/Syracuse Offshore Fairway (Sicily, Italy)",Benghazi Commercial Anchorage (Libya),35.050617,17.313203,15.5,138.6,139,-0.1,Under way using engine,BENGHAZI,09-09 01:00,Normal,None,Crossing into Libyan Sea navigation corridor
2026-09-08 10:45:00,211874000,9482104,PACIFIC HORIZON,V2AB4,Crude Oil Tanker,14.8,"Augusta/Syracuse Offshore Fairway (Sicily, Italy)",Benghazi Commercial Anchorage (Libya),35.040944,17.323672,15.5,138.8,139,0.1,Under way using engine,BENGHAZI,09-09 01:00,Normal,None,Crossing into Libyan Sea navigation corridor
2026-09-08 10:48:00,211874000,9482104,PACIFIC HORIZON,V2AB4,Crude Oil Tanker,14.8,"Augusta/Syracuse Offshore Fairway (Sicily, Italy)",Benghazi Commercial Anchorage (Libya),35.03137,17.334292,15.6,137.3,137,0.0,Under way using engine,BENGHAZI,09-09 01:00,Normal,None,Crossing into Libyan Sea navigation corridor
2026-09-08 10:51:00,211874000,9482104,PACIFIC HORIZON,V2AB4,Crude Oil Tanker,14.8,"Augusta/Syracuse Offshore Fairway (Sicily, Italy)",Benghazi Commercial Anchorage (Libya),35.021796,17.344906,15.6,138.2,138,-0.0,Under way using engine,BENGHAZI,09-09 01:00,Normal,None,Crossing into Libyan Sea navigation corridor
2026-09-08 10:54:00,211874000,9482104,PACIFIC HORIZON,V2AB4,Crude Oil Tanker,14.8,"Augusta/Syracuse Offshore Fairway (Sicily, Italy)",Benghazi Commercial Anchorage (Libya),35.012161,17.355453,15.5,137.6,138,0.1,Under way using engine,BENGHAZI,09-09 01:00,Normal,None,Crossing into Libyan Sea navigation corridor
2026-09-08 10:57:00,211874000,9482104,PACIFIC HORIZON,V2AB4,Crude Oil Tanker,14.8,"Augusta/Syracuse Offshore Fairway (Sicily, Italy)",Benghazi Commercial Anchorage (Libya),35.002555,17.366036,15.6,138.2,138,0.1,Under way using engine,BENGHAZI,09-09 01:00,Normal,None,Crossing into Libyan Sea navigation corridor
2026-09-08 11:00:00,211874000,9482104,PACIFIC HORIZON,V2AB4,Crude Oil Tanker,14.8,"Augusta/Syracuse Offshore Fairway (Sicily, Italy)",Benghazi Commercial Anchorage (Libya),34.992852,17.376472,15.5,139.1,139,0.1,Under way using engine,BENGHAZI,09-09 01:00,Normal,None,Crossing into Libyan Sea navigation corridor
2026-09-08 11:03:00,211874000,9482104,PACIFIC HORIZON,V2AB4,Crude Oil Tanker,14.8,"Augusta/Syracuse Offshore Fairway (Sicily, Italy)",Benghazi Commercial Anchorage (Libya),34.983178,17.386945,15.5,138.4,138,-0.1,Under way using engine,BENGHAZI,09-09 01:00,Normal,None,Crossing into Libyan Sea navigation corridor
2026-09-08 11:06:00,211874000,9482104,PACIFIC HORIZON,V2AB4,Crude Oil Tanker,14.8,"Augusta/Syracuse Offshore Fairway (Sicily, Italy)",Benghazi Commercial Anchorage (Libya),34.973452,17.397395,15.6,138.8,139,0.1,Under way using engine,BENGHAZI,09-09 01:00,Normal,None,Crossing into Libyan Sea navigation corridor
2026-09-08 11:09:00,211874000,9482104,PACIFIC HORIZON,V2AB4,Crude Oil Tanker,14.8,"Augusta/Syracuse Offshore Fairway (Sicily, Italy)",Benghazi Commercial Anchorage (Libya),34.963753,17.407822,15.5,138.5,139,0.0,Under way using engine,BENGHAZI,09-09 01:00,Normal,None,Crossing into Libyan Sea navigation corridor
2026-09-08 11:12:00,211874000,9482104,PACIFIC HORIZON,V2AB4,Crude Oil Tanker,14.8,"Augusta/Syracuse Offshore Fairway (Sicily, Italy)",Benghazi Commercial Anchorage (Libya),34.954076,17.418289,15.5,138.2,138,0.0,Under way using engine,BENGHAZI,09-09 01:00,Normal,None,Crossing into Libyan Sea navigation corridor
2026-09-08 11:15:00,211874000,9482104,PACIFIC HORIZON,V2AB4,Crude Oil Tanker,14.8,"Augusta/Syracuse Offshore Fairway (Sicily, Italy)",Benghazi Commercial Anchorage (Libya),34.944352,17.428722,15.5,139.1,139,0.1,Under way using engine,BENGHAZI,09-09 01:00,Normal,None,Crossing into Libyan Sea navigation corridor
2026-09-08 11:18:00,211874000,9482104,PACIFIC HORIZON,V2AB4,Crude Oil Tanker,14.8,"Augusta/Syracuse Offshore Fairway (Sicily, Italy)",Benghazi Commercial Anchorage (Libya),34.934497,17.438937,15.5,139.9,140,-0.2,Under way using engine,BENGHAZI,09-09 01:00,Normal,None,Crossing into Libyan Sea navigation corridor
2026-09-08 11:21:00,211874000,9482104,PACIFIC HORIZON,V2AB4,Crude Oil Tanker,14.8,"Augusta/Syracuse Offshore Fairway (Sicily, Italy)",Benghazi Commercial Anchorage (Libya),34.924666,17.449196,15.5,139.1,139,0.0,Under way using engine,BENGHAZI,09-09 01:00,Normal,None,Crossing into Libyan Sea navigation corridor
2026-09-08 11:24:00,211874000,9482104,PACIFIC HORIZON,V2AB4,Crude Oil Tanker,14.8,"Augusta/Syracuse Offshore Fairway (Sicily, Italy)",Benghazi Commercial Anchorage (Libya),34.914847,17.459484,15.5,138.8,139,0.0,Under way using engine,BENGHAZI,09-09 01:00,Normal,None,Crossing into Libyan Sea navigation corridor
2026-09-08 11:27:00,211874000,9482104,PACIFIC HORIZON,V2AB4,Crude Oil Tanker,14.8,"Augusta/Syracuse Offshore Fairway (Sicily, Italy)",Benghazi Commercial Anchorage (Libya),34.905048,17.469819,15.5,139.5,140,-0.1,Under way using engine,BENGHAZI,09-09 01:00,Normal,None,Crossing into Libyan Sea navigation corridor
2026-09-08 11:30:00,211874000,9482104,PACIFIC HORIZON,V2AB4,Crude Oil Tanker,14.8,"Augusta/Syracuse Offshore Fairway (Sicily, Italy)",Benghazi Commercial Anchorage (Libya),34.895298,17.480194,15.5,138.9,139,0.0,Under way using engine,BENGHAZI,09-09 01:00,Normal,None,Crossing into Libyan Sea navigation corridor
2026-09-08 11:33:00,211874000,9482104,PACIFIC HORIZON,V2AB4,Crude Oil Tanker,14.8,"Augusta/Syracuse Offshore Fairway (Sicily, Italy)",Benghazi Commercial Anchorage (Libya),34.885578,17.490596,15.5,138.3,138,-0.1,Under way using engine,BENGHAZI,09-09 01:00,Normal,None,Crossing into Libyan Sea navigation corridor
2026-09-08 11:36:00,211874000,9482104,PACIFIC HORIZON,V2AB4,Crude Oil Tanker,14.8,"Augusta/Syracuse Offshore Fairway (Sicily, Italy)",Benghazi Commercial Anchorage (Libya),34.875921,17.501084,15.5,138.4,138,0.0,Under way using engine,BENGHAZI,09-09 01:00,Normal,None,Crossing into Libyan Sea navigation corridor
2026-09-08 11:39:00,211874000,9482104,PACIFIC HORIZON,V2AB4,Crude Oil Tanker,14.8,"Augusta/Syracuse Offshore Fairway (Sicily, Italy)",Benghazi Commercial Anchorage (Libya),34.866288,17.511574,15.5,137.7,138,-0.1,Under way using engine,BENGHAZI,09-09 01:00,Normal,None,Crossing into Libyan Sea navigation corridor
2026-09-08 11:42:00,211874000,9482104,PACIFIC HORIZON,V2AB4,Crude Oil Tanker,14.8,"Augusta/Syracuse Offshore Fairway (Sicily, Italy)",Benghazi Commercial Anchorage (Libya),34.856619,17.522081,15.6,138.5,138,-0.0,Under way using engine,BENGHAZI,09-09 01:00,Normal,None,Crossing into Libyan Sea navigation corridor
2026-09-08 11:45:00,211874000,9482104,PACIFIC HORIZON,V2AB4,Crude Oil Tanker,14.8,"Augusta/Syracuse Offshore Fairway (Sicily, Italy)",Benghazi Commercial Anchorage (Libya),34.846942,17.532558,15.5,138.1,138,0.0,Under way using engine,BENGHAZI,09-09 01:00,Normal,None,Crossing into Libyan Sea navigation corridor
2026-09-08 11:48:00,211874000,9482104,PACIFIC HORIZON,V2AB4,Crude Oil Tanker,14.8,"Augusta/Syracuse Offshore Fairway (Sicily, Italy)",Benghazi Commercial Anchorage (Libya),34.837264,17.543019,15.5,138.5,138,0.0,Under way using engine,BENGHAZI,09-09 01:00,Normal,None,Crossing into Libyan Sea navigation corridor
2026-09-08 11:51:00,211874000,9482104,PACIFIC HORIZON,V2AB4,Crude Oil Tanker,14.8,"Augusta/Syracuse Offshore Fairway (Sicily, Italy)",Benghazi Commercial Anchorage (Libya),34.827471,17.553358,15.6,139.6,140,-0.1,Under way using engine,BENGHAZI,09-09 01:00,Normal,None,Crossing into Libyan Sea navigation corridor
2026-09-08 11:54:00,211874000,9482104,PACIFIC HORIZON,V2AB4,Crude Oil Tanker,14.8,"Augusta/Syracuse Offshore Fairway (Sicily, Italy)",Benghazi Commercial Anchorage (Libya),34.817667,17.56364,15.5,138.7,139,0.2,Under way using engine,BENGHAZI,09-09 01:00,Normal,None,Crossing into Libyan Sea navigation corridor
2026-09-08 11:57:00,211874000,9482104,PACIFIC HORIZON,V2AB4,Crude Oil Tanker,14.8,"Augusta/Syracuse Offshore Fairway (Sicily, Italy)",Benghazi Commercial Anchorage (Libya),34.807916,17.574016,15.5,138.7,139,0.1,Under way using engine,BENGHAZI,09-09 01:00,Normal,None,Crossing into Libyan Sea navigation corridor
2026-09-08 12:00:00,211874000,9482104,PACIFIC HORIZON,V2AB4,Crude Oil Tanker,14.8,"Augusta/Syracuse Offshore Fairway (Sicily, Italy)",Benghazi Commercial Anchorage (Libya),34.7982,17.58443,15.5,138.9,139,-0.0,Under way using engine,BENGHAZI,09-09 01:00,Normal,None,Crossing into Libyan Sea navigation corridor
2026-09-08 12:03:00,211874000,9482104,PACIFIC HORIZON,V2AB4,Crude Oil Tanker,14.8,"Augusta/Syracuse Offshore Fairway (Sicily, Italy)",Benghazi Commercial Anchorage (Libya),34.788434,17.594764,15.5,139.2,139,-0.0,Under way using engine,BENGHAZI,09-09 01:00,Normal,None,Crossing into Libyan Sea navigation corridor
2026-09-08 12:06:00,211874000,9482104,PACIFIC HORIZON,V2AB4,Crude Oil Tanker,14.8,"Augusta/Syracuse Offshore Fairway (Sicily, Italy)",Benghazi Commercial Anchorage (Libya),34.778549,17.604946,15.5,139.8,140,-0.0,Under way using engine,BENGHAZI,09-09 01:00,Normal,None,Crossing into Libyan Sea navigation corridor
2026-09-08 12:09:00,211874000,9482104,PACIFIC HORIZON,V2AB4,Crude Oil Tanker,14.8,"Augusta/Syracuse Offshore Fairway (Sicily, Italy)",Benghazi Commercial Anchorage (Libya),34.768742,17.615218,15.5,138.6,139,0.0,Under way using engine,BENGHAZI,09-09 01:00,Normal,None,Crossing into Libyan Sea navigation corridor
2026-09-08 12:12:00,211874000,9482104,PACIFIC HORIZON,V2AB4,Crude Oil Tanker,14.8,"Augusta/Syracuse Offshore Fairway (Sicily, Italy)",Benghazi Commercial Anchorage (Libya),34.758979,17.625555,15.5,138.8,139,0.0,Under way using engine,BENGHAZI,09-09 01:00,Normal,None,Crossing into Libyan Sea navigation corridor
2026-09-08 12:15:00,211874000,9482104,PACIFIC HORIZON,V2AB4,Crude Oil Tanker,14.8,"Augusta/Syracuse Offshore Fairway (Sicily, Italy)",Benghazi Commercial Anchorage (Libya),34.749291,17.635999,15.5,139.0,139,0.2,Under way using engine,BENGHAZI,09-09 01:00,Normal,None,Crossing into Libyan Sea navigation corridor
2026-09-08 12:18:00,211874000,9482104,PACIFIC HORIZON,V2AB4,Crude Oil Tanker,14.8,"Augusta/Syracuse Offshore Fairway (Sicily, Italy)",Benghazi Commercial Anchorage (Libya),34.739454,17.646251,15.6,139.0,139,-0.0,Under way using engine,BENGHAZI,09-09 01:00,Normal,None,Crossing into Libyan Sea navigation corridor
2026-09-08 12:21:00,211874000,9482104,PACIFIC HORIZON,V2AB4,Crude Oil Tanker,14.8,"Augusta/Syracuse Offshore Fairway (Sicily, Italy)",Benghazi Commercial Anchorage (Libya),34.729626,17.656516,15.5,138.7,139,0.1,Under way using engine,BENGHAZI,09-09 01:00,Normal,None,Crossing into Libyan Sea navigation corridor
2026-09-08 12:24:00,211874000,9482104,PACIFIC HORIZON,V2AB4,Crude Oil Tanker,14.8,"Augusta/Syracuse Offshore Fairway (Sicily, Italy)",Benghazi Commercial Anchorage (Libya),34.719937,17.666945,15.5,138.5,138,0.0,Under way using engine,BENGHAZI,09-09 01:00,Normal,None,Crossing into Libyan Sea navigation corridor
2026-09-08 12:27:00,211874000,9482104,PACIFIC HORIZON,V2AB4,Crude Oil Tanker,14.8,"Augusta/Syracuse Offshore Fairway (Sicily, Italy)",Benghazi Commercial Anchorage (Libya),34.710261,17.677397,15.6,138.3,138,-0.0,Under way using engine,BENGHAZI,09-09 01:00,Normal,None,Crossing into Libyan Sea navigation corridor
2026-09-08 12:30:00,211874000,9482104,PACIFIC HORIZON,V2AB4,Crude Oil Tanker,14.8,"Augusta/Syracuse Offshore Fairway (Sicily, Italy)",Benghazi Commercial Anchorage (Libya),34.700692,17.688013,15.5,137.2,137,0.1,Under way using engine,BENGHAZI,09-09 01:00,Normal,None,Crossing into Libyan Sea navigation corridor
2026-09-08 12:33:00,211874000,9482104,PACIFIC HORIZON,V2AB4,Crude Oil Tanker,14.8,"Augusta/Syracuse Offshore Fairway (Sicily, Italy)",Benghazi Commercial Anchorage (Libya),34.691094,17.698595,15.5,138.1,138,0.2,Under way using engine,BENGHAZI,09-09 01:00,Normal,None,Crossing into Libyan Sea navigation corridor
2026-09-08 12:36:00,211874000,9482104,PACIFIC HORIZON,V2AB4,Crude Oil Tanker,14.8,"Augusta/Syracuse Offshore Fairway (Sicily, Italy)",Benghazi Commercial Anchorage (Libya),34.681377,17.709004,15.6,138.5,138,-0.2,Under way using engine,BENGHAZI,09-09 01:00,Normal,None,Crossing into Libyan Sea navigation corridor
2026-09-08 12:39:00,211874000,9482104,PACIFIC HORIZON,V2AB4,Crude Oil Tanker,14.8,"Augusta/Syracuse Offshore Fairway (Sicily, Italy)",Benghazi Commercial Anchorage (Libya),34.671693,17.719464,15.6,138.3,138,-0.0,Under way using engine,BENGHAZI,09-09 01:00,Normal,None,Crossing into Libyan Sea navigation corridor
2026-09-08 12:42:00,211874000,9482104,PACIFIC HORIZON,V2AB4,Crude Oil Tanker,14.8,"Augusta/Syracuse Offshore Fairway (Sicily, Italy)",Benghazi Commercial Anchorage (Libya),34.662015,17.729942,15.6,137.9,138,-0.1,Under way using engine,BENGHAZI,09-09 01:00,Normal,None,Crossing into Libyan Sea navigation corridor
2026-09-08 12:45:00,211874000,9482104,PACIFIC HORIZON,V2AB4,Crude Oil Tanker,14.8,"Augusta/Syracuse Offshore Fairway (Sicily, Italy)",Benghazi Commercial Anchorage (Libya),34.65238,17.740468,15.5,138.6,139,0.1,Under way using engine,BENGHAZI,09-09 01:00,Normal,None,Crossing into Libyan Sea navigation corridor
2026-09-08 12:48:00,211874000,9482104,PACIFIC HORIZON,V2AB4,Crude Oil Tanker,14.8,"Augusta/Syracuse Offshore Fairway (Sicily, Italy)",Benghazi Commercial Anchorage (Libya),34.642671,17.750902,15.6,138.2,138,0.0,Under way using engine,BENGHAZI,09-09 01:00,Normal,None,Crossing into Libyan Sea navigation corridor
2026-09-08 12:51:00,211874000,9482104,PACIFIC HORIZON,V2AB4,Crude Oil Tanker,14.8,"Augusta/Syracuse Offshore Fairway (Sicily, Italy)",Benghazi Commercial Anchorage (Libya),34.632992,17.761336,15.6,138.7,139,-0.0,Under way using engine,BENGHAZI,09-09 01:00,Normal,None,Crossing into Libyan Sea navigation corridor
2026-09-08 12:54:00,211874000,9482104,PACIFIC HORIZON,V2AB4,Crude Oil Tanker,14.8,"Augusta/Syracuse Offshore Fairway (Sicily, Italy)",Benghazi Commercial Anchorage (Libya),34.623286,17.771733,15.5,138.4,138,0.1,Under way using engine,BENGHAZI,09-09 01:00,Normal,None,Crossing into Libyan Sea navigation corridor
2026-09-08 12:57:00,211874000,9482104,PACIFIC HORIZON,V2AB4,Crude Oil Tanker,14.8,"Augusta/Syracuse Offshore Fairway (Sicily, Italy)",Benghazi Commercial Anchorage (Libya),34.613556,17.782137,15.6,138.7,139,0.0,Under way using engine,BENGHAZI,09-09 01:00,Normal,None,Crossing into Libyan Sea navigation corridor
2026-09-08 13:00:00,211874000,9482104,PACIFIC HORIZON,V2AB4,Crude Oil Tanker,14.8,"Augusta/Syracuse Offshore Fairway (Sicily, Italy)",Benghazi Commercial Anchorage (Libya),34.603739,17.792402,15.5,139.2,139,-0.0,Under way using engine,BENGHAZI,09-09 01:00,Normal,None,Crossing into Libyan Sea navigation corridor
2026-09-08 13:03:00,211874000,9482104,PACIFIC HORIZON,V2AB4,Crude Oil Tanker,14.8,"Augusta/Syracuse Offshore Fairway (Sicily, Italy)",Benghazi Commercial Anchorage (Libya),34.593947,17.802703,15.5,138.9,139,0.2,Under way using engine,BENGHAZI,09-09 01:00,Normal,None,Crossing into Libyan Sea navigation corridor
2026-09-08 13:06:00,211874000,9482104,PACIFIC HORIZON,V2AB4,Crude Oil Tanker,14.8,"Augusta/Syracuse Offshore Fairway (Sicily, Italy)",Benghazi Commercial Anchorage (Libya),34.584074,17.812879,15.5,139.3,139,-0.2,Under way using engine,BENGHAZI,09-09 01:00,Normal,None,Crossing into Libyan Sea navigation corridor
2026-09-08 13:09:00,211874000,9482104,PACIFIC HORIZON,V2AB4,Crude Oil Tanker,14.8,"Augusta/Syracuse Offshore Fairway (Sicily, Italy)",Benghazi Commercial Anchorage (Libya),34.57421,17.823055,15.5,138.8,139,-0.0,Under way using engine,BENGHAZI,09-09 01:00,Normal,None,Crossing into Libyan Sea navigation corridor
2026-09-08 13:12:00,211874000,9482104,PACIFIC HORIZON,V2AB4,Crude Oil Tanker,14.8,"Augusta/Syracuse Offshore Fairway (Sicily, Italy)",Benghazi Commercial Anchorage (Libya),34.564384,17.833303,15.5,139.1,139,0.0,Under way using engine,BENGHAZI,09-09 01:00,Normal,None,Crossing into Libyan Sea navigation corridor
2026-09-08 13:15:00,211874000,9482104,PACIFIC HORIZON,V2AB4,Crude Oil Tanker,14.8,"Augusta/Syracuse Offshore Fairway (Sicily, Italy)",Benghazi Commercial Anchorage (Libya),34.554543,17.843502,15.5,139.4,139,-0.0,Under way using engine,BENGHAZI,09-09 01:00,Normal,None,Crossing into Libyan Sea navigation corridor
2026-09-08 13:18:00,211874000,9482104,PACIFIC HORIZON,V2AB4,Crude Oil Tanker,14.8,"Augusta/Syracuse Offshore Fairway (Sicily, Italy)",Benghazi Commercial Anchorage (Libya),34.544593,17.853594,15.6,140.4,140,-0.1,Under way using engine,BENGHAZI,09-09 01:00,Normal,None,Crossing into Libyan Sea navigation corridor
2026-09-08 13:21:00,211874000,9482104,PACIFIC HORIZON,V2AB4,Crude Oil Tanker,14.8,"Augusta/Syracuse Offshore Fairway (Sicily, Italy)",Benghazi Commercial Anchorage (Libya),34.534721,17.863791,15.6,139.3,139,0.0,Under way using engine,BENGHAZI,09-09 01:00,Normal,None,Crossing into Libyan Sea navigation corridor
2026-09-08 13:24:00,211874000,9482104,PACIFIC HORIZON,V2AB4,Crude Oil Tanker,14.8,"Augusta/Syracuse Offshore Fairway (Sicily, Italy)",Benghazi Commercial Anchorage (Libya),34.524813,17.873908,15.5,139.8,140,-0.1,Under way using engine,BENGHAZI,09-09 01:00,Normal,None,Crossing into Libyan Sea navigation corridor
2026-09-08 13:27:00,211874000,9482104,PACIFIC HORIZON,V2AB4,Crude Oil Tanker,14.8,"Augusta/Syracuse Offshore Fairway (Sicily, Italy)",Benghazi Commercial Anchorage (Libya),34.51496,17.884102,15.5,140.0,140,0.2,Under way using engine,BENGHAZI,09-09 01:00,Normal,None,Crossing into Libyan Sea navigation corridor
2026-09-08 13:30:00,211874000,9482104,PACIFIC HORIZON,V2AB4,Crude Oil Tanker,14.8,"Augusta/Syracuse Offshore Fairway (Sicily, Italy)",Benghazi Commercial Anchorage (Libya),34.505101,17.894298,15.5,138.7,139,0.1,Under way using engine,BENGHAZI,09-09 01:00,Normal,None,Crossing into Libyan Sea navigation corridor
2026-09-08 13:33:00,211874000,9482104,PACIFIC HORIZON,V2AB4,Crude Oil Tanker,14.8,"Augusta/Syracuse Offshore Fairway (Sicily, Italy)",Benghazi Commercial Anchorage (Libya),34.495269,17.904518,15.5,139.7,140,0.0,Under way using engine,BENGHAZI,09-09 01:00,Normal,None,Crossing into Libyan Sea navigation corridor
2026-09-08 13:36:00,211874000,9482104,PACIFIC HORIZON,V2AB4,Crude Oil Tanker,14.8,"Augusta/Syracuse Offshore Fairway (Sicily, Italy)",Benghazi Commercial Anchorage (Libya),34.48543,17.914744,15.6,138.7,139,0.0,Under way using engine,BENGHAZI,09-09 01:00,Normal,None,Crossing into Libyan Sea navigation corridor
2026-09-08 13:39:00,211874000,9482104,PACIFIC HORIZON,V2AB4,Crude Oil Tanker,14.8,"Augusta/Syracuse Offshore Fairway (Sicily, Italy)",Benghazi Commercial Anchorage (Libya),34.475636,17.925048,15.5,139.4,139,0.2,Under way using engine,BENGHAZI,09-09 01:00,Normal,None,Crossing into Libyan Sea navigation corridor
2026-09-08 13:42:00,211874000,9482104,PACIFIC HORIZON,V2AB4,Crude Oil Tanker,14.8,"Augusta/Syracuse Offshore Fairway (Sicily, Italy)",Benghazi Commercial Anchorage (Libya),34.465719,17.935152,15.5,140.4,140,0.0,Under way using engine,BENGHAZI,09-09 01:00,Normal,None,Crossing into Libyan Sea navigation corridor
2026-09-08 13:45:00,211874000,9482104,PACIFIC HORIZON,V2AB4,Crude Oil Tanker,14.8,"Augusta/Syracuse Offshore Fairway (Sicily, Italy)",Benghazi Commercial Anchorage (Libya),34.455791,17.945204,15.5,140.2,140,0.1,Under way using engine,BENGHAZI,09-09 01:00,Normal,None,Crossing into Libyan Sea navigation corridor
2026-09-08 13:48:00,211874000,9482104,PACIFIC HORIZON,V2AB4,Crude Oil Tanker,14.8,"Augusta/Syracuse Offshore Fairway (Sicily, Italy)",Benghazi Commercial Anchorage (Libya),34.445774,17.955178,15.5,140.9,141,0.0,Under way using engine,BENGHAZI,09-09 01:00,Normal,None,Crossing into Libyan Sea navigation corridor
2026-09-08 13:51:00,211874000,9482104,PACIFIC HORIZON,V2AB4,Crude Oil Tanker,14.8,"Augusta/Syracuse Offshore Fairway (Sicily, Italy)",Benghazi Commercial Anchorage (Libya),34.435695,17.964984,15.4,140.9,141,-0.5,Under way using engine,BENGHAZI,09-09 01:00,Normal,None,Inbound passage approaching Benghazi coastal fairway
2026-09-08 13:54:00,211874000,9482104,PACIFIC HORIZON,V2AB4,Crude Oil Tanker,14.8,"Augusta/Syracuse Offshore Fairway (Sicily, Italy)",Benghazi Commercial Anchorage (Libya),34.426073,17.97492,15.2,139.1,139,0.2,Under way using engine,BENGHAZI,09-09 01:00,Normal,None,Inbound passage approaching Benghazi coastal fairway
2026-09-08 13:57:00,211874000,9482104,PACIFIC HORIZON,V2AB4,Crude Oil Tanker,14.8,"Augusta/Syracuse Offshore Fairway (Sicily, Italy)",Benghazi Commercial Anchorage (Libya),34.416473,17.984825,15.1,139.6,140,0.1,Under way using engine,BENGHAZI,09-09 01:00,Normal,None,Inbound passage approaching Benghazi coastal fairway
2026-09-08 14:00:00,211874000,9482104,PACIFIC HORIZON,V2AB4,Crude Oil Tanker,14.8,"Augusta/Syracuse Offshore Fairway (Sicily, Italy)",Benghazi Commercial Anchorage (Libya),34.406954,17.994832,15.1,138.6,139,0.1,Under way using engine,BENGHAZI,09-09 01:00,Normal,None,Inbound passage approaching Benghazi coastal fairway
2026-09-08 14:03:00,211874000,9482104,PACIFIC HORIZON,V2AB4,Crude Oil Tanker,14.8,"Augusta/Syracuse Offshore Fairway (Sicily, Italy)",Benghazi Commercial Anchorage (Libya),34.397374,18.00474,15.1,139.6,140,-0.1,Under way using engine,BENGHAZI,09-09 01:00,Normal,None,Inbound passage approaching Benghazi coastal fairway
2026-09-08 14:06:00,211874000,9482104,PACIFIC HORIZON,V2AB4,Crude Oil Tanker,14.8,"Augusta/Syracuse Offshore Fairway (Sicily, Italy)",Benghazi Commercial Anchorage (Libya),34.387867,18.01478,15.1,138.1,138,0.2,Under way using engine,BENGHAZI,09-09 01:00,Normal,None,Inbound passage approaching Benghazi coastal fairway
2026-09-08 14:09:00,211874000,9482104,PACIFIC HORIZON,V2AB4,Crude Oil Tanker,14.8,"Augusta/Syracuse Offshore Fairway (Sicily, Italy)",Benghazi Commercial Anchorage (Libya),34.378381,18.02485,15.2,138.7,139,-0.1,Under way using engine,BENGHAZI,09-09 01:00,Normal,None,Inbound passage approaching Benghazi coastal fairway
2026-09-08 14:12:00,211874000,9482104,PACIFIC HORIZON,V2AB4,Crude Oil Tanker,14.8,"Augusta/Syracuse Offshore Fairway (Sicily, Italy)",Benghazi Commercial Anchorage (Libya),34.368845,18.034823,15.1,139.7,140,0.0,Under way using engine,BENGHAZI,09-09 01:00,Normal,None,Inbound passage approaching Benghazi coastal fairway
2026-09-08 14:15:00,211874000,9482104,PACIFIC HORIZON,V2AB4,Crude Oil Tanker,14.8,"Augusta/Syracuse Offshore Fairway (Sicily, Italy)",Benghazi Commercial Anchorage (Libya),34.359135,18.044543,15.1,140.8,141,0.1,Under way using engine,BENGHAZI,09-09 01:00,Normal,None,Inbound passage approaching Benghazi coastal fairway
2026-09-08 14:18:00,211874000,9482104,PACIFIC HORIZON,V2AB4,Crude Oil Tanker,14.8,"Augusta/Syracuse Offshore Fairway (Sicily, Italy)",Benghazi Commercial Anchorage (Libya),34.349532,18.054475,15.1,139.3,139,-0.0,Under way using engine,BENGHAZI,09-09 01:00,Normal,None,Inbound passage approaching Benghazi coastal fairway
2026-09-08 14:21:00,211874000,9482104,PACIFIC HORIZON,V2AB4,Crude Oil Tanker,14.8,"Augusta/Syracuse Offshore Fairway (Sicily, Italy)",Benghazi Commercial Anchorage (Libya),34.339934,18.064372,15.1,139.8,140,-0.0,Under way using engine,BENGHAZI,09-09 01:00,Normal,None,Inbound passage approaching Benghazi coastal fairway
2026-09-08 14:24:00,211874000,9482104,PACIFIC HORIZON,V2AB4,Crude Oil Tanker,14.8,"Augusta/Syracuse Offshore Fairway (Sicily, Italy)",Benghazi Commercial Anchorage (Libya),34.330284,18.074223,15.1,140.9,141,0.2,Under way using engine,BENGHAZI,09-09 01:00,Normal,None,Inbound passage approaching Benghazi coastal fairway
2026-09-08 14:27:00,211874000,9482104,PACIFIC HORIZON,V2AB4,Crude Oil Tanker,14.8,"Augusta/Syracuse Offshore Fairway (Sicily, Italy)",Benghazi Commercial Anchorage (Libya),34.320506,18.083876,15.1,140.9,141,0.0,Under way using engine,BENGHAZI,09-09 01:00,Normal,None,Inbound passage approaching Benghazi coastal fairway
2026-09-08 14:30:00,211874000,9482104,PACIFIC HORIZON,V2AB4,Crude Oil Tanker,14.8,"Augusta/Syracuse Offshore Fairway (Sicily, Italy)",Benghazi Commercial Anchorage (Libya),34.310773,18.093593,15.2,139.6,140,-0.1,Under way using engine,BENGHAZI,09-09 01:00,Normal,None,Inbound passage approaching Benghazi coastal fairway
2026-09-08 14:33:00,211874000,9482104,PACIFIC HORIZON,V2AB4,Crude Oil Tanker,14.8,"Augusta/Syracuse Offshore Fairway (Sicily, Italy)",Benghazi Commercial Anchorage (Libya),34.301204,18.103508,15.1,139.0,139,-0.1,Under way using engine,BENGHAZI,09-09 01:00,Normal,None,Inbound passage approaching Benghazi coastal fairway
2026-09-08 14:36:00,211874000,9482104,PACIFIC HORIZON,V2AB4,Crude Oil Tanker,14.8,"Augusta/Syracuse Offshore Fairway (Sicily, Italy)",Benghazi Commercial Anchorage (Libya),34.291604,18.113409,15.1,140.3,140,0.1,Under way using engine,BENGHAZI,09-09 01:00,Normal,None,Inbound passage approaching Benghazi coastal fairway
2026-09-08 14:39:00,211874000,9482104,PACIFIC HORIZON,V2AB4,Crude Oil Tanker,14.8,"Augusta/Syracuse Offshore Fairway (Sicily, Italy)",Benghazi Commercial Anchorage (Libya),34.281923,18.123185,15.1,140.3,140,-0.2,Under way using engine,BENGHAZI,09-09 01:00,Normal,None,Inbound passage approaching Benghazi coastal fairway
2026-09-08 14:42:00,211874000,9482104,PACIFIC HORIZON,V2AB4,Crude Oil Tanker,14.8,"Augusta/Syracuse Offshore Fairway (Sicily, Italy)",Benghazi Commercial Anchorage (Libya),34.27223,18.132934,15.1,140.0,140,0.0,Under way using engine,BENGHAZI,09-09 01:00,Normal,None,Inbound passage approaching Benghazi coastal fairway
2026-09-08 14:45:00,211874000,9482104,PACIFIC HORIZON,V2AB4,Crude Oil Tanker,14.8,"Augusta/Syracuse Offshore Fairway (Sicily, Italy)",Benghazi Commercial Anchorage (Libya),34.262467,18.142586,15.2,140.8,141,-0.0,Under way using engine,BENGHAZI,09-09 01:00,Normal,None,Inbound passage approaching Benghazi coastal fairway
2026-09-08 14:48:00,211874000,9482104,PACIFIC HORIZON,V2AB4,Crude Oil Tanker,14.8,"Augusta/Syracuse Offshore Fairway (Sicily, Italy)",Benghazi Commercial Anchorage (Libya),34.252774,18.152303,15.2,140.4,140,0.2,Under way using engine,BENGHAZI,09-09 01:00,Normal,None,Inbound passage approaching Benghazi coastal fairway
2026-09-08 14:51:00,211874000,9482104,PACIFIC HORIZON,V2AB4,Crude Oil Tanker,14.8,"Augusta/Syracuse Offshore Fairway (Sicily, Italy)",Benghazi Commercial Anchorage (Libya),34.243091,18.162076,15.1,140.0,140,-0.1,Under way using engine,BENGHAZI,09-09 01:00,Normal,None,Inbound passage approaching Benghazi coastal fairway
2026-09-08 14:54:00,211874000,9482104,PACIFIC HORIZON,V2AB4,Crude Oil Tanker,14.8,"Augusta/Syracuse Offshore Fairway (Sicily, Italy)",Benghazi Commercial Anchorage (Libya),34.233498,18.171965,15.1,139.9,140,0.1,Under way using engine,BENGHAZI,09-09 01:00,Normal,None,Inbound passage approaching Benghazi coastal fairway
2026-09-08 14:57:00,211874000,9482104,PACIFIC HORIZON,V2AB4,Crude Oil Tanker,14.8,"Augusta/Syracuse Offshore Fairway (Sicily, Italy)",Benghazi Commercial Anchorage (Libya),34.223897,18.181842,15.2,139.6,140,-0.2,Under way using engine,BENGHAZI,09-09 01:00,Normal,None,Inbound passage approaching Benghazi coastal fairway
2026-09-08 15:00:00,211874000,9482104,PACIFIC HORIZON,V2AB4,Crude Oil Tanker,14.8,"Augusta/Syracuse Offshore Fairway (Sicily, Italy)",Benghazi Commercial Anchorage (Libya),34.214234,18.191633,15.1,140.1,140,0.1,Under way using engine,BENGHAZI,09-09 01:00,Normal,None,Inbound passage approaching Benghazi coastal fairway
2026-09-08 15:03:00,211874000,9482104,PACIFIC HORIZON,V2AB4,Crude Oil Tanker,14.8,"Augusta/Syracuse Offshore Fairway (Sicily, Italy)",Benghazi Commercial Anchorage (Libya),34.204503,18.201323,15.1,140.3,140,0.1,Under way using engine,BENGHAZI,09-09 01:00,Normal,None,Inbound passage approaching Benghazi coastal fairway
2026-09-08 15:06:00,211874000,9482104,PACIFIC HORIZON,V2AB4,Crude Oil Tanker,14.8,"Augusta/Syracuse Offshore Fairway (Sicily, Italy)",Benghazi Commercial Anchorage (Libya),34.194719,18.210887,15.1,140.8,141,-0.2,Under way using engine,BENGHAZI,09-09 01:00,Normal,None,Inbound passage approaching Benghazi coastal fairway
2026-09-08 15:09:00,211874000,9482104,PACIFIC HORIZON,V2AB4,Crude Oil Tanker,14.8,"Augusta/Syracuse Offshore Fairway (Sicily, Italy)",Benghazi Commercial Anchorage (Libya),34.184958,18.220554,15.2,140.7,141,-0.1,Under way using engine,BENGHAZI,09-09 01:00,Normal,None,Inbound passage approaching Benghazi coastal fairway
2026-09-08 15:12:00,211874000,9482104,PACIFIC HORIZON,V2AB4,Crude Oil Tanker,14.8,"Augusta/Syracuse Offshore Fairway (Sicily, Italy)",Benghazi Commercial Anchorage (Libya),34.175307,18.23034,15.1,139.6,140,-0.0,Under way using engine,BENGHAZI,09-09 01:00,Normal,None,Inbound passage approaching Benghazi coastal fairway
2026-09-08 15:15:00,211874000,9482104,PACIFIC HORIZON,V2AB4,Crude Oil Tanker,14.8,"Augusta/Syracuse Offshore Fairway (Sicily, Italy)",Benghazi Commercial Anchorage (Libya),34.165774,18.240273,15.1,139.1,139,0.1,Under way using engine,BENGHAZI,09-09 01:00,Normal,None,Inbound passage approaching Benghazi coastal fairway
2026-09-08 15:18:00,211874000,9482104,PACIFIC HORIZON,V2AB4,Crude Oil Tanker,14.8,"Augusta/Syracuse Offshore Fairway (Sicily, Italy)",Benghazi Commercial Anchorage (Libya),34.156235,18.250239,15.1,139.5,140,-0.1,Under way using engine,BENGHAZI,09-09 01:00,Normal,None,Inbound passage approaching Benghazi coastal fairway
2026-09-08 15:21:00,211874000,9482104,PACIFIC HORIZON,V2AB4,Crude Oil Tanker,14.8,"Augusta/Syracuse Offshore Fairway (Sicily, Italy)",Benghazi Commercial Anchorage (Libya),34.146628,18.260086,15.1,140.0,140,0.2,Under way using engine,BENGHAZI,09-09 01:00,Normal,None,Inbound passage approaching Benghazi coastal fairway
2026-09-08 15:24:00,211874000,9482104,PACIFIC HORIZON,V2AB4,Crude Oil Tanker,14.8,"Augusta/Syracuse Offshore Fairway (Sicily, Italy)",Benghazi Commercial Anchorage (Libya),34.137083,18.269999,15.0,138.8,139,-0.1,Under way using engine,BENGHAZI,09-09 01:00,Normal,None,Inbound passage approaching Benghazi coastal fairway
2026-09-08 15:27:00,211874000,9482104,PACIFIC HORIZON,V2AB4,Crude Oil Tanker,14.8,"Augusta/Syracuse Offshore Fairway (Sicily, Italy)",Benghazi Commercial Anchorage (Libya),34.127518,18.279909,15.1,139.5,140,0.1,Under way using engine,BENGHAZI,09-09 01:00,Normal,None,Inbound passage approaching Benghazi coastal fairway
2026-09-08 15:30:00,211874000,9482104,PACIFIC HORIZON,V2AB4,Crude Oil Tanker,14.8,"Augusta/Syracuse Offshore Fairway (Sicily, Italy)",Benghazi Commercial Anchorage (Libya),34.117964,18.289859,15.1,139.2,139,0.0,Under way using engine,BENGHAZI,09-09 01:00,Normal,None,Inbound passage approaching Benghazi coastal fairway
2026-09-08 15:33:00,211874000,9482104,PACIFIC HORIZON,V2AB4,Crude Oil Tanker,14.8,"Augusta/Syracuse Offshore Fairway (Sicily, Italy)",Benghazi Commercial Anchorage (Libya),34.108385,18.299728,15.1,139.7,140,-0.0,Under way using engine,BENGHAZI,09-09 01:00,Normal,None,Inbound passage approaching Benghazi coastal fairway
2026-09-08 15:36:00,211874000,9482104,PACIFIC HORIZON,V2AB4,Crude Oil Tanker,14.8,"Augusta/Syracuse Offshore Fairway (Sicily, Italy)",Benghazi Commercial Anchorage (Libya),34.098758,18.309502,15.0,140.1,140,0.2,Under way using engine,BENGHAZI,09-09 01:00,Normal,None,Inbound passage approaching Benghazi coastal fairway
2026-09-08 15:39:00,211874000,9482104,PACIFIC HORIZON,V2AB4,Crude Oil Tanker,14.8,"Augusta/Syracuse Offshore Fairway (Sicily, Italy)",Benghazi Commercial Anchorage (Libya),34.08916,18.319364,15.1,139.5,140,0.1,Under way using engine,BENGHAZI,09-09 01:00,Normal,None,Inbound passage approaching Benghazi coastal fairway
2026-09-08 15:42:00,211874000,9482104,PACIFIC HORIZON,V2AB4,Crude Oil Tanker,14.8,"Augusta/Syracuse Offshore Fairway (Sicily, Italy)",Benghazi Commercial Anchorage (Libya),34.079594,18.329249,15.1,139.5,140,-0.1,Under way using engine,BENGHAZI,09-09 01:00,Normal,None,Inbound passage approaching Benghazi coastal fairway
2026-09-08 15:45:00,211874000,9482104,PACIFIC HORIZON,V2AB4,Crude Oil Tanker,14.8,"Augusta/Syracuse Offshore Fairway (Sicily, Italy)",Benghazi Commercial Anchorage (Libya),34.070035,18.339156,15.1,139.6,140,-0.1,Under way using engine,BENGHAZI,09-09 01:00,Normal,None,Inbound passage approaching Benghazi coastal fairway
2026-09-08 15:48:00,211874000,9482104,PACIFIC HORIZON,V2AB4,Crude Oil Tanker,14.8,"Augusta/Syracuse Offshore Fairway (Sicily, Italy)",Benghazi Commercial Anchorage (Libya),34.060483,18.349078,15.1,139.5,139,-0.0,Under way using engine,BENGHAZI,09-09 01:00,Normal,None,Inbound passage approaching Benghazi coastal fairway
2026-09-08 15:51:00,211874000,9482104,PACIFIC HORIZON,V2AB4,Crude Oil Tanker,14.8,"Augusta/Syracuse Offshore Fairway (Sicily, Italy)",Benghazi Commercial Anchorage (Libya),34.050866,18.358873,15.1,139.6,140,-0.0,Under way using engine,BENGHAZI,09-09 01:00,Normal,None,Inbound passage approaching Benghazi coastal fairway
2026-09-08 15:54:00,211874000,9482104,PACIFIC HORIZON,V2AB4,Crude Oil Tanker,14.8,"Augusta/Syracuse Offshore Fairway (Sicily, Italy)",Benghazi Commercial Anchorage (Libya),34.041274,18.368699,15.1,139.8,140,0.1,Under way using engine,BENGHAZI,09-09 01:00,Normal,None,Inbound passage approaching Benghazi coastal fairway
2026-09-08 15:57:00,211874000,9482104,PACIFIC HORIZON,V2AB4,Crude Oil Tanker,14.8,"Augusta/Syracuse Offshore Fairway (Sicily, Italy)",Benghazi Commercial Anchorage (Libya),34.031617,18.378457,15.2,140.3,140,0.0,Under way using engine,BENGHAZI,09-09 01:00,Normal,None,Inbound passage approaching Benghazi coastal fairway
2026-09-08 16:00:00,211874000,9482104,PACIFIC HORIZON,V2AB4,Crude Oil Tanker,14.8,"Augusta/Syracuse Offshore Fairway (Sicily, Italy)",Benghazi Commercial Anchorage (Libya),34.021957,18.388146,15.1,140.6,141,-0.1,Under way using engine,BENGHAZI,09-09 01:00,Normal,None,Inbound passage approaching Benghazi coastal fairway
2026-09-08 16:03:00,211874000,9482104,PACIFIC HORIZON,V2AB4,Crude Oil Tanker,14.8,"Augusta/Syracuse Offshore Fairway (Sicily, Italy)",Benghazi Commercial Anchorage (Libya),34.012323,18.397891,15.1,139.9,140,-0.1,Under way using engine,BENGHAZI,09-09 01:00,Normal,None,Inbound passage approaching Benghazi coastal fairway
2026-09-08 16:06:00,211874000,9482104,PACIFIC HORIZON,V2AB4,Crude Oil Tanker,14.8,"Augusta/Syracuse Offshore Fairway (Sicily, Italy)",Benghazi Commercial Anchorage (Libya),34.002697,18.40768,15.1,139.7,140,0.1,Under way using engine,BENGHAZI,09-09 01:00,Normal,None,Inbound passage approaching Benghazi coastal fairway
2026-09-08 16:09:00,211874000,9482104,PACIFIC HORIZON,V2AB4,Crude Oil Tanker,14.8,"Augusta/Syracuse Offshore Fairway (Sicily, Italy)",Benghazi Commercial Anchorage (Libya),33.993145,18.417586,15.2,138.5,139,-0.2,Under way using engine,BENGHAZI,09-09 01:00,Normal,None,Inbound passage approaching Benghazi coastal fairway
2026-09-08 16:12:00,211874000,9482104,PACIFIC HORIZON,V2AB4,Crude Oil Tanker,14.8,"Augusta/Syracuse Offshore Fairway (Sicily, Italy)",Benghazi Commercial Anchorage (Libya),33.983662,18.427541,15.1,139.2,139,-0.1,Under way using engine,BENGHAZI,09-09 01:00,Normal,None,Inbound passage approaching Benghazi coastal fairway
2026-09-08 16:15:00,211874000,9482104,PACIFIC HORIZON,V2AB4,Crude Oil Tanker,14.8,"Augusta/Syracuse Offshore Fairway (Sicily, Italy)",Benghazi Commercial Anchorage (Libya),33.974123,18.437427,15.1,139.3,139,0.1,Under way using engine,BENGHAZI,09-09 01:00,Normal,None,Inbound passage approaching Benghazi coastal fairway
2026-09-08 16:18:00,211874000,9482104,PACIFIC HORIZON,V2AB4,Crude Oil Tanker,14.8,"Augusta/Syracuse Offshore Fairway (Sicily, Italy)",Benghazi Commercial Anchorage (Libya),33.964541,18.44722,15.1,140.0,140,-0.1,Under way using engine,BENGHAZI,09-09 01:00,Normal,None,Inbound passage approaching Benghazi coastal fairway
2026-09-08 16:21:00,211874000,9482104,PACIFIC HORIZON,V2AB4,Crude Oil Tanker,14.8,"Augusta/Syracuse Offshore Fairway (Sicily, Italy)",Benghazi Commercial Anchorage (Libya),33.95496,18.457054,15.1,139.2,139,0.1,Under way using engine,BENGHAZI,09-09 01:00,Normal,None,Inbound passage approaching Benghazi coastal fairway
2026-09-08 16:24:00,211874000,9482104,PACIFIC HORIZON,V2AB4,Crude Oil Tanker,14.8,"Augusta/Syracuse Offshore Fairway (Sicily, Italy)",Benghazi Commercial Anchorage (Libya),33.945336,18.466832,15.1,139.9,140,-0.3,Under way using engine,BENGHAZI,09-09 01:00,Normal,None,Inbound passage approaching Benghazi coastal fairway
2026-09-08 16:27:00,211874000,9482104,PACIFIC HORIZON,V2AB4,Crude Oil Tanker,14.8,"Augusta/Syracuse Offshore Fairway (Sicily, Italy)",Benghazi Commercial Anchorage (Libya),33.935761,18.476658,15.1,140.0,140,0.1,Under way using engine,BENGHAZI,09-09 01:00,Normal,None,Inbound passage approaching Benghazi coastal fairway
2026-09-08 16:30:00,211874000,9482104,PACIFIC HORIZON,V2AB4,Crude Oil Tanker,14.8,"Augusta/Syracuse Offshore Fairway (Sicily, Italy)",Benghazi Commercial Anchorage (Libya),33.926113,18.486348,15.1,140.1,140,0.0,Under way using engine,BENGHAZI,09-09 01:00,Normal,None,Inbound passage approaching Benghazi coastal fairway
2026-09-08 16:33:00,211874000,9482104,PACIFIC HORIZON,V2AB4,Crude Oil Tanker,14.8,"Augusta/Syracuse Offshore Fairway (Sicily, Italy)",Benghazi Commercial Anchorage (Libya),33.916419,18.496003,15.1,139.7,140,0.0,Under way using engine,BENGHAZI,09-09 01:00,Normal,None,Inbound passage approaching Benghazi coastal fairway
2026-09-08 16:36:00,211874000,9482104,PACIFIC HORIZON,V2AB4,Crude Oil Tanker,14.8,"Augusta/Syracuse Offshore Fairway (Sicily, Italy)",Benghazi Commercial Anchorage (Libya),33.90686,18.505865,15.2,139.7,140,0.0,Under way using engine,BENGHAZI,09-09 01:00,Normal,None,Inbound passage approaching Benghazi coastal fairway
2026-09-08 16:39:00,211874000,9482104,PACIFIC HORIZON,V2AB4,Crude Oil Tanker,14.8,"Augusta/Syracuse Offshore Fairway (Sicily, Italy)",Benghazi Commercial Anchorage (Libya),33.897257,18.515626,15.1,140.2,140,-0.1,Under way using engine,BENGHAZI,09-09 01:00,Normal,None,Inbound passage approaching Benghazi coastal fairway
2026-09-08 16:42:00,211874000,9482104,PACIFIC HORIZON,V2AB4,Crude Oil Tanker,14.8,"Augusta/Syracuse Offshore Fairway (Sicily, Italy)",Benghazi Commercial Anchorage (Libya),33.887583,18.525271,15.1,139.9,140,0.1,Under way using engine,BENGHAZI,09-09 01:00,Normal,None,Inbound passage approaching Benghazi coastal fairway
2026-09-08 16:45:00,211874000,9482104,PACIFIC HORIZON,V2AB4,Crude Oil Tanker,14.8,"Augusta/Syracuse Offshore Fairway (Sicily, Italy)",Benghazi Commercial Anchorage (Libya),33.878016,18.535097,15.0,139.5,140,-0.0,Under way using engine,BENGHAZI,09-09 01:00,Normal,None,Inbound passage approaching Benghazi coastal fairway
2026-09-08 16:48:00,211874000,9482104,PACIFIC HORIZON,V2AB4,Crude Oil Tanker,14.8,"Augusta/Syracuse Offshore Fairway (Sicily, Italy)",Benghazi Commercial Anchorage (Libya),33.868472,18.54495,15.1,139.2,139,-0.1,Under way using engine,BENGHAZI,09-09 01:00,Normal,None,Inbound passage approaching Benghazi coastal fairway
2026-09-08 16:51:00,211874000,9482104,PACIFIC HORIZON,V2AB4,Crude Oil Tanker,14.8,"Augusta/Syracuse Offshore Fairway (Sicily, Italy)",Benghazi Commercial Anchorage (Libya),33.858837,18.554678,15.1,140.1,140,-0.2,Under way using engine,BENGHAZI,09-09 01:00,Normal,None,Inbound passage approaching Benghazi coastal fairway
2026-09-08 16:54:00,211874000,9482104,PACIFIC HORIZON,V2AB4,Crude Oil Tanker,14.8,"Augusta/Syracuse Offshore Fairway (Sicily, Italy)",Benghazi Commercial Anchorage (Libya),33.849187,18.564358,15.1,140.2,140,0.1,Under way using engine,BENGHAZI,09-09 01:00,Normal,None,Inbound passage approaching Benghazi coastal fairway
2026-09-08 16:57:00,211874000,9482104,PACIFIC HORIZON,V2AB4,Crude Oil Tanker,14.8,"Augusta/Syracuse Offshore Fairway (Sicily, Italy)",Benghazi Commercial Anchorage (Libya),33.839556,18.574093,15.1,140.0,140,-0.1,Under way using engine,BENGHAZI,09-09 01:00,Normal,None,Inbound passage approaching Benghazi coastal fairway
2026-09-08 17:00:00,211874000,9482104,PACIFIC HORIZON,V2AB4,Crude Oil Tanker,14.8,"Augusta/Syracuse Offshore Fairway (Sicily, Italy)",Benghazi Commercial Anchorage (Libya),33.8299,18.583761,15.0,140.7,141,0.2,Under way using engine,BENGHAZI,09-09 01:00,Normal,None,Inbound passage approaching Benghazi coastal fairway
2026-09-08 17:03:00,211874000,9482104,PACIFIC HORIZON,V2AB4,Crude Oil Tanker,14.8,"Augusta/Syracuse Offshore Fairway (Sicily, Italy)",Benghazi Commercial Anchorage (Libya),33.820186,18.593345,15.1,140.5,141,-0.2,Under way using engine,BENGHAZI,09-09 01:00,Normal,None,Inbound passage approaching Benghazi coastal fairway
2026-09-08 17:06:00,211874000,9482104,PACIFIC HORIZON,V2AB4,Crude Oil Tanker,14.8,"Augusta/Syracuse Offshore Fairway (Sicily, Italy)",Benghazi Commercial Anchorage (Libya),33.810598,18.603101,15.1,138.7,139,-0.0,Under way using engine,BENGHAZI,09-09 01:00,Normal,None,Inbound passage approaching Benghazi coastal fairway
2026-09-08 17:09:00,211874000,9482104,PACIFIC HORIZON,V2AB4,Crude Oil Tanker,14.8,"Augusta/Syracuse Offshore Fairway (Sicily, Italy)",Benghazi Commercial Anchorage (Libya),33.801048,18.612913,15.1,139.8,140,-0.1,Under way using engine,BENGHAZI,09-09 01:00,Normal,None,Inbound passage approaching Benghazi coastal fairway
2026-09-08 17:12:00,211874000,9482104,PACIFIC HORIZON,V2AB4,Crude Oil Tanker,14.8,"Augusta/Syracuse Offshore Fairway (Sicily, Italy)",Benghazi Commercial Anchorage (Libya),33.791451,18.622632,15.1,140.1,140,0.1,Under way using engine,BENGHAZI,09-09 01:00,Normal,None,Inbound passage approaching Benghazi coastal fairway
2026-09-08 17:15:00,211874000,9482104,PACIFIC HORIZON,V2AB4,Crude Oil Tanker,14.8,"Augusta/Syracuse Offshore Fairway (Sicily, Italy)",Benghazi Commercial Anchorage (Libya),33.78195,18.632475,15.1,139.5,140,0.1,Under way using engine,BENGHAZI,09-09 01:00,Normal,None,Inbound passage approaching Benghazi coastal fairway
2026-09-08 17:18:00,211874000,9482104,PACIFIC HORIZON,V2AB4,Crude Oil Tanker,14.8,"Augusta/Syracuse Offshore Fairway (Sicily, Italy)",Benghazi Commercial Anchorage (Libya),33.77231,18.642154,15.0,140.2,140,-0.1,Under way using engine,BENGHAZI,09-09 01:00,Normal,None,Inbound passage approaching Benghazi coastal fairway
2026-09-08 17:21:00,211874000,9482104,PACIFIC HORIZON,V2AB4,Crude Oil Tanker,14.8,"Augusta/Syracuse Offshore Fairway (Sicily, Italy)",Benghazi Commercial Anchorage (Libya),33.762682,18.651801,15.0,140.4,140,0.1,Under way using engine,BENGHAZI,09-09 01:00,Normal,None,Inbound passage approaching Benghazi coastal fairway
2026-09-08 17:24:00,211874000,9482104,PACIFIC HORIZON,V2AB4,Crude Oil Tanker,14.8,"Augusta/Syracuse Offshore Fairway (Sicily, Italy)",Benghazi Commercial Anchorage (Libya),33.75294,18.661329,15.1,140.2,140,-0.1,Under way using engine,BENGHAZI,09-09 01:00,Normal,None,Inbound passage approaching Benghazi coastal fairway
2026-09-08 17:27:00,211874000,9482104,PACIFIC HORIZON,V2AB4,Crude Oil Tanker,14.8,"Augusta/Syracuse Offshore Fairway (Sicily, Italy)",Benghazi Commercial Anchorage (Libya),33.743265,18.670973,15.0,140.5,141,0.2,Under way using engine,BENGHAZI,09-09 01:00,Normal,None,Inbound passage approaching Benghazi coastal fairway
2026-09-08 17:30:00,211874000,9482104,PACIFIC HORIZON,V2AB4,Crude Oil Tanker,14.8,"Augusta/Syracuse Offshore Fairway (Sicily, Italy)",Benghazi Commercial Anchorage (Libya),33.73357,18.680537,15.1,140.6,141,-0.2,Under way using engine,BENGHAZI,09-09 01:00,Normal,None,Inbound passage approaching Benghazi coastal fairway
2026-09-08 17:33:00,211874000,9482104,PACIFIC HORIZON,V2AB4,Crude Oil Tanker,14.8,"Augusta/Syracuse Offshore Fairway (Sicily, Italy)",Benghazi Commercial Anchorage (Libya),33.723941,18.690195,15.1,139.7,140,-0.1,Under way using engine,BENGHAZI,09-09 01:00,Normal,None,Inbound passage approaching Benghazi coastal fairway
2026-09-08 17:36:00,211874000,9482104,PACIFIC HORIZON,V2AB4,Crude Oil Tanker,14.8,"Augusta/Syracuse Offshore Fairway (Sicily, Italy)",Benghazi Commercial Anchorage (Libya),33.714388,18.699965,15.0,140.5,141,0.1,Under way using engine,BENGHAZI,09-09 01:00,Normal,None,Inbound passage approaching Benghazi coastal fairway
2026-09-08 17:39:00,211874000,9482104,PACIFIC HORIZON,V2AB4,Crude Oil Tanker,14.8,"Augusta/Syracuse Offshore Fairway (Sicily, Italy)",Benghazi Commercial Anchorage (Libya),33.704743,18.709599,15.0,140.5,141,-0.1,Under way using engine,BENGHAZI,09-09 01:00,Normal,None,Inbound passage approaching Benghazi coastal fairway
2026-09-08 17:42:00,211874000,9482104,PACIFIC HORIZON,V2AB4,Crude Oil Tanker,14.8,"Augusta/Syracuse Offshore Fairway (Sicily, Italy)",Benghazi Commercial Anchorage (Libya),33.695075,18.719222,15.1,140.4,140,-0.0,Under way using engine,BENGHAZI,09-09 01:00,Normal,None,Inbound passage approaching Benghazi coastal fairway
2026-09-08 17:45:00,211874000,9482104,PACIFIC HORIZON,V2AB4,Crude Oil Tanker,14.8,"Augusta/Syracuse Offshore Fairway (Sicily, Italy)",Benghazi Commercial Anchorage (Libya),33.685432,18.728882,15.1,140.6,141,0.2,Under way using engine,BENGHAZI,09-09 01:00,Normal,None,Inbound passage approaching Benghazi coastal fairway
2026-09-08 17:48:00,211874000,9482104,PACIFIC HORIZON,V2AB4,Crude Oil Tanker,14.8,"Augusta/Syracuse Offshore Fairway (Sicily, Italy)",Benghazi Commercial Anchorage (Libya),33.675801,18.738556,15.0,139.9,140,-0.2,Under way using engine,BENGHAZI,09-09 01:00,Normal,None,Inbound passage approaching Benghazi coastal fairway
2026-09-08 17:51:00,211874000,9482104,PACIFIC HORIZON,V2AB4,Crude Oil Tanker,14.8,"Augusta/Syracuse Offshore Fairway (Sicily, Italy)",Benghazi Commercial Anchorage (Libya),33.666097,18.748079,15.1,141.1,141,0.2,Under way using engine,BENGHAZI,09-09 01:00,Normal,None,Inbound passage approaching Benghazi coastal fairway
2026-09-08 17:54:00,211874000,9482104,PACIFIC HORIZON,V2AB4,Crude Oil Tanker,14.8,"Augusta/Syracuse Offshore Fairway (Sicily, Italy)",Benghazi Commercial Anchorage (Libya),33.656356,18.757513,15.0,140.9,141,-0.1,Under way using engine,BENGHAZI,09-09 01:00,Normal,None,Inbound passage approaching Benghazi coastal fairway
2026-09-08 17:57:00,211874000,9482104,PACIFIC HORIZON,V2AB4,Crude Oil Tanker,14.8,"Augusta/Syracuse Offshore Fairway (Sicily, Italy)",Benghazi Commercial Anchorage (Libya),33.646674,18.767067,15.0,140.4,140,0.2,Under way using engine,BENGHAZI,09-09 01:00,Normal,None,Inbound passage approaching Benghazi coastal fairway
2026-09-08 18:00:00,211874000,9482104,PACIFIC HORIZON,V2AB4,Crude Oil Tanker,14.8,"Augusta/Syracuse Offshore Fairway (Sicily, Italy)",Benghazi Commercial Anchorage (Libya),33.636998,18.776661,15.0,140.8,141,-0.2,Under way using engine,BENGHAZI,09-09 01:00,Normal,None,Inbound passage approaching Benghazi coastal fairway
2026-09-08 18:03:00,211874000,9482104,PACIFIC HORIZON,V2AB4,Crude Oil Tanker,14.8,"Augusta/Syracuse Offshore Fairway (Sicily, Italy)",Benghazi Commercial Anchorage (Libya),33.62726,18.786165,15.0,141.1,141,-0.1,Under way using engine,BENGHAZI,09-09 01:00,Normal,None,Inbound passage approaching Benghazi coastal fairway
2026-09-08 18:06:00,211874000,9482104,PACIFIC HORIZON,V2AB4,Crude Oil Tanker,14.8,"Augusta/Syracuse Offshore Fairway (Sicily, Italy)",Benghazi Commercial Anchorage (Libya),33.617522,18.795651,15.1,140.8,141,0.1,Under way using engine,BENGHAZI,09-09 01:00,Normal,None,Inbound passage approaching Benghazi coastal fairway
2026-09-08 18:09:00,211874000,9482104,PACIFIC HORIZON,V2AB4,Crude Oil Tanker,14.8,"Augusta/Syracuse Offshore Fairway (Sicily, Italy)",Benghazi Commercial Anchorage (Libya),33.607802,18.805164,15.0,140.5,141,-0.1,Under way using engine,BENGHAZI,09-09 01:00,Normal,None,Inbound passage approaching Benghazi coastal fairway
2026-09-08 18:12:00,211874000,9482104,PACIFIC HORIZON,V2AB4,Crude Oil Tanker,14.8,"Augusta/Syracuse Offshore Fairway (Sicily, Italy)",Benghazi Commercial Anchorage (Libya),33.598214,18.81484,15.0,139.9,140,-0.0,Under way using engine,BENGHAZI,09-09 01:00,Normal,None,Inbound passage approaching Benghazi coastal fairway
2026-09-08 18:15:00,211874000,9482104,PACIFIC HORIZON,V2AB4,Crude Oil Tanker,14.8,"Augusta/Syracuse Offshore Fairway (Sicily, Italy)",Benghazi Commercial Anchorage (Libya),33.58854,18.824393,15.0,139.9,140,0.0,Under way using engine,BENGHAZI,09-09 01:00,Normal,None,Inbound passage approaching Benghazi coastal fairway
2026-09-08 18:18:00,211874000,9482104,PACIFIC HORIZON,V2AB4,Crude Oil Tanker,14.8,"Augusta/Syracuse Offshore Fairway (Sicily, Italy)",Benghazi Commercial Anchorage (Libya),33.578993,18.834092,15.1,140.3,140,0.2,Under way using engine,BENGHAZI,09-09 01:00,Normal,None,Inbound passage approaching Benghazi coastal fairway
2026-09-08 18:21:00,211874000,9482104,PACIFIC HORIZON,V2AB4,Crude Oil Tanker,14.8,"Augusta/Syracuse Offshore Fairway (Sicily, Italy)",Benghazi Commercial Anchorage (Libya),33.569319,18.843667,15.1,140.6,141,0.0,Under way using engine,BENGHAZI,09-09 01:00,Normal,None,Inbound passage approaching Benghazi coastal fairway
2026-09-08 18:24:00,211874000,9482104,PACIFIC HORIZON,V2AB4,Crude Oil Tanker,14.8,"Augusta/Syracuse Offshore Fairway (Sicily, Italy)",Benghazi Commercial Anchorage (Libya),33.559729,18.853312,15.0,139.5,140,-0.2,Under way using engine,BENGHAZI,09-09 01:00,Normal,None,Inbound passage approaching Benghazi coastal fairway
2026-09-08 18:27:00,211874000,9482104,PACIFIC HORIZON,V2AB4,Crude Oil Tanker,14.8,"Augusta/Syracuse Offshore Fairway (Sicily, Italy)",Benghazi Commercial Anchorage (Libya),33.550139,18.862949,15.0,140.3,140,0.2,Under way using engine,BENGHAZI,09-09 01:00,Normal,None,Inbound passage approaching Benghazi coastal fairway
2026-09-08 18:30:00,211874000,9482104,PACIFIC HORIZON,V2AB4,Crude Oil Tanker,14.8,"Augusta/Syracuse Offshore Fairway (Sicily, Italy)",Benghazi Commercial Anchorage (Libya),33.540478,18.872504,15.0,140.3,140,-0.1,Under way using engine,BENGHAZI,09-09 01:00,Normal,None,Inbound passage approaching Benghazi coastal fairway
2026-09-08 18:33:00,211874000,9482104,PACIFIC HORIZON,V2AB4,Crude Oil Tanker,14.8,"Augusta/Syracuse Offshore Fairway (Sicily, Italy)",Benghazi Commercial Anchorage (Libya),33.530878,18.882165,15.0,139.9,140,0.1,Under way using engine,BENGHAZI,09-09 01:00,Normal,None,Inbound passage approaching Benghazi coastal fairway
2026-09-08 18:36:00,211874000,9482104,PACIFIC HORIZON,V2AB4,Crude Oil Tanker,14.8,"Augusta/Syracuse Offshore Fairway (Sicily, Italy)",Benghazi Commercial Anchorage (Libya),33.521274,18.891798,15.0,140.7,141,-0.0,Under way using engine,BENGHAZI,09-09 01:00,Normal,None,Inbound passage approaching Benghazi coastal fairway
2026-09-08 18:39:00,211874000,9482104,PACIFIC HORIZON,V2AB4,Crude Oil Tanker,14.8,"Augusta/Syracuse Offshore Fairway (Sicily, Italy)",Benghazi Commercial Anchorage (Libya),33.511582,18.901306,15.1,140.8,141,0.0,Under way using engine,BENGHAZI,09-09 01:00,Normal,None,Inbound passage approaching Benghazi coastal fairway
2026-09-08 18:42:00,211874000,9482104,PACIFIC HORIZON,V2AB4,Crude Oil Tanker,14.8,"Augusta/Syracuse Offshore Fairway (Sicily, Italy)",Benghazi Commercial Anchorage (Libya),33.501889,18.9108,15.0,140.6,141,-0.1,Under way using engine,BENGHAZI,09-09 01:00,Normal,None,Inbound passage approaching Benghazi coastal fairway
2026-09-08 18:45:00,211874000,9482104,PACIFIC HORIZON,V2AB4,Crude Oil Tanker,14.8,"Augusta/Syracuse Offshore Fairway (Sicily, Italy)",Benghazi Commercial Anchorage (Libya),33.492206,18.920332,15.0,140.6,141,0.0,Under way using engine,BENGHAZI,09-09 01:00,Normal,None,Inbound passage approaching Benghazi coastal fairway
2026-09-08 18:48:00,211874000,9482104,PACIFIC HORIZON,V2AB4,Crude Oil Tanker,14.8,"Augusta/Syracuse Offshore Fairway (Sicily, Italy)",Benghazi Commercial Anchorage (Libya),33.482574,18.929921,15.0,140.5,141,0.3,Under way using engine,BENGHAZI,09-09 01:00,Normal,None,Inbound passage approaching Benghazi coastal fairway
2026-09-08 18:51:00,211874000,9482104,PACIFIC HORIZON,V2AB4,Crude Oil Tanker,14.8,"Augusta/Syracuse Offshore Fairway (Sicily, Italy)",Benghazi Commercial Anchorage (Libya),33.472914,18.939437,15.0,140.6,141,-0.1,Under way using engine,BENGHAZI,09-09 01:00,Normal,None,Inbound passage approaching Benghazi coastal fairway
2026-09-08 18:54:00,211874000,9482104,PACIFIC HORIZON,V2AB4,Crude Oil Tanker,14.8,"Augusta/Syracuse Offshore Fairway (Sicily, Italy)",Benghazi Commercial Anchorage (Libya),33.463242,18.948948,15.0,140.8,141,-0.1,Under way using engine,BENGHAZI,09-09 01:00,Normal,None,Inbound passage approaching Benghazi coastal fairway
2026-09-08 18:57:00,211874000,9482104,PACIFIC HORIZON,V2AB4,Crude Oil Tanker,14.8,"Augusta/Syracuse Offshore Fairway (Sicily, Italy)",Benghazi Commercial Anchorage (Libya),33.45357,18.958464,14.9,141.4,142,-0.1,Under way using engine,BENGHAZI,09-09 01:00,Normal,None,Inbound passage approaching Benghazi coastal fairway
2026-09-08 19:00:00,211874000,9482104,PACIFIC HORIZON,V2AB4,Crude Oil Tanker,14.8,"Augusta/Syracuse Offshore Fairway (Sicily, Italy)",Benghazi Commercial Anchorage (Libya),33.443796,18.967819,15.0,141.3,141,0.0,Under way using engine,BENGHAZI,09-09 01:00,Normal,None,Inbound passage approaching Benghazi coastal fairway
2026-09-08 19:03:00,211874000,9482104,PACIFIC HORIZON,V2AB4,Crude Oil Tanker,14.8,"Augusta/Syracuse Offshore Fairway (Sicily, Italy)",Benghazi Commercial Anchorage (Libya),33.434095,18.977302,15.0,140.5,141,0.0,Under way using engine,BENGHAZI,09-09 01:00,Normal,None,Inbound passage approaching Benghazi coastal fairway
2026-09-08 19:06:00,211874000,9482104,PACIFIC HORIZON,V2AB4,Crude Oil Tanker,14.8,"Augusta/Syracuse Offshore Fairway (Sicily, Italy)",Benghazi Commercial Anchorage (Libya),33.424363,18.986698,15.0,141.3,141,-0.1,Under way using engine,BENGHAZI,09-09 01:00,Normal,None,Inbound passage approaching Benghazi coastal fairway
2026-09-08 19:09:00,211874000,9482104,PACIFIC HORIZON,V2AB4,Crude Oil Tanker,14.8,"Augusta/Syracuse Offshore Fairway (Sicily, Italy)",Benghazi Commercial Anchorage (Libya),33.414566,18.996036,15.0,141.7,142,-0.1,Under way using engine,BENGHAZI,09-09 01:00,Normal,None,Inbound passage approaching Benghazi coastal fairway
2026-09-08 19:12:00,211874000,9482104,PACIFIC HORIZON,V2AB4,Crude Oil Tanker,14.8,"Augusta/Syracuse Offshore Fairway (Sicily, Italy)",Benghazi Commercial Anchorage (Libya),33.404742,19.00527,15.0,142.4,142,0.1,Under way using engine,BENGHAZI,09-09 01:00,Normal,None,Inbound passage approaching Benghazi coastal fairway
2026-09-08 19:15:00,211874000,9482104,PACIFIC HORIZON,V2AB4,Crude Oil Tanker,14.8,"Augusta/Syracuse Offshore Fairway (Sicily, Italy)",Benghazi Commercial Anchorage (Libya),33.394863,19.014472,15.0,142.1,142,0.1,Under way using engine,BENGHAZI,09-09 01:00,Normal,None,Inbound passage approaching Benghazi coastal fairway
2026-09-08 19:18:00,211874000,9482104,PACIFIC HORIZON,V2AB4,Crude Oil Tanker,14.8,"Augusta/Syracuse Offshore Fairway (Sicily, Italy)",Benghazi Commercial Anchorage (Libya),33.385028,19.023676,15.0,142.2,142,-0.1,Under way using engine,BENGHAZI,09-09 01:00,Normal,None,Inbound passage approaching Benghazi coastal fairway
2026-09-08 19:21:00,211874000,9482104,PACIFIC HORIZON,V2AB4,Crude Oil Tanker,14.8,"Augusta/Syracuse Offshore Fairway (Sicily, Italy)",Benghazi Commercial Anchorage (Libya),33.375255,19.033018,15.0,141.0,141,0.1,Under way using engine,BENGHAZI,09-09 01:00,Normal,None,Inbound passage approaching Benghazi coastal fairway
2026-09-08 19:24:00,211874000,9482104,PACIFIC HORIZON,V2AB4,Crude Oil Tanker,14.8,"Augusta/Syracuse Offshore Fairway (Sicily, Italy)",Benghazi Commercial Anchorage (Libya),33.365583,19.042494,15.0,140.4,140,0.1,Under way using engine,BENGHAZI,09-09 01:00,Normal,None,Inbound passage approaching Benghazi coastal fairway
2026-09-08 19:27:00,211874000,9482104,PACIFIC HORIZON,V2AB4,Crude Oil Tanker,14.8,"Augusta/Syracuse Offshore Fairway (Sicily, Italy)",Benghazi Commercial Anchorage (Libya),33.355886,19.051955,15.0,141.1,141,-0.0,Under way using engine,BENGHAZI,09-09 01:00,Normal,None,Inbound passage approaching Benghazi coastal fairway
2026-09-08 19:30:00,211874000,9482104,PACIFIC HORIZON,V2AB4,Crude Oil Tanker,14.8,"Augusta/Syracuse Offshore Fairway (Sicily, Italy)",Benghazi Commercial Anchorage (Libya),33.346169,19.061324,15.0,141.3,141,0.1,Under way using engine,BENGHAZI,09-09 01:00,Normal,None,Inbound passage approaching Benghazi coastal fairway
2026-09-08 19:33:00,211874000,9482104,PACIFIC HORIZON,V2AB4,Crude Oil Tanker,14.8,"Augusta/Syracuse Offshore Fairway (Sicily, Italy)",Benghazi Commercial Anchorage (Libya),33.336376,19.070638,15.0,141.6,142,0.1,Under way using engine,BENGHAZI,09-09 01:00,Normal,None,Inbound passage approaching Benghazi coastal fairway
2026-09-08 19:36:00,211874000,9482104,PACIFIC HORIZON,V2AB4,Crude Oil Tanker,14.8,"Augusta/Syracuse Offshore Fairway (Sicily, Italy)",Benghazi Commercial Anchorage (Libya),33.326672,19.08008,15.0,141.1,141,-0.1,Under way using engine,BENGHAZI,09-09 01:00,Normal,None,Inbound passage approaching Benghazi coastal fairway
2026-09-08 19:39:00,211874000,9482104,PACIFIC HORIZON,V2AB4,Crude Oil Tanker,14.8,"Augusta/Syracuse Offshore Fairway (Sicily, Italy)",Benghazi Commercial Anchorage (Libya),33.31695,19.089506,15.0,141.0,141,0.2,Under way using engine,BENGHAZI,09-09 01:00,Normal,None,Inbound passage approaching Benghazi coastal fairway
2026-09-08 19:42:00,211874000,9482104,PACIFIC HORIZON,V2AB4,Crude Oil Tanker,14.8,"Augusta/Syracuse Offshore Fairway (Sicily, Italy)",Benghazi Commercial Anchorage (Libya),33.307257,19.098954,15.0,141.0,141,0.1,Under way using engine,BENGHAZI,09-09 01:00,Normal,None,Inbound passage approaching Benghazi coastal fairway
2026-09-08 19:45:00,211874000,9482104,PACIFIC HORIZON,V2AB4,Crude Oil Tanker,14.8,"Augusta/Syracuse Offshore Fairway (Sicily, Italy)",Benghazi Commercial Anchorage (Libya),33.297646,19.108504,15.0,140.6,141,0.1,Under way using engine,BENGHAZI,09-09 01:00,Normal,None,Inbound passage approaching Benghazi coastal fairway
2026-09-08 19:48:00,211874000,9482104,PACIFIC HORIZON,V2AB4,Crude Oil Tanker,14.8,"Augusta/Syracuse Offshore Fairway (Sicily, Italy)",Benghazi Commercial Anchorage (Libya),33.28792,19.117873,15.0,141.5,142,-0.1,Under way using engine,BENGHAZI,09-09 01:00,Normal,None,Inbound passage approaching Benghazi coastal fairway
2026-09-08 19:51:00,211874000,9482104,PACIFIC HORIZON,V2AB4,Crude Oil Tanker,14.8,"Augusta/Syracuse Offshore Fairway (Sicily, Italy)",Benghazi Commercial Anchorage (Libya),33.27814,19.127172,15.0,142.0,142,0.1,Under way using engine,BENGHAZI,09-09 01:00,Normal,None,Inbound passage approaching Benghazi coastal fairway
2026-09-08 19:54:00,211874000,9482104,PACIFIC HORIZON,V2AB4,Crude Oil Tanker,14.8,"Augusta/Syracuse Offshore Fairway (Sicily, Italy)",Benghazi Commercial Anchorage (Libya),33.268299,19.136377,15.0,142.1,142,0.1,Under way using engine,BENGHAZI,09-09 01:00,Normal,None,Inbound passage approaching Benghazi coastal fairway
2026-09-08 19:57:00,211874000,9482104,PACIFIC HORIZON,V2AB4,Crude Oil Tanker,14.8,"Augusta/Syracuse Offshore Fairway (Sicily, Italy)",Benghazi Commercial Anchorage (Libya),33.258449,19.145537,15.0,141.6,142,-0.1,Under way using engine,BENGHAZI,09-09 01:00,Normal,None,Inbound passage approaching Benghazi coastal fairway
2026-09-08 20:00:00,211874000,9482104,PACIFIC HORIZON,V2AB4,Crude Oil Tanker,14.8,"Augusta/Syracuse Offshore Fairway (Sicily, Italy)",Benghazi Commercial Anchorage (Libya),33.248629,19.154785,15.0,141.5,142,0.1,Under way using engine,BENGHAZI,09-09 01:00,Normal,None,Inbound passage approaching Benghazi coastal fairway
2026-09-08 20:03:00,211874000,9482104,PACIFIC HORIZON,V2AB4,Crude Oil Tanker,14.8,"Augusta/Syracuse Offshore Fairway (Sicily, Italy)",Benghazi Commercial Anchorage (Libya),33.238792,19.163938,14.9,142.4,143,-0.1,Under way using engine,BENGHAZI,09-09 01:00,Normal,None,Inbound passage approaching Benghazi coastal fairway
2026-09-08 20:06:00,211874000,9482104,PACIFIC HORIZON,V2AB4,Crude Oil Tanker,14.8,"Augusta/Syracuse Offshore Fairway (Sicily, Italy)",Benghazi Commercial Anchorage (Libya),33.228929,19.172981,14.8,144.6,145,3.1,Under way using engine,BENGHAZI,09-09 01:00,Normal,None,Decelerating to pilot boarding speed outside Benghazi anchorage
2026-09-08 20:09:00,211874000,9482104,PACIFIC HORIZON,V2AB4,Crude Oil Tanker,14.8,"Augusta/Syracuse Offshore Fairway (Sicily, Italy)",Benghazi Commercial Anchorage (Libya),33.219008,19.180825,14.0,146.0,146,-0.9,Under way using engine,BENGHAZI,09-09 01:00,Normal,None,Decelerating to pilot boarding speed outside Benghazi anchorage
2026-09-08 20:12:00,211874000,9482104,PACIFIC HORIZON,V2AB4,Crude Oil Tanker,14.8,"Augusta/Syracuse Offshore Fairway (Sicily, Italy)",Benghazi Commercial Anchorage (Libya),33.209789,19.188568,13.2,145.6,146,0.1,Under way using engine,BENGHAZI,09-09 01:00,Normal,None,Decelerating to pilot boarding speed outside Benghazi anchorage
2026-09-08 20:15:00,211874000,9482104,PACIFIC HORIZON,V2AB4,Crude Oil Tanker,14.8,"Augusta/Syracuse Offshore Fairway (Sicily, Italy)",Benghazi Commercial Anchorage (Libya),33.201039,19.195816,12.5,144.5,145,0.0,Under way using engine,BENGHAZI,09-09 01:00,Normal,None,Decelerating to pilot boarding speed outside Benghazi anchorage
2026-09-08 20:18:00,211874000,9482104,PACIFIC HORIZON,V2AB4,Crude Oil Tanker,14.8,"Augusta/Syracuse Offshore Fairway (Sicily, Italy)",Benghazi Commercial Anchorage (Libya),33.19284,19.202783,11.8,144.8,145,0.1,Under way using engine,BENGHAZI,09-09 01:00,Normal,None,Decelerating to pilot boarding speed outside Benghazi anchorage
2026-09-08 20:21:00,211874000,9482104,PACIFIC HORIZON,V2AB4,Crude Oil Tanker,14.8,"Augusta/Syracuse Offshore Fairway (Sicily, Italy)",Benghazi Commercial Anchorage (Libya),33.185162,19.209266,11.0,145.0,145,-0.1,Under way using engine,BENGHAZI,09-09 01:00,Normal,None,Decelerating to pilot boarding speed outside Benghazi anchorage
2026-09-08 20:24:00,211874000,9482104,PACIFIC HORIZON,V2AB4,Crude Oil Tanker,14.8,"Augusta/Syracuse Offshore Fairway (Sicily, Italy)",Benghazi Commercial Anchorage (Libya),33.177914,19.215203,10.2,145.5,146,-0.1,Under way using engine,BENGHAZI,09-09 01:00,Normal,None,Decelerating to pilot boarding speed outside Benghazi anchorage
2026-09-08 20:27:00,211874000,9482104,PACIFIC HORIZON,V2AB4,Crude Oil Tanker,14.8,"Augusta/Syracuse Offshore Fairway (Sicily, Italy)",Benghazi Commercial Anchorage (Libya),33.171229,19.22077,9.4,144.9,145,-0.0,Under way using engine,BENGHAZI,09-09 01:00,Normal,None,Decelerating to pilot boarding speed outside Benghazi anchorage
2026-09-08 20:30:00,211874000,9482104,PACIFIC HORIZON,V2AB4,Crude Oil Tanker,14.8,"Augusta/Syracuse Offshore Fairway (Sicily, Italy)",Benghazi Commercial Anchorage (Libya),33.165036,19.225885,8.7,145.7,146,0.1,Under way using engine,BENGHAZI,09-09 01:00,Normal,None,Decelerating to pilot boarding speed outside Benghazi anchorage
2026-09-08 20:33:00,211874000,9482104,PACIFIC HORIZON,V2AB4,Crude Oil Tanker,14.8,"Augusta/Syracuse Offshore Fairway (Sicily, Italy)",Benghazi Commercial Anchorage (Libya),33.159113,19.230839,8.7,144.5,145,-0.0,Under way using engine,BENGHAZI,09-09 01:00,Normal,None,Decelerating to pilot boarding speed outside Benghazi anchorage
2026-09-08 20:36:00,211874000,9482104,PACIFIC HORIZON,V2AB4,Crude Oil Tanker,14.8,"Augusta/Syracuse Offshore Fairway (Sicily, Italy)",Benghazi Commercial Anchorage (Libya),33.153246,19.235887,8.7,143.6,144,-0.2,Under way using engine,BENGHAZI,09-09 01:00,Normal,None,Decelerating to pilot boarding speed outside Benghazi anchorage
2026-09-08 20:39:00,211874000,9482104,PACIFIC HORIZON,V2AB4,Crude Oil Tanker,14.8,"Augusta/Syracuse Offshore Fairway (Sicily, Italy)",Benghazi Commercial Anchorage (Libya),33.147391,19.240976,8.7,144.5,145,0.0,Under way using engine,BENGHAZI,09-09 01:00,Normal,None,Decelerating to pilot boarding speed outside Benghazi anchorage
2026-09-08 20:42:00,211874000,9482104,PACIFIC HORIZON,V2AB4,Crude Oil Tanker,14.8,"Augusta/Syracuse Offshore Fairway (Sicily, Italy)",Benghazi Commercial Anchorage (Libya),33.141479,19.245937,8.6,144.7,145,-0.0,Under way using engine,BENGHAZI,09-09 01:00,Normal,None,Decelerating to pilot boarding speed outside Benghazi anchorage
2026-09-08 20:45:00,211874000,9482104,PACIFIC HORIZON,V2AB4,Crude Oil Tanker,14.8,"Augusta/Syracuse Offshore Fairway (Sicily, Italy)",Benghazi Commercial Anchorage (Libya),33.13558,19.250931,8.7,145.0,146,0.1,Under way using engine,BENGHAZI,09-09 01:00,Normal,None,Decelerating to pilot boarding speed outside Benghazi anchorage
2026-09-08 20:48:00,211874000,9482104,PACIFIC HORIZON,V2AB4,Crude Oil Tanker,14.8,"Augusta/Syracuse Offshore Fairway (Sicily, Italy)",Benghazi Commercial Anchorage (Libya),33.129606,19.255797,8.7,145.9,147,0.0,Under way using engine,BENGHAZI,09-09 01:00,Normal,None,Decelerating to pilot boarding speed outside Benghazi anchorage
2026-09-08 20:51:00,211874000,9482104,PACIFIC HORIZON,V2AB4,Crude Oil Tanker,14.8,"Augusta/Syracuse Offshore Fairway (Sicily, Italy)",Benghazi Commercial Anchorage (Libya),33.123725,19.26077,8.7,144.6,145,0.1,Under way using engine,BENGHAZI,09-09 01:00,Normal,None,Decelerating to pilot boarding speed outside Benghazi anchorage
2026-09-08 20:54:00,211874000,9482104,PACIFIC HORIZON,V2AB4,Crude Oil Tanker,14.8,"Augusta/Syracuse Offshore Fairway (Sicily, Italy)",Benghazi Commercial Anchorage (Libya),33.117797,19.265695,8.7,145.1,146,0.1,Under way using engine,BENGHAZI,09-09 01:00,Normal,None,Decelerating to pilot boarding speed outside Benghazi anchorage
2026-09-08 20:57:00,211874000,9482104,PACIFIC HORIZON,V2AB4,Crude Oil Tanker,14.8,"Augusta/Syracuse Offshore Fairway (Sicily, Italy)",Benghazi Commercial Anchorage (Libya),33.111913,19.270654,8.7,145.0,146,-0.0,Under way using engine,BENGHAZI,09-09 01:00,Normal,None,Decelerating to pilot boarding speed outside Benghazi anchorage
2026-09-08 21:00:00,211874000,9482104,PACIFIC HORIZON,V2AB4,Crude Oil Tanker,14.8,"Augusta/Syracuse Offshore Fairway (Sicily, Italy)",Benghazi Commercial Anchorage (Libya),33.106024,19.275657,8.7,144.5,145,0.1,Under way using engine,BENGHAZI,09-09 01:00,Normal,None,Decelerating to pilot boarding speed outside Benghazi anchorage
2026-09-08 21:03:00,211874000,9482104,PACIFIC HORIZON,V2AB4,Crude Oil Tanker,14.8,"Augusta/Syracuse Offshore Fairway (Sicily, Italy)",Benghazi Commercial Anchorage (Libya),33.100098,19.280563,8.7,144.8,145,-0.1,Under way using engine,BENGHAZI,09-09 01:00,Normal,None,Decelerating to pilot boarding speed outside Benghazi anchorage
2026-09-08 21:06:00,211874000,9482104,PACIFIC HORIZON,V2AB4,Crude Oil Tanker,14.8,"Augusta/Syracuse Offshore Fairway (Sicily, Italy)",Benghazi Commercial Anchorage (Libya),33.094183,19.285481,8.6,145.3,146,-0.0,Under way using engine,BENGHAZI,09-09 01:00,Normal,None,Decelerating to pilot boarding speed outside Benghazi anchorage
2026-09-08 21:09:00,211874000,9482104,PACIFIC HORIZON,V2AB4,Crude Oil Tanker,14.8,"Augusta/Syracuse Offshore Fairway (Sicily, Italy)",Benghazi Commercial Anchorage (Libya),33.088269,19.290411,8.6,144.6,145,0.2,Under way using engine,BENGHAZI,09-09 01:00,Normal,None,Decelerating to pilot boarding speed outside Benghazi anchorage
2026-09-08 21:12:00,211874000,9482104,PACIFIC HORIZON,V2AB4,Crude Oil Tanker,14.8,"Augusta/Syracuse Offshore Fairway (Sicily, Italy)",Benghazi Commercial Anchorage (Libya),33.082393,19.29542,8.7,145.0,146,0.1,Under way using engine,BENGHAZI,09-09 01:00,Normal,None,Decelerating to pilot boarding speed outside Benghazi anchorage
2026-09-08 21:15:00,211874000,9482104,PACIFIC HORIZON,V2AB4,Crude Oil Tanker,14.8,"Augusta/Syracuse Offshore Fairway (Sicily, Italy)",Benghazi Commercial Anchorage (Libya),33.076517,19.300378,8.6,145.0,146,0.1,Under way using engine,BENGHAZI,09-09 01:00,Normal,None,Decelerating to pilot boarding speed outside Benghazi anchorage
2026-09-08 21:18:00,211874000,9482104,PACIFIC HORIZON,V2AB4,Crude Oil Tanker,14.8,"Augusta/Syracuse Offshore Fairway (Sicily, Italy)",Benghazi Commercial Anchorage (Libya),33.070626,19.305327,8.7,144.7,145,-0.1,Under way using engine,BENGHAZI,09-09 01:00,Normal,None,Decelerating to pilot boarding speed outside Benghazi anchorage
2026-09-08 21:21:00,211874000,9482104,PACIFIC HORIZON,V2AB4,Crude Oil Tanker,14.8,"Augusta/Syracuse Offshore Fairway (Sicily, Italy)",Benghazi Commercial Anchorage (Libya),33.064677,19.310213,8.7,145.9,147,0.0,Under way using engine,BENGHAZI,09-09 01:00,Normal,None,Decelerating to pilot boarding speed outside Benghazi anchorage
2026-09-08 21:24:00,211874000,9482104,PACIFIC HORIZON,V2AB4,Crude Oil Tanker,14.8,"Augusta/Syracuse Offshore Fairway (Sicily, Italy)",Benghazi Commercial Anchorage (Libya),33.058674,19.314974,8.7,146.5,147,0.1,Under way using engine,BENGHAZI,09-09 01:00,Normal,None,Decelerating to pilot boarding speed outside Benghazi anchorage
2026-09-08 21:27:00,211874000,9482104,PACIFIC HORIZON,V2AB4,Crude Oil Tanker,14.8,"Augusta/Syracuse Offshore Fairway (Sicily, Italy)",Benghazi Commercial Anchorage (Libya),33.052693,19.319741,8.6,145.8,146,-0.1,Under way using engine,BENGHAZI,09-09 01:00,Normal,None,Decelerating to pilot boarding speed outside Benghazi anchorage
2026-09-08 21:30:00,211874000,9482104,PACIFIC HORIZON,V2AB4,Crude Oil Tanker,14.8,"Augusta/Syracuse Offshore Fairway (Sicily, Italy)",Benghazi Commercial Anchorage (Libya),33.0467,19.324509,8.7,146.3,147,0.1,Under way using engine,BENGHAZI,09-09 01:00,Normal,None,Decelerating to pilot boarding speed outside Benghazi anchorage
2026-09-08 21:33:00,211874000,9482104,PACIFIC HORIZON,V2AB4,Crude Oil Tanker,14.8,"Augusta/Syracuse Offshore Fairway (Sicily, Italy)",Benghazi Commercial Anchorage (Libya),33.040722,19.329327,8.7,145.8,146,-0.1,Under way using engine,BENGHAZI,09-09 01:00,Normal,None,Decelerating to pilot boarding speed outside Benghazi anchorage
2026-09-08 21:36:00,211874000,9482104,PACIFIC HORIZON,V2AB4,Crude Oil Tanker,14.8,"Augusta/Syracuse Offshore Fairway (Sicily, Italy)",Benghazi Commercial Anchorage (Libya),33.034777,19.334192,8.6,145.2,146,-0.1,Under way using engine,BENGHAZI,09-09 01:00,Normal,None,Decelerating to pilot boarding speed outside Benghazi anchorage
2026-09-08 21:39:00,211874000,9482104,PACIFIC HORIZON,V2AB4,Crude Oil Tanker,14.8,"Augusta/Syracuse Offshore Fairway (Sicily, Italy)",Benghazi Commercial Anchorage (Libya),33.028835,19.339073,8.7,145.2,146,-0.2,Under way using engine,BENGHAZI,09-09 01:00,Normal,None,Decelerating to pilot boarding speed outside Benghazi anchorage
2026-09-08 21:42:00,211874000,9482104,PACIFIC HORIZON,V2AB4,Crude Oil Tanker,14.8,"Augusta/Syracuse Offshore Fairway (Sicily, Italy)",Benghazi Commercial Anchorage (Libya),33.022919,19.343996,8.7,145.9,146,0.3,Under way using engine,BENGHAZI,09-09 01:00,Normal,None,Decelerating to pilot boarding speed outside Benghazi anchorage
2026-09-08 21:45:00,211874000,9482104,PACIFIC HORIZON,V2AB4,Crude Oil Tanker,14.8,"Augusta/Syracuse Offshore Fairway (Sicily, Italy)",Benghazi Commercial Anchorage (Libya),33.016967,19.348864,8.6,145.4,146,-0.1,Under way using engine,BENGHAZI,09-09 01:00,Normal,None,Decelerating to pilot boarding speed outside Benghazi anchorage
2026-09-08 21:48:00,211874000,9482104,PACIFIC HORIZON,V2AB4,Crude Oil Tanker,14.8,"Augusta/Syracuse Offshore Fairway (Sicily, Italy)",Benghazi Commercial Anchorage (Libya),33.011066,19.353785,8.7,145.3,146,0.0,Under way using engine,BENGHAZI,09-09 01:00,Normal,None,Decelerating to pilot boarding speed outside Benghazi anchorage
2026-09-08 21:51:00,211874000,9482104,PACIFIC HORIZON,V2AB4,Crude Oil Tanker,14.8,"Augusta/Syracuse Offshore Fairway (Sicily, Italy)",Benghazi Commercial Anchorage (Libya),33.005116,19.358667,8.7,145.6,146,0.1,Under way using engine,BENGHAZI,09-09 01:00,Normal,None,Decelerating to pilot boarding speed outside Benghazi anchorage
2026-09-08 21:54:00,211874000,9482104,PACIFIC HORIZON,V2AB4,Crude Oil Tanker,14.8,"Augusta/Syracuse Offshore Fairway (Sicily, Italy)",Benghazi Commercial Anchorage (Libya),32.999176,19.36354,8.6,145.4,146,0.1,Under way using engine,BENGHAZI,09-09 01:00,Normal,None,Decelerating to pilot boarding speed outside Benghazi anchorage
2026-09-08 21:57:00,211874000,9482104,PACIFIC HORIZON,V2AB4,Crude Oil Tanker,14.8,"Augusta/Syracuse Offshore Fairway (Sicily, Italy)",Benghazi Commercial Anchorage (Libya),32.993203,19.36837,8.7,145.5,146,-0.0,Under way using engine,BENGHAZI,09-09 01:00,Normal,None,Decelerating to pilot boarding speed outside Benghazi anchorage
2026-09-08 22:00:00,211874000,9482104,PACIFIC HORIZON,V2AB4,Crude Oil Tanker,14.8,"Augusta/Syracuse Offshore Fairway (Sicily, Italy)",Benghazi Commercial Anchorage (Libya),32.987318,19.373318,8.6,144.6,145,0.1,Under way using engine,BENGHAZI,09-09 01:00,Normal,None,Decelerating to pilot boarding speed outside Benghazi anchorage
2026-09-08 22:03:00,211874000,9482104,PACIFIC HORIZON,V2AB4,Crude Oil Tanker,14.8,"Augusta/Syracuse Offshore Fairway (Sicily, Italy)",Benghazi Commercial Anchorage (Libya),32.981413,19.37824,8.7,144.9,145,-0.1,Under way using engine,BENGHAZI,09-09 01:00,Normal,None,Decelerating to pilot boarding speed outside Benghazi anchorage
2026-09-08 22:06:00,211874000,9482104,PACIFIC HORIZON,V2AB4,Crude Oil Tanker,14.8,"Augusta/Syracuse Offshore Fairway (Sicily, Italy)",Benghazi Commercial Anchorage (Libya),32.975519,19.383206,8.7,144.6,145,0.3,Under way using engine,BENGHAZI,09-09 01:00,Normal,None,Decelerating to pilot boarding speed outside Benghazi anchorage
2026-09-08 22:09:00,211874000,9482104,PACIFIC HORIZON,V2AB4,Crude Oil Tanker,14.8,"Augusta/Syracuse Offshore Fairway (Sicily, Italy)",Benghazi Commercial Anchorage (Libya),32.969605,19.388118,8.6,145.4,146,-0.2,Under way using engine,BENGHAZI,09-09 01:00,Normal,None,Decelerating to pilot boarding speed outside Benghazi anchorage
2026-09-08 22:12:00,211874000,9482104,PACIFIC HORIZON,V2AB4,Crude Oil Tanker,14.8,"Augusta/Syracuse Offshore Fairway (Sicily, Italy)",Benghazi Commercial Anchorage (Libya),32.963679,19.393009,8.6,146.0,147,0.0,Under way using engine,BENGHAZI,09-09 01:00,Normal,None,Decelerating to pilot boarding speed outside Benghazi anchorage
2026-09-08 22:15:00,211874000,9482104,PACIFIC HORIZON,V2AB4,Crude Oil Tanker,14.8,"Augusta/Syracuse Offshore Fairway (Sicily, Italy)",Benghazi Commercial Anchorage (Libya),32.957696,19.397829,8.7,145.0,146,0.0,Under way using engine,BENGHAZI,09-09 01:00,Normal,None,Decelerating to pilot boarding speed outside Benghazi anchorage
2026-09-08 22:18:00,211874000,9482104,PACIFIC HORIZON,V2AB4,Crude Oil Tanker,14.8,"Augusta/Syracuse Offshore Fairway (Sicily, Italy)",Benghazi Commercial Anchorage (Libya),32.951738,19.402679,8.7,146.2,147,0.0,Under way using engine,BENGHAZI,09-09 01:00,Normal,None,Decelerating to pilot boarding speed outside Benghazi anchorage
2026-09-08 22:21:00,211874000,9482104,PACIFIC HORIZON,V2AB4,Crude Oil Tanker,14.8,"Augusta/Syracuse Offshore Fairway (Sicily, Italy)",Benghazi Commercial Anchorage (Libya),32.945758,19.407464,8.6,145.6,146,-0.0,Under way using engine,BENGHAZI,09-09 01:00,Normal,None,Decelerating to pilot boarding speed outside Benghazi anchorage
2026-09-08 22:24:00,211874000,9482104,PACIFIC HORIZON,V2AB4,Crude Oil Tanker,14.8,"Augusta/Syracuse Offshore Fairway (Sicily, Italy)",Benghazi Commercial Anchorage (Libya),32.939804,19.412321,8.7,145.3,146,-0.1,Under way using engine,BENGHAZI,09-09 01:00,Normal,None,Decelerating to pilot boarding speed outside Benghazi anchorage
2026-09-08 22:27:00,211874000,9482104,PACIFIC HORIZON,V2AB4,Crude Oil Tanker,14.8,"Augusta/Syracuse Offshore Fairway (Sicily, Italy)",Benghazi Commercial Anchorage (Libya),32.933863,19.41717,8.7,146.0,147,0.1,Under way using engine,BENGHAZI,09-09 01:00,Normal,None,Decelerating to pilot boarding speed outside Benghazi anchorage
2026-09-08 22:30:00,211874000,9482104,PACIFIC HORIZON,V2AB4,Crude Oil Tanker,14.8,"Augusta/Syracuse Offshore Fairway (Sicily, Italy)",Benghazi Commercial Anchorage (Libya),32.927869,19.421949,8.7,146.0,147,-0.2,Under way using engine,BENGHAZI,09-09 01:00,Normal,None,Decelerating to pilot boarding speed outside Benghazi anchorage
2026-09-08 22:33:00,211874000,9482104,PACIFIC HORIZON,V2AB4,Crude Oil Tanker,14.8,"Augusta/Syracuse Offshore Fairway (Sicily, Italy)",Benghazi Commercial Anchorage (Libya),32.921905,19.426764,8.7,145.4,146,-0.1,Under way using engine,BENGHAZI,09-09 01:00,Normal,None,Decelerating to pilot boarding speed outside Benghazi anchorage
2026-09-08 22:36:00,211874000,9482104,PACIFIC HORIZON,V2AB4,Crude Oil Tanker,14.8,"Augusta/Syracuse Offshore Fairway (Sicily, Italy)",Benghazi Commercial Anchorage (Libya),32.91593,19.431548,8.7,146.2,147,0.2,Under way using engine,BENGHAZI,09-09 01:00,Normal,None,Decelerating to pilot boarding speed outside Benghazi anchorage
2026-09-08 22:39:00,211874000,9482104,PACIFIC HORIZON,V2AB4,Crude Oil Tanker,14.8,"Augusta/Syracuse Offshore Fairway (Sicily, Italy)",Benghazi Commercial Anchorage (Libya),32.909937,19.436307,8.6,146.0,147,-0.1,Under way using engine,BENGHAZI,09-09 01:00,Normal,None,Decelerating to pilot boarding speed outside Benghazi anchorage
2026-09-08 22:42:00,211874000,9482104,PACIFIC HORIZON,V2AB4,Crude Oil Tanker,14.8,"Augusta/Syracuse Offshore Fairway (Sicily, Italy)",Benghazi Commercial Anchorage (Libya),32.903927,19.441057,8.6,146.9,148,-0.0,Under way using engine,BENGHAZI,09-09 01:00,Normal,None,Decelerating to pilot boarding speed outside Benghazi anchorage
2026-09-08 22:45:00,211874000,9482104,PACIFIC HORIZON,V2AB4,Crude Oil Tanker,14.8,"Augusta/Syracuse Offshore Fairway (Sicily, Italy)",Benghazi Commercial Anchorage (Libya),32.897914,19.44579,8.6,146.4,147,0.0,Under way using engine,BENGHAZI,09-09 01:00,Normal,None,Decelerating to pilot boarding speed outside Benghazi anchorage
2026-09-08 22:48:00,211874000,9482104,PACIFIC HORIZON,V2AB4,Crude Oil Tanker,14.8,"Augusta/Syracuse Offshore Fairway (Sicily, Italy)",Benghazi Commercial Anchorage (Libya),32.891887,19.450508,8.7,146.4,147,0.0,Under way using engine,BENGHAZI,09-09 01:00,Normal,None,Decelerating to pilot boarding speed outside Benghazi anchorage
2026-09-08 22:51:00,211874000,9482104,PACIFIC HORIZON,V2AB4,Crude Oil Tanker,14.8,"Augusta/Syracuse Offshore Fairway (Sicily, Italy)",Benghazi Commercial Anchorage (Libya),32.885934,19.455313,8.6,145.4,146,0.1,Under way using engine,BENGHAZI,09-09 01:00,Normal,None,Decelerating to pilot boarding speed outside Benghazi anchorage
2026-09-08 22:54:00,211874000,9482104,PACIFIC HORIZON,V2AB4,Crude Oil Tanker,14.8,"Augusta/Syracuse Offshore Fairway (Sicily, Italy)",Benghazi Commercial Anchorage (Libya),32.880005,19.460152,8.6,146.0,147,0.0,Under way using engine,BENGHAZI,09-09 01:00,Normal,None,Decelerating to pilot boarding speed outside Benghazi anchorage
2026-09-08 22:57:00,211874000,9482104,PACIFIC HORIZON,V2AB4,Crude Oil Tanker,14.8,"Augusta/Syracuse Offshore Fairway (Sicily, Italy)",Benghazi Commercial Anchorage (Libya),32.874009,19.464913,8.6,146.2,147,0.0,Under way using engine,BENGHAZI,09-09 01:00,Normal,None,Decelerating to pilot boarding speed outside Benghazi anchorage
2026-09-08 23:00:00,211874000,9482104,PACIFIC HORIZON,V2AB4,Crude Oil Tanker,14.8,"Augusta/Syracuse Offshore Fairway (Sicily, Italy)",Benghazi Commercial Anchorage (Libya),32.868016,19.469695,8.7,146.2,147,0.0,Under way using engine,BENGHAZI,09-09 01:00,Normal,None,Decelerating to pilot boarding speed outside Benghazi anchorage
2026-09-08 23:03:00,211874000,9482104,PACIFIC HORIZON,V2AB4,Crude Oil Tanker,14.8,"Augusta/Syracuse Offshore Fairway (Sicily, Italy)",Benghazi Commercial Anchorage (Libya),32.862007,19.47445,8.7,146.0,147,0.1,Under way using engine,BENGHAZI,09-09 01:00,Normal,None,Decelerating to pilot boarding speed outside Benghazi anchorage
2026-09-08 23:06:00,211874000,9482104,PACIFIC HORIZON,V2AB4,Crude Oil Tanker,14.8,"Augusta/Syracuse Offshore Fairway (Sicily, Italy)",Benghazi Commercial Anchorage (Libya),32.856012,19.479205,8.6,145.9,146,-0.0,Under way using engine,BENGHAZI,09-09 01:00,Normal,None,Decelerating to pilot boarding speed outside Benghazi anchorage
2026-09-08 23:09:00,211874000,9482104,PACIFIC HORIZON,V2AB4,Crude Oil Tanker,14.8,"Augusta/Syracuse Offshore Fairway (Sicily, Italy)",Benghazi Commercial Anchorage (Libya),32.850072,19.484014,8.6,146.3,147,0.0,Under way using engine,BENGHAZI,09-09 01:00,Normal,None,Decelerating to pilot boarding speed outside Benghazi anchorage
2026-09-08 23:12:00,211874000,9482104,PACIFIC HORIZON,V2AB4,Crude Oil Tanker,14.8,"Augusta/Syracuse Offshore Fairway (Sicily, Italy)",Benghazi Commercial Anchorage (Libya),32.844059,19.488732,8.6,146.6,147,-0.0,Under way using engine,BENGHAZI,09-09 01:00,Normal,None,Decelerating to pilot boarding speed outside Benghazi anchorage
2026-09-08 23:15:00,211874000,9482104,PACIFIC HORIZON,V2AB4,Crude Oil Tanker,14.8,"Augusta/Syracuse Offshore Fairway (Sicily, Italy)",Benghazi Commercial Anchorage (Libya),32.838059,19.493477,8.6,146.7,147,0.0,Under way using engine,BENGHAZI,09-09 01:00,Normal,None,Decelerating to pilot boarding speed outside Benghazi anchorage
2026-09-08 23:18:00,211874000,9482104,PACIFIC HORIZON,V2AB4,Crude Oil Tanker,14.8,"Augusta/Syracuse Offshore Fairway (Sicily, Italy)",Benghazi Commercial Anchorage (Libya),32.832044,19.498234,8.6,146.6,147,-0.0,Under way using engine,BENGHAZI,09-09 01:00,Normal,None,Decelerating to pilot boarding speed outside Benghazi anchorage
2026-09-08 23:21:00,211874000,9482104,PACIFIC HORIZON,V2AB4,Crude Oil Tanker,14.8,"Augusta/Syracuse Offshore Fairway (Sicily, Italy)",Benghazi Commercial Anchorage (Libya),32.826046,19.503004,8.7,146.0,147,-0.0,Under way using engine,BENGHAZI,09-09 01:00,Normal,None,Decelerating to pilot boarding speed outside Benghazi anchorage
2026-09-08 23:24:00,211874000,9482104,PACIFIC HORIZON,V2AB4,Crude Oil Tanker,14.8,"Augusta/Syracuse Offshore Fairway (Sicily, Italy)",Benghazi Commercial Anchorage (Libya),32.820062,19.507811,8.6,146.0,146,-0.0,Under way using engine,BENGHAZI,09-09 01:00,Normal,None,Decelerating to pilot boarding speed outside Benghazi anchorage
2026-09-08 23:27:00,211874000,9482104,PACIFIC HORIZON,V2AB4,Crude Oil Tanker,14.8,"Augusta/Syracuse Offshore Fairway (Sicily, Italy)",Benghazi Commercial Anchorage (Libya),32.814071,19.512583,8.6,146.1,147,0.0,Under way using engine,BENGHAZI,09-09 01:00,Normal,None,Decelerating to pilot boarding speed outside Benghazi anchorage
2026-09-08 23:30:00,211874000,9482104,PACIFIC HORIZON,V2AB4,Crude Oil Tanker,14.8,"Augusta/Syracuse Offshore Fairway (Sicily, Italy)",Benghazi Commercial Anchorage (Libya),32.808092,19.517375,8.6,145.8,146,0.1,Under way using engine,BENGHAZI,09-09 01:00,Normal,None,Decelerating to pilot boarding speed outside Benghazi anchorage
2026-09-08 23:33:00,211874000,9482104,PACIFIC HORIZON,V2AB4,Crude Oil Tanker,14.8,"Augusta/Syracuse Offshore Fairway (Sicily, Italy)",Benghazi Commercial Anchorage (Libya),32.802114,19.522151,8.7,146.3,147,0.0,Under way using engine,BENGHAZI,09-09 01:00,Normal,None,Decelerating to pilot boarding speed outside Benghazi anchorage
2026-09-08 23:36:00,211874000,9482104,PACIFIC HORIZON,V2AB4,Crude Oil Tanker,14.8,"Augusta/Syracuse Offshore Fairway (Sicily, Italy)",Benghazi Commercial Anchorage (Libya),32.796085,19.526789,8.6,146.8,147,-0.1,Under way using engine,BENGHAZI,09-09 01:00,Normal,None,Decelerating to pilot boarding speed outside Benghazi anchorage
2026-09-08 23:39:00,211874000,9482104,PACIFIC HORIZON,V2AB4,Crude Oil Tanker,14.8,"Augusta/Syracuse Offshore Fairway (Sicily, Italy)",Benghazi Commercial Anchorage (Libya),32.790029,19.531438,8.6,147.0,148,-0.1,Under way using engine,BENGHAZI,09-09 01:00,Normal,None,Decelerating to pilot boarding speed outside Benghazi anchorage
2026-09-08 23:42:00,211874000,9482104,PACIFIC HORIZON,V2AB4,Crude Oil Tanker,14.8,"Augusta/Syracuse Offshore Fairway (Sicily, Italy)",Benghazi Commercial Anchorage (Libya),32.784055,19.536193,8.6,146.2,147,0.0,Under way using engine,BENGHAZI,09-09 01:00,Normal,None,Decelerating to pilot boarding speed outside Benghazi anchorage
2026-09-08 23:45:00,211874000,9482104,PACIFIC HORIZON,V2AB4,Crude Oil Tanker,14.8,"Augusta/Syracuse Offshore Fairway (Sicily, Italy)",Benghazi Commercial Anchorage (Libya),32.778087,19.540989,8.7,146.0,147,-0.1,Under way using engine,BENGHAZI,09-09 01:00,Normal,None,Decelerating to pilot boarding speed outside Benghazi anchorage
2026-09-08 23:48:00,211874000,9482104,PACIFIC HORIZON,V2AB4,Crude Oil Tanker,14.8,"Augusta/Syracuse Offshore Fairway (Sicily, Italy)",Benghazi Commercial Anchorage (Libya),32.772127,19.545844,8.7,145.9,146,0.1,Under way using engine,BENGHAZI,09-09 01:00,Normal,None,Decelerating to pilot boarding speed outside Benghazi anchorage
2026-09-08 23:51:00,211874000,9482104,PACIFIC HORIZON,V2AB4,Crude Oil Tanker,14.8,"Augusta/Syracuse Offshore Fairway (Sicily, Italy)",Benghazi Commercial Anchorage (Libya),32.766122,19.550612,8.7,146.1,147,-0.0,Under way using engine,BENGHAZI,09-09 01:00,Normal,None,Decelerating to pilot boarding speed outside Benghazi anchorage
2026-09-08 23:54:00,211874000,9482104,PACIFIC HORIZON,V2AB4,Crude Oil Tanker,14.8,"Augusta/Syracuse Offshore Fairway (Sicily, Italy)",Benghazi Commercial Anchorage (Libya),32.760122,19.555354,8.7,146.2,147,-0.0,Under way using engine,BENGHAZI,09-09 01:00,Normal,None,Decelerating to pilot boarding speed outside Benghazi anchorage
2026-09-08 23:57:00,211874000,9482104,PACIFIC HORIZON,V2AB4,Crude Oil Tanker,14.8,"Augusta/Syracuse Offshore Fairway (Sicily, Italy)",Benghazi Commercial Anchorage (Libya),32.75414,19.560126,8.7,146.3,147,-0.1,Under way using engine,BENGHAZI,09-09 01:00,Normal,None,Decelerating to pilot boarding speed outside Benghazi anchorage
2026-09-09 00:00:00,211874000,9482104,PACIFIC HORIZON,V2AB4,Crude Oil Tanker,14.8,"Augusta/Syracuse Offshore Fairway (Sicily, Italy)",Benghazi Commercial Anchorage (Libya),32.748192,19.564923,8.6,146.0,147,0.2,Under way using engine,BENGHAZI,09-09 01:00,Normal,None,Decelerating to pilot boarding speed outside Benghazi anchorage
2026-09-08 00:00:00,235098000,9615520,ATLANTIC VOYAGER,MAQ88,Container Ship,12.2,"Navarino/Pylos Fairway (Peloponnese, Greece)",Misrata Container Terminal Approach (Libya),36.848743,21.54859,12.2,221.9,223,-3.4,Under way using engine,MISRATA,09-08 23:30,Normal,None,"Clearing Cape Akritas, coming up to full cruising speed"
2026-09-08 00:03:00,235098000,9615520,ATLANTIC VOYAGER,MAQ88,Container Ship,12.2,"Navarino/Pylos Fairway (Peloponnese, Greece)",Misrata Container Terminal Approach (Libya),36.839363,21.541368,14.0,207.2,208,-0.8,Under way using engine,MISRATA,09-08 23:30,Normal,None,"Clearing Cape Akritas, coming up to full cruising speed"
2026-09-08 00:06:00,235098000,9615520,ATLANTIC VOYAGER,MAQ88,Container Ship,12.2,"Navarino/Pylos Fairway (Peloponnese, Greece)",Misrata Container Terminal Approach (Libya),36.82848,21.533515,15.9,210.9,212,0.0,Under way using engine,MISRATA,09-08 23:30,Normal,None,"Clearing Cape Akritas, coming up to full cruising speed"
2026-09-08 00:09:00,235098000,9615520,ATLANTIC VOYAGER,MAQ88,Container Ship,12.2,"Navarino/Pylos Fairway (Peloponnese, Greece)",Misrata Container Terminal Approach (Libya),36.816356,21.524619,17.6,209.9,210,-0.1,Under way using engine,MISRATA,09-08 23:30,Normal,None,"Clearing Cape Akritas, coming up to full cruising speed"
2026-09-08 00:12:00,235098000,9615520,ATLANTIC VOYAGER,MAQ88,Container Ship,12.2,"Navarino/Pylos Fairway (Peloponnese, Greece)",Misrata Container Terminal Approach (Libya),36.803412,21.514962,18.1,211.2,212,-0.2,Under way using engine,MISRATA,09-08 23:30,Normal,None,"Clearing Cape Akritas, coming up to full cruising speed"
2026-09-08 00:15:00,235098000,9615520,ATLANTIC VOYAGER,MAQ88,Container Ship,12.2,"Navarino/Pylos Fairway (Peloponnese, Greece)",Misrata Container Terminal Approach (Libya),36.790375,21.505414,18.1,210.3,211,0.1,Under way using engine,MISRATA,09-08 23:30,Normal,None,"Clearing Cape Akritas, coming up to full cruising speed"
2026-09-08 00:18:00,235098000,9615520,ATLANTIC VOYAGER,MAQ88,Container Ship,12.2,"Navarino/Pylos Fairway (Peloponnese, Greece)",Misrata Container Terminal Approach (Libya),36.777336,21.495872,18.1,210.4,211,-0.0,Under way using engine,MISRATA,09-08 23:30,Normal,None,"Clearing Cape Akritas, coming up to full cruising speed"
2026-09-08 00:21:00,235098000,9615520,ATLANTIC VOYAGER,MAQ88,Container Ship,12.2,"Navarino/Pylos Fairway (Peloponnese, Greece)",Misrata Container Terminal Approach (Libya),36.764248,21.486472,18.1,209.9,210,0.1,Under way using engine,MISRATA,09-08 23:30,Normal,None,"Clearing Cape Akritas, coming up to full cruising speed"
2026-09-08 00:24:00,235098000,9615520,ATLANTIC VOYAGER,MAQ88,Container Ship,12.2,"Navarino/Pylos Fairway (Peloponnese, Greece)",Misrata Container Terminal Approach (Libya),36.751154,21.477073,18.2,210.1,211,-0.0,Under way using engine,MISRATA,09-08 23:30,Normal,None,"Clearing Cape Akritas, coming up to full cruising speed"
2026-09-08 00:27:00,235098000,9615520,ATLANTIC VOYAGER,MAQ88,Container Ship,12.2,"Navarino/Pylos Fairway (Peloponnese, Greece)",Misrata Container Terminal Approach (Libya),36.738043,21.46769,18.1,209.8,210,-0.1,Under way using engine,MISRATA,09-08 23:30,Normal,None,"Clearing Cape Akritas, coming up to full cruising speed"
2026-09-08 00:30:00,235098000,9615520,ATLANTIC VOYAGER,MAQ88,Container Ship,12.2,"Navarino/Pylos Fairway (Peloponnese, Greece)",Misrata Container Terminal Approach (Libya),36.725051,21.458133,18.1,211.0,212,0.6,Under way using engine,MISRATA,09-08 23:30,Normal,None,"Clearing Cape Akritas, coming up to full cruising speed"
2026-09-08 00:33:00,235098000,9615520,ATLANTIC VOYAGER,MAQ88,Container Ship,12.2,"Navarino/Pylos Fairway (Peloponnese, Greece)",Misrata Container Terminal Approach (Libya),36.712062,21.448492,18.2,210.6,211,0.1,Under way using engine,MISRATA,09-08 23:30,Normal,None,"Clearing Cape Akritas, coming up to full cruising speed"
2026-09-08 00:36:00,235098000,9615520,ATLANTIC VOYAGER,MAQ88,Container Ship,12.2,"Navarino/Pylos Fairway (Peloponnese, Greece)",Misrata Container Terminal Approach (Libya),36.699123,21.438795,18.1,210.9,211,-0.1,Under way using engine,MISRATA,09-08 23:30,Normal,None,"Clearing Cape Akritas, coming up to full cruising speed"
2026-09-08 00:39:00,235098000,9615520,ATLANTIC VOYAGER,MAQ88,Container Ship,12.2,"Navarino/Pylos Fairway (Peloponnese, Greece)",Misrata Container Terminal Approach (Libya),36.686309,21.428856,18.1,212.8,213,0.2,Under way using engine,MISRATA,09-08 23:30,Normal,None,"Clearing Cape Akritas, coming up to full cruising speed"
2026-09-08 00:42:00,235098000,9615520,ATLANTIC VOYAGER,MAQ88,Container Ship,12.2,"Navarino/Pylos Fairway (Peloponnese, Greece)",Misrata Container Terminal Approach (Libya),36.673638,21.418395,18.7,216.7,217,5.7,Under way using engine,MISRATA,09-08 23:30,Normal,None,Crossing the Hellenic Trench at scheduled service speed
2026-09-08 00:45:00,235098000,9615520,ATLANTIC VOYAGER,MAQ88,Container Ship,12.2,"Navarino/Pylos Fairway (Peloponnese, Greece)",Misrata Container Terminal Approach (Libya),36.663539,21.403841,18.6,235.1,235,1.0,Under way using engine,MISRATA,09-08 23:30,Normal,None,Crossing the Hellenic Trench at scheduled service speed
2026-09-08 00:48:00,235098000,9615520,ATLANTIC VOYAGER,MAQ88,Container Ship,12.2,"Navarino/Pylos Fairway (Peloponnese, Greece)",Misrata Container Terminal Approach (Libya),36.653964,21.388666,18.6,229.9,230,-0.4,Under way using engine,MISRATA,09-08 23:30,Normal,None,Crossing the Hellenic Trench at scheduled service speed
2026-09-08 00:51:00,235098000,9615520,ATLANTIC VOYAGER,MAQ88,Container Ship,12.2,"Navarino/Pylos Fairway (Peloponnese, Greece)",Misrata Container Terminal Approach (Libya),36.644383,21.373474,18.6,232.6,233,-0.1,Under way using engine,MISRATA,09-08 23:30,Normal,None,Crossing the Hellenic Trench at scheduled service speed
2026-09-08 00:54:00,235098000,9615520,ATLANTIC VOYAGER,MAQ88,Container Ship,12.2,"Navarino/Pylos Fairway (Peloponnese, Greece)",Misrata Container Terminal Approach (Libya),36.634739,21.35837,18.6,230.7,231,0.1,Under way using engine,MISRATA,09-08 23:30,Normal,None,Crossing the Hellenic Trench at scheduled service speed
2026-09-08 00:57:00,235098000,9615520,ATLANTIC VOYAGER,MAQ88,Container Ship,12.2,"Navarino/Pylos Fairway (Peloponnese, Greece)",Misrata Container Terminal Approach (Libya),36.624911,21.34344,18.6,230.7,231,-0.0,Under way using engine,MISRATA,09-08 23:30,Normal,None,Crossing the Hellenic Trench at scheduled service speed
2026-09-08 01:00:00,235098000,9615520,ATLANTIC VOYAGER,MAQ88,Container Ship,12.2,"Navarino/Pylos Fairway (Peloponnese, Greece)",Misrata Container Terminal Approach (Libya),36.615176,21.328389,18.6,230.9,231,-0.1,Under way using engine,MISRATA,09-08 23:30,Normal,None,Crossing the Hellenic Trench at scheduled service speed
2026-09-08 01:03:00,235098000,9615520,ATLANTIC VOYAGER,MAQ88,Container Ship,12.2,"Navarino/Pylos Fairway (Peloponnese, Greece)",Misrata Container Terminal Approach (Libya),36.605598,21.313221,18.6,232.5,233,0.0,Under way using engine,MISRATA,09-08 23:30,Normal,None,Crossing the Hellenic Trench at scheduled service speed
2026-09-08 01:06:00,235098000,9615520,ATLANTIC VOYAGER,MAQ88,Container Ship,12.2,"Navarino/Pylos Fairway (Peloponnese, Greece)",Misrata Container Terminal Approach (Libya),36.596226,21.297876,18.6,232.4,233,0.1,Under way using engine,MISRATA,09-08 23:30,Normal,None,Crossing the Hellenic Trench at scheduled service speed
2026-09-08 01:09:00,235098000,9615520,ATLANTIC VOYAGER,MAQ88,Container Ship,12.2,"Navarino/Pylos Fairway (Peloponnese, Greece)",Misrata Container Terminal Approach (Libya),36.586716,21.282616,18.5,231.1,231,0.0,Under way using engine,MISRATA,09-08 23:30,Normal,None,Crossing the Hellenic Trench at scheduled service speed
2026-09-08 01:12:00,235098000,9615520,ATLANTIC VOYAGER,MAQ88,Container Ship,12.2,"Navarino/Pylos Fairway (Peloponnese, Greece)",Misrata Container Terminal Approach (Libya),36.576976,21.267598,18.6,230.6,231,-0.1,Under way using engine,MISRATA,09-08 23:30,Normal,None,Crossing the Hellenic Trench at scheduled service speed
2026-09-08 01:15:00,235098000,9615520,ATLANTIC VOYAGER,MAQ88,Container Ship,12.2,"Navarino/Pylos Fairway (Peloponnese, Greece)",Misrata Container Terminal Approach (Libya),36.56715,21.252647,18.6,230.9,231,0.0,Under way using engine,MISRATA,09-08 23:30,Normal,None,Crossing the Hellenic Trench at scheduled service speed
2026-09-08 01:18:00,235098000,9615520,ATLANTIC VOYAGER,MAQ88,Container Ship,12.2,"Navarino/Pylos Fairway (Peloponnese, Greece)",Misrata Container Terminal Approach (Libya),36.557429,21.237601,18.6,230.8,231,-0.0,Under way using engine,MISRATA,09-08 23:30,Normal,None,Crossing the Hellenic Trench at scheduled service speed
2026-09-08 01:21:00,235098000,9615520,ATLANTIC VOYAGER,MAQ88,Container Ship,12.2,"Navarino/Pylos Fairway (Peloponnese, Greece)",Misrata Container Terminal Approach (Libya),36.54749,21.222799,18.6,229.6,230,0.2,Under way using engine,MISRATA,09-08 23:30,Normal,None,Crossing the Hellenic Trench at scheduled service speed
2026-09-08 01:24:00,235098000,9615520,ATLANTIC VOYAGER,MAQ88,Container Ship,12.2,"Navarino/Pylos Fairway (Peloponnese, Greece)",Misrata Container Terminal Approach (Libya),36.537543,21.207999,18.6,229.9,230,-0.2,Under way using engine,MISRATA,09-08 23:30,Normal,None,Crossing the Hellenic Trench at scheduled service speed
2026-09-08 01:27:00,235098000,9615520,ATLANTIC VOYAGER,MAQ88,Container Ship,12.2,"Navarino/Pylos Fairway (Peloponnese, Greece)",Misrata Container Terminal Approach (Libya),36.527556,21.193212,18.6,229.6,230,-0.2,Under way using engine,MISRATA,09-08 23:30,Normal,None,Crossing the Hellenic Trench at scheduled service speed
2026-09-08 01:30:00,235098000,9615520,ATLANTIC VOYAGER,MAQ88,Container Ship,12.2,"Navarino/Pylos Fairway (Peloponnese, Greece)",Misrata Container Terminal Approach (Libya),36.51761,21.178415,18.6,230.6,231,0.1,Under way using engine,MISRATA,09-08 23:30,Normal,None,Crossing the Hellenic Trench at scheduled service speed
2026-09-08 01:33:00,235098000,9615520,ATLANTIC VOYAGER,MAQ88,Container Ship,12.2,"Navarino/Pylos Fairway (Peloponnese, Greece)",Misrata Container Terminal Approach (Libya),36.507802,21.163478,18.6,230.7,231,-0.0,Under way using engine,MISRATA,09-08 23:30,Normal,None,Crossing the Hellenic Trench at scheduled service speed
2026-09-08 01:36:00,235098000,9615520,ATLANTIC VOYAGER,MAQ88,Container Ship,12.2,"Navarino/Pylos Fairway (Peloponnese, Greece)",Misrata Container Terminal Approach (Libya),36.497959,21.148569,18.7,230.6,231,-0.0,Under way using engine,MISRATA,09-08 23:30,Normal,None,Crossing the Hellenic Trench at scheduled service speed
2026-09-08 01:39:00,235098000,9615520,ATLANTIC VOYAGER,MAQ88,Container Ship,12.2,"Navarino/Pylos Fairway (Peloponnese, Greece)",Misrata Container Terminal Approach (Libya),36.488159,21.133606,18.6,231.7,232,0.1,Under way using engine,MISRATA,09-08 23:30,Normal,None,Crossing the Hellenic Trench at scheduled service speed
2026-09-08 01:42:00,235098000,9615520,ATLANTIC VOYAGER,MAQ88,Container Ship,12.2,"Navarino/Pylos Fairway (Peloponnese, Greece)",Misrata Container Terminal Approach (Libya),36.478447,21.118545,18.6,231.1,231,0.1,Under way using engine,MISRATA,09-08 23:30,Normal,None,Crossing the Hellenic Trench at scheduled service speed
2026-09-08 01:45:00,235098000,9615520,ATLANTIC VOYAGER,MAQ88,Container Ship,12.2,"Navarino/Pylos Fairway (Peloponnese, Greece)",Misrata Container Terminal Approach (Libya),36.468679,21.103593,18.6,230.9,231,0.0,Under way using engine,MISRATA,09-08 23:30,Normal,None,Crossing the Hellenic Trench at scheduled service speed
2026-09-08 01:48:00,235098000,9615520,ATLANTIC VOYAGER,MAQ88,Container Ship,12.2,"Navarino/Pylos Fairway (Peloponnese, Greece)",Misrata Container Terminal Approach (Libya),36.458994,21.088552,18.7,231.8,232,0.1,Under way using engine,MISRATA,09-08 23:30,Normal,None,Crossing the Hellenic Trench at scheduled service speed
2026-09-08 01:51:00,235098000,9615520,ATLANTIC VOYAGER,MAQ88,Container Ship,12.2,"Navarino/Pylos Fairway (Peloponnese, Greece)",Misrata Container Terminal Approach (Libya),36.449371,21.073456,18.6,231.3,232,-0.1,Under way using engine,MISRATA,09-08 23:30,Normal,None,Crossing the Hellenic Trench at scheduled service speed
2026-09-08 01:54:00,235098000,9615520,ATLANTIC VOYAGER,MAQ88,Container Ship,12.2,"Navarino/Pylos Fairway (Peloponnese, Greece)",Misrata Container Terminal Approach (Libya),36.439655,21.058434,18.6,231.2,231,0.1,Under way using engine,MISRATA,09-08 23:30,Normal,None,Crossing the Hellenic Trench at scheduled service speed
2026-09-08 01:57:00,235098000,9615520,ATLANTIC VOYAGER,MAQ88,Container Ship,12.2,"Navarino/Pylos Fairway (Peloponnese, Greece)",Misrata Container Terminal Approach (Libya),36.429988,21.043356,18.7,231.0,231,-0.1,Under way using engine,MISRATA,09-08 23:30,Normal,None,Crossing the Hellenic Trench at scheduled service speed
2026-09-08 02:00:00,235098000,9615520,ATLANTIC VOYAGER,MAQ88,Container Ship,12.2,"Navarino/Pylos Fairway (Peloponnese, Greece)",Misrata Container Terminal Approach (Libya),36.420331,21.028258,18.6,231.5,232,0.0,Under way using engine,MISRATA,09-08 23:30,Normal,None,Crossing the Hellenic Trench at scheduled service speed
2026-09-08 02:03:00,235098000,9615520,ATLANTIC VOYAGER,MAQ88,Container Ship,12.2,"Navarino/Pylos Fairway (Peloponnese, Greece)",Misrata Container Terminal Approach (Libya),36.41058,21.013259,18.6,230.7,231,-0.1,Under way using engine,MISRATA,09-08 23:30,Normal,None,Crossing the Hellenic Trench at scheduled service speed
2026-09-08 02:06:00,235098000,9615520,ATLANTIC VOYAGER,MAQ88,Container Ship,12.2,"Navarino/Pylos Fairway (Peloponnese, Greece)",Misrata Container Terminal Approach (Libya),36.400666,20.998427,18.7,230.2,230,-0.0,Under way using engine,MISRATA,09-08 23:30,Normal,None,Crossing the Hellenic Trench at scheduled service speed
2026-09-08 02:09:00,235098000,9615520,ATLANTIC VOYAGER,MAQ88,Container Ship,12.2,"Navarino/Pylos Fairway (Peloponnese, Greece)",Misrata Container Terminal Approach (Libya),36.39079,20.983554,18.7,230.6,231,0.1,Under way using engine,MISRATA,09-08 23:30,Normal,None,Crossing the Hellenic Trench at scheduled service speed
2026-09-08 02:12:00,235098000,9615520,ATLANTIC VOYAGER,MAQ88,Container Ship,12.2,"Navarino/Pylos Fairway (Peloponnese, Greece)",Misrata Container Terminal Approach (Libya),36.380908,20.968721,18.6,230.4,231,-0.0,Under way using engine,MISRATA,09-08 23:30,Normal,None,Crossing the Hellenic Trench at scheduled service speed
2026-09-08 02:15:00,235098000,9615520,ATLANTIC VOYAGER,MAQ88,Container Ship,12.2,"Navarino/Pylos Fairway (Peloponnese, Greece)",Misrata Container Terminal Approach (Libya),36.371158,20.953743,18.6,231.3,231,0.1,Under way using engine,MISRATA,09-08 23:30,Normal,None,Crossing the Hellenic Trench at scheduled service speed
2026-09-08 02:18:00,235098000,9615520,ATLANTIC VOYAGER,MAQ88,Container Ship,12.2,"Navarino/Pylos Fairway (Peloponnese, Greece)",Misrata Container Terminal Approach (Libya),36.361512,20.938674,18.6,231.6,232,-0.0,Under way using engine,MISRATA,09-08 23:30,Normal,None,Crossing the Hellenic Trench at scheduled service speed
2026-09-08 02:21:00,235098000,9615520,ATLANTIC VOYAGER,MAQ88,Container Ship,12.2,"Navarino/Pylos Fairway (Peloponnese, Greece)",Misrata Container Terminal Approach (Libya),36.351895,20.923568,18.6,230.9,231,0.1,Under way using engine,MISRATA,09-08 23:30,Normal,None,Crossing the Hellenic Trench at scheduled service speed
2026-09-08 02:24:00,235098000,9615520,ATLANTIC VOYAGER,MAQ88,Container Ship,12.2,"Navarino/Pylos Fairway (Peloponnese, Greece)",Misrata Container Terminal Approach (Libya),36.342115,20.908604,18.6,230.4,231,-0.0,Under way using engine,MISRATA,09-08 23:30,Normal,None,Crossing the Hellenic Trench at scheduled service speed
2026-09-08 02:27:00,235098000,9615520,ATLANTIC VOYAGER,MAQ88,Container Ship,12.2,"Navarino/Pylos Fairway (Peloponnese, Greece)",Misrata Container Terminal Approach (Libya),36.33228,20.893706,18.6,231.2,231,0.1,Under way using engine,MISRATA,09-08 23:30,Normal,None,Crossing the Hellenic Trench at scheduled service speed
2026-09-08 02:30:00,235098000,9615520,ATLANTIC VOYAGER,MAQ88,Container Ship,12.2,"Navarino/Pylos Fairway (Peloponnese, Greece)",Misrata Container Terminal Approach (Libya),36.322615,20.878618,18.7,231.2,231,-0.1,Under way using engine,MISRATA,09-08 23:30,Normal,None,Crossing the Hellenic Trench at scheduled service speed
2026-09-08 02:33:00,235098000,9615520,ATLANTIC VOYAGER,MAQ88,Container Ship,12.2,"Navarino/Pylos Fairway (Peloponnese, Greece)",Misrata Container Terminal Approach (Libya),36.312846,20.863637,18.7,231.0,231,0.1,Under way using engine,MISRATA,09-08 23:30,Normal,None,Crossing the Hellenic Trench at scheduled service speed
2026-09-08 02:36:00,235098000,9615520,ATLANTIC VOYAGER,MAQ88,Container Ship,12.2,"Navarino/Pylos Fairway (Peloponnese, Greece)",Misrata Container Terminal Approach (Libya),36.303212,20.848533,18.6,232.2,232,0.0,Under way using engine,MISRATA,09-08 23:30,Normal,None,Crossing the Hellenic Trench at scheduled service speed
2026-09-08 02:39:00,235098000,9615520,ATLANTIC VOYAGER,MAQ88,Container Ship,12.2,"Navarino/Pylos Fairway (Peloponnese, Greece)",Misrata Container Terminal Approach (Libya),36.293477,20.833529,18.6,230.9,231,-0.1,Under way using engine,MISRATA,09-08 23:30,Normal,None,Crossing the Hellenic Trench at scheduled service speed
2026-09-08 02:42:00,235098000,9615520,ATLANTIC VOYAGER,MAQ88,Container Ship,12.2,"Navarino/Pylos Fairway (Peloponnese, Greece)",Misrata Container Terminal Approach (Libya),36.283496,20.818767,18.6,229.8,230,-0.2,Under way using engine,MISRATA,09-08 23:30,Normal,None,Crossing the Hellenic Trench at scheduled service speed
2026-09-08 02:45:00,235098000,9615520,ATLANTIC VOYAGER,MAQ88,Container Ship,12.2,"Navarino/Pylos Fairway (Peloponnese, Greece)",Misrata Container Terminal Approach (Libya),36.273683,20.803841,18.6,230.9,231,0.2,Under way using engine,MISRATA,09-08 23:30,Normal,None,Crossing the Hellenic Trench at scheduled service speed
2026-09-08 02:48:00,235098000,9615520,ATLANTIC VOYAGER,MAQ88,Container Ship,12.2,"Navarino/Pylos Fairway (Peloponnese, Greece)",Misrata Container Terminal Approach (Libya),36.263992,20.788791,18.7,231.0,231,0.1,Under way using engine,MISRATA,09-08 23:30,Normal,None,Crossing the Hellenic Trench at scheduled service speed
2026-09-08 02:51:00,235098000,9615520,ATLANTIC VOYAGER,MAQ88,Container Ship,12.2,"Navarino/Pylos Fairway (Peloponnese, Greece)",Misrata Container Terminal Approach (Libya),36.254287,20.77377,18.6,231.6,232,0.1,Under way using engine,MISRATA,09-08 23:30,Normal,None,Crossing the Hellenic Trench at scheduled service speed
2026-09-08 02:54:00,235098000,9615520,ATLANTIC VOYAGER,MAQ88,Container Ship,12.2,"Navarino/Pylos Fairway (Peloponnese, Greece)",Misrata Container Terminal Approach (Libya),36.244599,20.758721,18.7,231.6,232,0.2,Under way using engine,MISRATA,09-08 23:30,Normal,None,Crossing the Hellenic Trench at scheduled service speed
2026-09-08 02:57:00,235098000,9615520,ATLANTIC VOYAGER,MAQ88,Container Ship,12.2,"Navarino/Pylos Fairway (Peloponnese, Greece)",Misrata Container Terminal Approach (Libya),36.235019,20.743565,18.6,232.1,232,-0.1,Under way using engine,MISRATA,09-08 23:30,Normal,None,Crossing the Hellenic Trench at scheduled service speed
2026-09-08 03:00:00,235098000,9615520,ATLANTIC VOYAGER,MAQ88,Container Ship,12.2,"Navarino/Pylos Fairway (Peloponnese, Greece)",Misrata Container Terminal Approach (Libya),36.225436,20.728447,18.6,231.6,232,0.1,Under way using engine,MISRATA,09-08 23:30,Normal,None,Crossing the Hellenic Trench at scheduled service speed
2026-09-08 03:03:00,235098000,9615520,ATLANTIC VOYAGER,MAQ88,Container Ship,12.2,"Navarino/Pylos Fairway (Peloponnese, Greece)",Misrata Container Terminal Approach (Libya),36.215821,20.713343,18.6,231.8,232,0.2,Under way using engine,MISRATA,09-08 23:30,Normal,None,Crossing the Hellenic Trench at scheduled service speed
2026-09-08 03:06:00,235098000,9615520,ATLANTIC VOYAGER,MAQ88,Container Ship,12.2,"Navarino/Pylos Fairway (Peloponnese, Greece)",Misrata Container Terminal Approach (Libya),36.206089,20.698339,18.7,230.9,231,0.1,Under way using engine,MISRATA,09-08 23:30,Normal,None,Crossing the Hellenic Trench at scheduled service speed
2026-09-08 03:09:00,235098000,9615520,ATLANTIC VOYAGER,MAQ88,Container Ship,12.2,"Navarino/Pylos Fairway (Peloponnese, Greece)",Misrata Container Terminal Approach (Libya),36.196316,20.683412,18.6,231.2,231,0.1,Under way using engine,MISRATA,09-08 23:30,Normal,None,Crossing the Hellenic Trench at scheduled service speed
2026-09-08 03:12:00,235098000,9615520,ATLANTIC VOYAGER,MAQ88,Container Ship,12.2,"Navarino/Pylos Fairway (Peloponnese, Greece)",Misrata Container Terminal Approach (Libya),36.18667,20.668341,18.6,230.9,231,0.0,Under way using engine,MISRATA,09-08 23:30,Normal,None,Crossing the Hellenic Trench at scheduled service speed
2026-09-08 03:15:00,235098000,9615520,ATLANTIC VOYAGER,MAQ88,Container Ship,12.2,"Navarino/Pylos Fairway (Peloponnese, Greece)",Misrata Container Terminal Approach (Libya),36.177027,20.653241,18.6,232.3,232,0.1,Under way using engine,MISRATA,09-08 23:30,Normal,None,Crossing the Hellenic Trench at scheduled service speed
2026-09-08 03:18:00,235098000,9615520,ATLANTIC VOYAGER,MAQ88,Container Ship,12.2,"Navarino/Pylos Fairway (Peloponnese, Greece)",Misrata Container Terminal Approach (Libya),36.167622,20.63794,18.7,232.8,233,-0.3,Under way using engine,MISRATA,09-08 23:30,Normal,None,Crossing the Hellenic Trench at scheduled service speed
2026-09-08 03:21:00,235098000,9615520,ATLANTIC VOYAGER,MAQ88,Container Ship,12.2,"Navarino/Pylos Fairway (Peloponnese, Greece)",Misrata Container Terminal Approach (Libya),36.158222,20.622652,18.7,233.0,233,0.0,Under way using engine,MISRATA,09-08 23:30,Normal,None,Crossing the Hellenic Trench at scheduled service speed
2026-09-08 03:24:00,235098000,9615520,ATLANTIC VOYAGER,MAQ88,Container Ship,12.2,"Navarino/Pylos Fairway (Peloponnese, Greece)",Misrata Container Terminal Approach (Libya),36.148754,20.607393,18.7,232.7,233,0.1,Under way using engine,MISRATA,09-08 23:30,Normal,None,Crossing the Hellenic Trench at scheduled service speed
2026-09-08 03:27:00,235098000,9615520,ATLANTIC VOYAGER,MAQ88,Container Ship,12.2,"Navarino/Pylos Fairway (Peloponnese, Greece)",Misrata Container Terminal Approach (Libya),36.139246,20.592195,18.6,231.6,232,-0.1,Under way using engine,MISRATA,09-08 23:30,Normal,None,Crossing the Hellenic Trench at scheduled service speed
2026-09-08 03:30:00,235098000,9615520,ATLANTIC VOYAGER,MAQ88,Container Ship,12.2,"Navarino/Pylos Fairway (Peloponnese, Greece)",Misrata Container Terminal Approach (Libya),36.129709,20.577025,18.7,232.3,232,0.0,Under way using engine,MISRATA,09-08 23:30,Normal,None,Crossing the Hellenic Trench at scheduled service speed
2026-09-08 03:33:00,235098000,9615520,ATLANTIC VOYAGER,MAQ88,Container Ship,12.2,"Navarino/Pylos Fairway (Peloponnese, Greece)",Misrata Container Terminal Approach (Libya),36.120125,20.56191,18.6,231.4,231,-0.0,Under way using engine,MISRATA,09-08 23:30,Normal,None,Crossing the Hellenic Trench at scheduled service speed
2026-09-08 03:36:00,235098000,9615520,ATLANTIC VOYAGER,MAQ88,Container Ship,12.2,"Navarino/Pylos Fairway (Peloponnese, Greece)",Misrata Container Terminal Approach (Libya),36.110291,20.546999,18.6,231.1,231,0.1,Under way using engine,MISRATA,09-08 23:30,Normal,None,Crossing the Hellenic Trench at scheduled service speed
2026-09-08 03:39:00,235098000,9615520,ATLANTIC VOYAGER,MAQ88,Container Ship,12.2,"Navarino/Pylos Fairway (Peloponnese, Greece)",Misrata Container Terminal Approach (Libya),36.100627,20.53195,18.6,232.2,232,-0.1,Under way using engine,MISRATA,09-08 23:30,Normal,None,Crossing the Hellenic Trench at scheduled service speed
2026-09-08 03:42:00,235098000,9615520,ATLANTIC VOYAGER,MAQ88,Container Ship,12.2,"Navarino/Pylos Fairway (Peloponnese, Greece)",Misrata Container Terminal Approach (Libya),36.091143,20.516702,18.7,232.0,232,0.2,Under way using engine,MISRATA,09-08 23:30,Normal,None,Crossing the Hellenic Trench at scheduled service speed
2026-09-08 03:45:00,235098000,9615520,ATLANTIC VOYAGER,MAQ88,Container Ship,12.2,"Navarino/Pylos Fairway (Peloponnese, Greece)",Misrata Container Terminal Approach (Libya),36.081586,20.501534,18.6,232.5,232,0.1,Under way using engine,MISRATA,09-08 23:30,Normal,None,Crossing the Hellenic Trench at scheduled service speed
2026-09-08 03:48:00,235098000,9615520,ATLANTIC VOYAGER,MAQ88,Container Ship,12.2,"Navarino/Pylos Fairway (Peloponnese, Greece)",Misrata Container Terminal Approach (Libya),36.07219,20.486214,18.7,233.1,233,0.5,Under way using engine,MISRATA,09-08 23:30,Normal,None,High-speed liner transit across central Ionian basin
2026-09-08 03:51:00,235098000,9615520,ATLANTIC VOYAGER,MAQ88,Container Ship,12.2,"Navarino/Pylos Fairway (Peloponnese, Greece)",Misrata Container Terminal Approach (Libya),36.063132,20.470591,18.7,234.6,235,-0.2,Under way using engine,MISRATA,09-08 23:30,Normal,None,High-speed liner transit across central Ionian basin
2026-09-08 03:54:00,235098000,9615520,ATLANTIC VOYAGER,MAQ88,Container Ship,12.2,"Navarino/Pylos Fairway (Peloponnese, Greece)",Misrata Container Terminal Approach (Libya),36.05402,20.455017,18.7,233.9,234,-0.2,Under way using engine,MISRATA,09-08 23:30,Normal,None,High-speed liner transit across central Ionian basin
2026-09-08 03:57:00,235098000,9615520,ATLANTIC VOYAGER,MAQ88,Container Ship,12.2,"Navarino/Pylos Fairway (Peloponnese, Greece)",Misrata Container Terminal Approach (Libya),36.044862,20.439493,18.6,234.1,234,-0.1,Under way using engine,MISRATA,09-08 23:30,Normal,None,High-speed liner transit across central Ionian basin
2026-09-08 04:00:00,235098000,9615520,ATLANTIC VOYAGER,MAQ88,Container Ship,12.2,"Navarino/Pylos Fairway (Peloponnese, Greece)",Misrata Container Terminal Approach (Libya),36.035548,20.424106,18.7,232.7,233,-0.0,Under way using engine,MISRATA,09-08 23:30,Normal,None,High-speed liner transit across central Ionian basin
2026-09-08 04:03:00,235098000,9615520,ATLANTIC VOYAGER,MAQ88,Container Ship,12.2,"Navarino/Pylos Fairway (Peloponnese, Greece)",Misrata Container Terminal Approach (Libya),36.026166,20.408787,18.7,233.2,233,0.0,Under way using engine,MISRATA,09-08 23:30,Normal,None,High-speed liner transit across central Ionian basin
2026-09-08 04:06:00,235098000,9615520,ATLANTIC VOYAGER,MAQ88,Container Ship,12.2,"Navarino/Pylos Fairway (Peloponnese, Greece)",Misrata Container Terminal Approach (Libya),36.016973,20.393281,18.7,233.9,234,-0.1,Under way using engine,MISRATA,09-08 23:30,Normal,None,High-speed liner transit across central Ionian basin
2026-09-08 04:09:00,235098000,9615520,ATLANTIC VOYAGER,MAQ88,Container Ship,12.2,"Navarino/Pylos Fairway (Peloponnese, Greece)",Misrata Container Terminal Approach (Libya),36.007799,20.37778,18.7,234.5,234,-0.1,Under way using engine,MISRATA,09-08 23:30,Normal,None,High-speed liner transit across central Ionian basin
2026-09-08 04:12:00,235098000,9615520,ATLANTIC VOYAGER,MAQ88,Container Ship,12.2,"Navarino/Pylos Fairway (Peloponnese, Greece)",Misrata Container Terminal Approach (Libya),35.99861,20.362311,18.6,233.6,234,0.1,Under way using engine,MISRATA,09-08 23:30,Normal,None,High-speed liner transit across central Ionian basin
2026-09-08 04:15:00,235098000,9615520,ATLANTIC VOYAGER,MAQ88,Container Ship,12.2,"Navarino/Pylos Fairway (Peloponnese, Greece)",Misrata Container Terminal Approach (Libya),35.989182,20.34705,18.7,232.5,232,-0.0,Under way using engine,MISRATA,09-08 23:30,Normal,None,High-speed liner transit across central Ionian basin
2026-09-08 04:18:00,235098000,9615520,ATLANTIC VOYAGER,MAQ88,Container Ship,12.2,"Navarino/Pylos Fairway (Peloponnese, Greece)",Misrata Container Terminal Approach (Libya),35.979876,20.331679,18.6,233.2,233,-0.1,Under way using engine,MISRATA,09-08 23:30,Normal,None,High-speed liner transit across central Ionian basin
2026-09-08 04:21:00,235098000,9615520,ATLANTIC VOYAGER,MAQ88,Container Ship,12.2,"Navarino/Pylos Fairway (Peloponnese, Greece)",Misrata Container Terminal Approach (Libya),35.97063,20.316283,18.6,234.2,234,0.1,Under way using engine,MISRATA,09-08 23:30,Normal,None,High-speed liner transit across central Ionian basin
2026-09-08 04:24:00,235098000,9615520,ATLANTIC VOYAGER,MAQ88,Container Ship,12.2,"Navarino/Pylos Fairway (Peloponnese, Greece)",Misrata Container Terminal Approach (Libya),35.96144,20.300787,18.6,233.5,233,0.1,Under way using engine,MISRATA,09-08 23:30,Normal,None,High-speed liner transit across central Ionian basin
2026-09-08 04:27:00,235098000,9615520,ATLANTIC VOYAGER,MAQ88,Container Ship,12.2,"Navarino/Pylos Fairway (Peloponnese, Greece)",Misrata Container Terminal Approach (Libya),35.952149,20.285385,18.7,233.1,233,-0.1,Under way using engine,MISRATA,09-08 23:30,Normal,None,High-speed liner transit across central Ionian basin
2026-09-08 04:30:00,235098000,9615520,ATLANTIC VOYAGER,MAQ88,Container Ship,12.2,"Navarino/Pylos Fairway (Peloponnese, Greece)",Misrata Container Terminal Approach (Libya),35.942791,20.270057,18.7,233.4,233,-0.1,Under way using engine,MISRATA,09-08 23:30,Normal,None,High-speed liner transit across central Ionian basin
2026-09-08 04:33:00,235098000,9615520,ATLANTIC VOYAGER,MAQ88,Container Ship,12.2,"Navarino/Pylos Fairway (Peloponnese, Greece)",Misrata Container Terminal Approach (Libya),35.93349,20.254642,18.7,233.5,233,0.1,Under way using engine,MISRATA,09-08 23:30,Normal,None,High-speed liner transit across central Ionian basin
2026-09-08 04:36:00,235098000,9615520,ATLANTIC VOYAGER,MAQ88,Container Ship,12.2,"Navarino/Pylos Fairway (Peloponnese, Greece)",Misrata Container Terminal Approach (Libya),35.924096,20.239341,18.7,232.7,233,-0.1,Under way using engine,MISRATA,09-08 23:30,Normal,None,High-speed liner transit across central Ionian basin
2026-09-08 04:39:00,235098000,9615520,ATLANTIC VOYAGER,MAQ88,Container Ship,12.2,"Navarino/Pylos Fairway (Peloponnese, Greece)",Misrata Container Terminal Approach (Libya),35.914731,20.224041,18.6,232.9,233,-0.1,Under way using engine,MISRATA,09-08 23:30,Normal,None,High-speed liner transit across central Ionian basin
2026-09-08 04:42:00,235098000,9615520,ATLANTIC VOYAGER,MAQ88,Container Ship,12.2,"Navarino/Pylos Fairway (Peloponnese, Greece)",Misrata Container Terminal Approach (Libya),35.905254,20.208799,18.7,232.9,233,-0.1,Under way using engine,MISRATA,09-08 23:30,Normal,None,High-speed liner transit across central Ionian basin
2026-09-08 04:45:00,235098000,9615520,ATLANTIC VOYAGER,MAQ88,Container Ship,12.2,"Navarino/Pylos Fairway (Peloponnese, Greece)",Misrata Container Terminal Approach (Libya),35.896004,20.19337,18.6,233.8,234,0.1,Under way using engine,MISRATA,09-08 23:30,Normal,None,High-speed liner transit across central Ionian basin
2026-09-08 04:48:00,235098000,9615520,ATLANTIC VOYAGER,MAQ88,Container Ship,12.2,"Navarino/Pylos Fairway (Peloponnese, Greece)",Misrata Container Terminal Approach (Libya),35.886655,20.178033,18.7,232.2,232,-0.2,Under way using engine,MISRATA,09-08 23:30,Normal,None,High-speed liner transit across central Ionian basin
2026-09-08 04:51:00,235098000,9615520,ATLANTIC VOYAGER,MAQ88,Container Ship,12.2,"Navarino/Pylos Fairway (Peloponnese, Greece)",Misrata Container Terminal Approach (Libya),35.87721,20.162802,18.6,233.0,233,-0.0,Under way using engine,MISRATA,09-08 23:30,Normal,None,High-speed liner transit across central Ionian basin
2026-09-08 04:54:00,235098000,9615520,ATLANTIC VOYAGER,MAQ88,Container Ship,12.2,"Navarino/Pylos Fairway (Peloponnese, Greece)",Misrata Container Terminal Approach (Libya),35.867866,20.147469,18.7,233.3,233,0.4,Under way using engine,MISRATA,09-08 23:30,Normal,None,High-speed liner transit across central Ionian basin
2026-09-08 04:57:00,235098000,9615520,ATLANTIC VOYAGER,MAQ88,Container Ship,12.2,"Navarino/Pylos Fairway (Peloponnese, Greece)",Misrata Container Terminal Approach (Libya),35.858637,20.132017,18.6,233.8,234,-0.2,Under way using engine,MISRATA,09-08 23:30,Normal,None,High-speed liner transit across central Ionian basin
2026-09-08 05:00:00,235098000,9615520,ATLANTIC VOYAGER,MAQ88,Container Ship,12.2,"Navarino/Pylos Fairway (Peloponnese, Greece)",Misrata Container Terminal Approach (Libya),35.849444,20.116506,18.7,233.1,233,0.1,Under way using engine,MISRATA,09-08 23:30,Normal,None,High-speed liner transit across central Ionian basin
2026-09-08 05:03:00,235098000,9615520,ATLANTIC VOYAGER,MAQ88,Container Ship,12.2,"Navarino/Pylos Fairway (Peloponnese, Greece)",Misrata Container Terminal Approach (Libya),35.840298,20.101,18.6,234.2,234,0.1,Under way using engine,MISRATA,09-08 23:30,Normal,None,High-speed liner transit across central Ionian basin
2026-09-08 05:06:00,235098000,9615520,ATLANTIC VOYAGER,MAQ88,Container Ship,12.2,"Navarino/Pylos Fairway (Peloponnese, Greece)",Misrata Container Terminal Approach (Libya),35.831257,20.085393,18.6,234.2,234,-0.0,Under way using engine,MISRATA,09-08 23:30,Normal,None,High-speed liner transit across central Ionian basin
2026-09-08 05:09:00,235098000,9615520,ATLANTIC VOYAGER,MAQ88,Container Ship,12.2,"Navarino/Pylos Fairway (Peloponnese, Greece)",Misrata Container Terminal Approach (Libya),35.822145,20.069836,18.7,234.0,234,-0.1,Under way using engine,MISRATA,09-08 23:30,Normal,None,High-speed liner transit across central Ionian basin
2026-09-08 05:12:00,235098000,9615520,ATLANTIC VOYAGER,MAQ88,Container Ship,12.2,"Navarino/Pylos Fairway (Peloponnese, Greece)",Misrata Container Terminal Approach (Libya),35.813017,20.054296,18.7,234.4,234,0.1,Under way using engine,MISRATA,09-08 23:30,Normal,None,High-speed liner transit across central Ionian basin
2026-09-08 05:15:00,235098000,9615520,ATLANTIC VOYAGER,MAQ88,Container Ship,12.2,"Navarino/Pylos Fairway (Peloponnese, Greece)",Misrata Container Terminal Approach (Libya),35.803964,20.038694,18.7,234.3,234,-0.1,Under way using engine,MISRATA,09-08 23:30,Normal,None,High-speed liner transit across central Ionian basin
2026-09-08 05:18:00,235098000,9615520,ATLANTIC VOYAGER,MAQ88,Container Ship,12.2,"Navarino/Pylos Fairway (Peloponnese, Greece)",Misrata Container Terminal Approach (Libya),35.794878,20.023122,18.6,234.1,234,-0.2,Under way using engine,MISRATA,09-08 23:30,Normal,None,High-speed liner transit across central Ionian basin
2026-09-08 05:21:00,235098000,9615520,ATLANTIC VOYAGER,MAQ88,Container Ship,12.2,"Navarino/Pylos Fairway (Peloponnese, Greece)",Misrata Container Terminal Approach (Libya),35.785763,20.007579,18.7,233.5,233,-0.1,Under way using engine,MISRATA,09-08 23:30,Normal,None,High-speed liner transit across central Ionian basin
2026-09-08 05:24:00,235098000,9615520,ATLANTIC VOYAGER,MAQ88,Container Ship,12.2,"Navarino/Pylos Fairway (Peloponnese, Greece)",Misrata Container Terminal Approach (Libya),35.776606,19.992073,18.7,234.4,234,-0.0,Under way using engine,MISRATA,09-08 23:30,Normal,None,High-speed liner transit across central Ionian basin
2026-09-08 05:27:00,235098000,9615520,ATLANTIC VOYAGER,MAQ88,Container Ship,12.2,"Navarino/Pylos Fairway (Peloponnese, Greece)",Misrata Container Terminal Approach (Libya),35.76751,19.976521,18.7,234.8,235,0.1,Under way using engine,MISRATA,09-08 23:30,Normal,None,High-speed liner transit across central Ionian basin
2026-09-08 05:30:00,235098000,9615520,ATLANTIC VOYAGER,MAQ88,Container Ship,12.2,"Navarino/Pylos Fairway (Peloponnese, Greece)",Misrata Container Terminal Approach (Libya),35.758557,19.960851,18.7,234.6,235,-0.1,Under way using engine,MISRATA,09-08 23:30,Normal,None,High-speed liner transit across central Ionian basin
2026-09-08 05:33:00,235098000,9615520,ATLANTIC VOYAGER,MAQ88,Container Ship,12.2,"Navarino/Pylos Fairway (Peloponnese, Greece)",Misrata Container Terminal Approach (Libya),35.749424,19.945331,18.7,234.1,234,0.1,Under way using engine,MISRATA,09-08 23:30,Normal,None,High-speed liner transit across central Ionian basin
2026-09-08 05:36:00,235098000,9615520,ATLANTIC VOYAGER,MAQ88,Container Ship,12.2,"Navarino/Pylos Fairway (Peloponnese, Greece)",Misrata Container Terminal Approach (Libya),35.740247,19.929855,18.6,233.6,234,-0.3,Under way using engine,MISRATA,09-08 23:30,Normal,None,High-speed liner transit across central Ionian basin
2026-09-08 05:39:00,235098000,9615520,ATLANTIC VOYAGER,MAQ88,Container Ship,12.2,"Navarino/Pylos Fairway (Peloponnese, Greece)",Misrata Container Terminal Approach (Libya),35.731057,19.914399,18.6,234.2,234,0.2,Under way using engine,MISRATA,09-08 23:30,Normal,None,High-speed liner transit across central Ionian basin
2026-09-08 05:42:00,235098000,9615520,ATLANTIC VOYAGER,MAQ88,Container Ship,12.2,"Navarino/Pylos Fairway (Peloponnese, Greece)",Misrata Container Terminal Approach (Libya),35.721958,19.898852,18.7,234.8,235,0.1,Under way using engine,MISRATA,09-08 23:30,Normal,None,High-speed liner transit across central Ionian basin
2026-09-08 05:45:00,235098000,9615520,ATLANTIC VOYAGER,MAQ88,Container Ship,12.2,"Navarino/Pylos Fairway (Peloponnese, Greece)",Misrata Container Terminal Approach (Libya),35.712831,19.883348,18.7,233.6,234,0.1,Under way using engine,MISRATA,09-08 23:30,Normal,None,High-speed liner transit across central Ionian basin
2026-09-08 05:48:00,235098000,9615520,ATLANTIC VOYAGER,MAQ88,Container Ship,12.2,"Navarino/Pylos Fairway (Peloponnese, Greece)",Misrata Container Terminal Approach (Libya),35.703639,19.867888,18.6,233.7,234,-0.1,Under way using engine,MISRATA,09-08 23:30,Normal,None,High-speed liner transit across central Ionian basin
2026-09-08 05:51:00,235098000,9615520,ATLANTIC VOYAGER,MAQ88,Container Ship,12.2,"Navarino/Pylos Fairway (Peloponnese, Greece)",Misrata Container Terminal Approach (Libya),35.694449,19.852427,18.7,234.3,234,0.0,Under way using engine,MISRATA,09-08 23:30,Normal,None,High-speed liner transit across central Ionian basin
2026-09-08 05:54:00,235098000,9615520,ATLANTIC VOYAGER,MAQ88,Container Ship,12.2,"Navarino/Pylos Fairway (Peloponnese, Greece)",Misrata Container Terminal Approach (Libya),35.685377,19.836867,18.6,234.3,234,0.0,Under way using engine,MISRATA,09-08 23:30,Normal,None,High-speed liner transit across central Ionian basin
2026-09-08 05:57:00,235098000,9615520,ATLANTIC VOYAGER,MAQ88,Container Ship,12.2,"Navarino/Pylos Fairway (Peloponnese, Greece)",Misrata Container Terminal Approach (Libya),35.676299,19.8213,18.7,234.4,234,0.1,Under way using engine,MISRATA,09-08 23:30,Normal,None,High-speed liner transit across central Ionian basin
2026-09-08 06:00:00,235098000,9615520,ATLANTIC VOYAGER,MAQ88,Container Ship,12.2,"Navarino/Pylos Fairway (Peloponnese, Greece)",Misrata Container Terminal Approach (Libya),35.667236,19.805737,18.6,234.0,234,-0.0,Under way using engine,MISRATA,09-08 23:30,Normal,None,High-speed liner transit across central Ionian basin
2026-09-08 06:03:00,235098000,9615520,ATLANTIC VOYAGER,MAQ88,Container Ship,12.2,"Navarino/Pylos Fairway (Peloponnese, Greece)",Misrata Container Terminal Approach (Libya),35.658182,19.790145,18.7,234.6,235,0.0,Under way using engine,MISRATA,09-08 23:30,Normal,None,High-speed liner transit across central Ionian basin
2026-09-08 06:06:00,235098000,9615520,ATLANTIC VOYAGER,MAQ88,Container Ship,12.2,"Navarino/Pylos Fairway (Peloponnese, Greece)",Misrata Container Terminal Approach (Libya),35.649198,19.774517,18.7,233.7,234,-0.1,Under way using engine,MISRATA,09-08 23:30,Normal,None,High-speed liner transit across central Ionian basin
2026-09-08 06:09:00,235098000,9615520,ATLANTIC VOYAGER,MAQ88,Container Ship,12.2,"Navarino/Pylos Fairway (Peloponnese, Greece)",Misrata Container Terminal Approach (Libya),35.63991,19.759137,18.7,233.5,233,0.2,Under way using engine,MISRATA,09-08 23:30,Normal,None,High-speed liner transit across central Ionian basin
2026-09-08 06:12:00,235098000,9615520,ATLANTIC VOYAGER,MAQ88,Container Ship,12.2,"Navarino/Pylos Fairway (Peloponnese, Greece)",Misrata Container Terminal Approach (Libya),35.630562,19.743817,18.7,232.3,232,-0.1,Under way using engine,MISRATA,09-08 23:30,Normal,None,High-speed liner transit across central Ionian basin
2026-09-08 06:15:00,235098000,9615520,ATLANTIC VOYAGER,MAQ88,Container Ship,12.2,"Navarino/Pylos Fairway (Peloponnese, Greece)",Misrata Container Terminal Approach (Libya),35.620975,19.728723,18.7,232.2,232,-0.0,Under way using engine,MISRATA,09-08 23:30,Normal,None,High-speed liner transit across central Ionian basin
2026-09-08 06:18:00,235098000,9615520,ATLANTIC VOYAGER,MAQ88,Container Ship,12.2,"Navarino/Pylos Fairway (Peloponnese, Greece)",Misrata Container Terminal Approach (Libya),35.611725,19.713343,18.7,233.7,234,0.0,Under way using engine,MISRATA,09-08 23:30,Normal,None,High-speed liner transit across central Ionian basin
2026-09-08 06:21:00,235098000,9615520,ATLANTIC VOYAGER,MAQ88,Container Ship,12.2,"Navarino/Pylos Fairway (Peloponnese, Greece)",Misrata Container Terminal Approach (Libya),35.602537,19.697896,18.6,233.9,234,0.1,Under way using engine,MISRATA,09-08 23:30,Normal,None,High-speed liner transit across central Ionian basin
2026-09-08 06:24:00,235098000,9615520,ATLANTIC VOYAGER,MAQ88,Container Ship,12.2,"Navarino/Pylos Fairway (Peloponnese, Greece)",Misrata Container Terminal Approach (Libya),35.593382,19.682422,18.6,234.1,234,-0.1,Under way using engine,MISRATA,09-08 23:30,Normal,None,High-speed liner transit across central Ionian basin
2026-09-08 06:27:00,235098000,9615520,ATLANTIC VOYAGER,MAQ88,Container Ship,12.2,"Navarino/Pylos Fairway (Peloponnese, Greece)",Misrata Container Terminal Approach (Libya),35.584069,19.667104,18.6,232.5,232,0.2,Under way using engine,MISRATA,09-08 23:30,Normal,None,High-speed liner transit across central Ionian basin
2026-09-08 06:30:00,235098000,9615520,ATLANTIC VOYAGER,MAQ88,Container Ship,12.2,"Navarino/Pylos Fairway (Peloponnese, Greece)",Misrata Container Terminal Approach (Libya),35.574517,19.651989,18.7,231.8,232,-0.0,Under way using engine,MISRATA,09-08 23:30,Normal,None,High-speed liner transit across central Ionian basin
2026-09-08 06:33:00,235098000,9615520,ATLANTIC VOYAGER,MAQ88,Container Ship,12.2,"Navarino/Pylos Fairway (Peloponnese, Greece)",Misrata Container Terminal Approach (Libya),35.564923,19.636913,18.6,231.9,232,0.0,Under way using engine,MISRATA,09-08 23:30,Normal,None,High-speed liner transit across central Ionian basin
2026-09-08 06:36:00,235098000,9615520,ATLANTIC VOYAGER,MAQ88,Container Ship,12.2,"Navarino/Pylos Fairway (Peloponnese, Greece)",Misrata Container Terminal Approach (Libya),35.555382,19.621785,18.7,232.7,233,0.2,Under way using engine,MISRATA,09-08 23:30,Normal,None,High-speed liner transit across central Ionian basin
2026-09-08 06:39:00,235098000,9615520,ATLANTIC VOYAGER,MAQ88,Container Ship,12.2,"Navarino/Pylos Fairway (Peloponnese, Greece)",Misrata Container Terminal Approach (Libya),35.546013,19.60652,18.6,232.9,233,-0.1,Under way using engine,MISRATA,09-08 23:30,Normal,None,High-speed liner transit across central Ionian basin
2026-09-08 06:42:00,235098000,9615520,ATLANTIC VOYAGER,MAQ88,Container Ship,12.2,"Navarino/Pylos Fairway (Peloponnese, Greece)",Misrata Container Terminal Approach (Libya),35.536605,19.59127,18.7,233.4,233,-0.1,Under way using engine,MISRATA,09-08 23:30,Normal,None,High-speed liner transit across central Ionian basin
2026-09-08 06:45:00,235098000,9615520,ATLANTIC VOYAGER,MAQ88,Container Ship,12.2,"Navarino/Pylos Fairway (Peloponnese, Greece)",Misrata Container Terminal Approach (Libya),35.527327,19.575926,18.7,233.6,234,-0.0,Under way using engine,MISRATA,09-08 23:30,Normal,None,High-speed liner transit across central Ionian basin
2026-09-08 06:48:00,235098000,9615520,ATLANTIC VOYAGER,MAQ88,Container Ship,12.2,"Navarino/Pylos Fairway (Peloponnese, Greece)",Misrata Container Terminal Approach (Libya),35.51808,19.560571,18.7,233.5,234,0.0,Under way using engine,MISRATA,09-08 23:30,Normal,None,High-speed liner transit across central Ionian basin
2026-09-08 06:51:00,235098000,9615520,ATLANTIC VOYAGER,MAQ88,Container Ship,12.2,"Navarino/Pylos Fairway (Peloponnese, Greece)",Misrata Container Terminal Approach (Libya),35.508952,19.545097,18.7,234.2,234,0.1,Under way using engine,MISRATA,09-08 23:30,Normal,None,High-speed liner transit across central Ionian basin
2026-09-08 06:54:00,235098000,9615520,ATLANTIC VOYAGER,MAQ88,Container Ship,12.2,"Navarino/Pylos Fairway (Peloponnese, Greece)",Misrata Container Terminal Approach (Libya),35.499776,19.52966,18.7,234.0,234,0.1,Under way using engine,MISRATA,09-08 23:30,Normal,None,High-speed liner transit across central Ionian basin
2026-09-08 06:57:00,235098000,9615520,ATLANTIC VOYAGER,MAQ88,Container Ship,12.2,"Navarino/Pylos Fairway (Peloponnese, Greece)",Misrata Container Terminal Approach (Libya),35.490618,19.514222,18.7,233.8,234,0.1,Under way using engine,MISRATA,09-08 23:30,Normal,None,High-speed liner transit across central Ionian basin
2026-09-08 07:00:00,235098000,9615520,ATLANTIC VOYAGER,MAQ88,Container Ship,12.2,"Navarino/Pylos Fairway (Peloponnese, Greece)",Misrata Container Terminal Approach (Libya),35.481425,19.498796,18.7,233.2,233,-0.2,Under way using engine,MISRATA,09-08 23:30,Normal,None,High-speed liner transit across central Ionian basin
2026-09-08 07:03:00,235098000,9615520,ATLANTIC VOYAGER,MAQ88,Container Ship,12.2,"Navarino/Pylos Fairway (Peloponnese, Greece)",Misrata Container Terminal Approach (Libya),35.472119,19.483469,18.7,233.6,234,0.1,Under way using engine,MISRATA,09-08 23:30,Normal,None,High-speed liner transit across central Ionian basin
2026-09-08 07:06:00,235098000,9615520,ATLANTIC VOYAGER,MAQ88,Container Ship,12.2,"Navarino/Pylos Fairway (Peloponnese, Greece)",Misrata Container Terminal Approach (Libya),35.46297,19.468023,18.7,233.9,234,-0.2,Under way using engine,MISRATA,09-08 23:30,Normal,None,High-speed liner transit across central Ionian basin
2026-09-08 07:09:00,235098000,9615520,ATLANTIC VOYAGER,MAQ88,Container Ship,12.2,"Navarino/Pylos Fairway (Peloponnese, Greece)",Misrata Container Terminal Approach (Libya),35.453945,19.452469,18.7,235.0,235,0.1,Under way using engine,MISRATA,09-08 23:30,Normal,None,High-speed liner transit across central Ionian basin
2026-09-08 07:12:00,235098000,9615520,ATLANTIC VOYAGER,MAQ88,Container Ship,12.2,"Navarino/Pylos Fairway (Peloponnese, Greece)",Misrata Container Terminal Approach (Libya),35.444922,19.436909,18.7,234.0,234,-0.1,Under way using engine,MISRATA,09-08 23:30,Normal,None,High-speed liner transit across central Ionian basin
2026-09-08 07:15:00,235098000,9615520,ATLANTIC VOYAGER,MAQ88,Container Ship,12.2,"Navarino/Pylos Fairway (Peloponnese, Greece)",Misrata Container Terminal Approach (Libya),35.435734,19.421486,18.7,233.8,234,-0.1,Under way using engine,MISRATA,09-08 23:30,Normal,None,High-speed liner transit across central Ionian basin
2026-09-08 07:18:00,235098000,9615520,ATLANTIC VOYAGER,MAQ88,Container Ship,12.2,"Navarino/Pylos Fairway (Peloponnese, Greece)",Misrata Container Terminal Approach (Libya),35.426499,19.406134,18.6,233.4,233,-0.0,Under way using engine,MISRATA,09-08 23:30,Normal,None,High-speed liner transit across central Ionian basin
2026-09-08 07:21:00,235098000,9615520,ATLANTIC VOYAGER,MAQ88,Container Ship,12.2,"Navarino/Pylos Fairway (Peloponnese, Greece)",Misrata Container Terminal Approach (Libya),35.41719,19.390801,18.7,233.6,234,-0.1,Under way using engine,MISRATA,09-08 23:30,Normal,None,High-speed liner transit across central Ionian basin
2026-09-08 07:24:00,235098000,9615520,ATLANTIC VOYAGER,MAQ88,Container Ship,12.2,"Navarino/Pylos Fairway (Peloponnese, Greece)",Misrata Container Terminal Approach (Libya),35.407877,19.375518,18.7,233.0,233,-0.0,Under way using engine,MISRATA,09-08 23:30,Normal,None,High-speed liner transit across central Ionian basin
2026-09-08 07:27:00,235098000,9615520,ATLANTIC VOYAGER,MAQ88,Container Ship,12.2,"Navarino/Pylos Fairway (Peloponnese, Greece)",Misrata Container Terminal Approach (Libya),35.39852,19.360253,18.7,232.5,233,0.0,Under way using engine,MISRATA,09-08 23:30,Normal,None,High-speed liner transit across central Ionian basin
2026-09-08 07:30:00,235098000,9615520,ATLANTIC VOYAGER,MAQ88,Container Ship,12.2,"Navarino/Pylos Fairway (Peloponnese, Greece)",Misrata Container Terminal Approach (Libya),35.389248,19.34494,18.6,233.8,234,-0.1,Under way using engine,MISRATA,09-08 23:30,Normal,None,High-speed liner transit across central Ionian basin
2026-09-08 07:33:00,235098000,9615520,ATLANTIC VOYAGER,MAQ88,Container Ship,12.2,"Navarino/Pylos Fairway (Peloponnese, Greece)",Misrata Container Terminal Approach (Libya),35.379898,19.329658,18.7,233.0,233,-0.1,Under way using engine,MISRATA,09-08 23:30,Normal,None,High-speed liner transit across central Ionian basin
2026-09-08 07:36:00,235098000,9615520,ATLANTIC VOYAGER,MAQ88,Container Ship,12.2,"Navarino/Pylos Fairway (Peloponnese, Greece)",Misrata Container Terminal Approach (Libya),35.370522,19.314432,18.7,233.5,234,0.1,Under way using engine,MISRATA,09-08 23:30,Normal,None,High-speed liner transit across central Ionian basin
2026-09-08 07:39:00,235098000,9615520,ATLANTIC VOYAGER,MAQ88,Container Ship,12.2,"Navarino/Pylos Fairway (Peloponnese, Greece)",Misrata Container Terminal Approach (Libya),35.361023,19.299304,18.7,232.0,232,-0.1,Under way using engine,MISRATA,09-08 23:30,Normal,None,High-speed liner transit across central Ionian basin
2026-09-08 07:42:00,235098000,9615520,ATLANTIC VOYAGER,MAQ88,Container Ship,12.2,"Navarino/Pylos Fairway (Peloponnese, Greece)",Misrata Container Terminal Approach (Libya),35.351615,19.284112,18.7,233.3,233,0.1,Under way using engine,MISRATA,09-08 23:30,Normal,None,High-speed liner transit across central Ionian basin
2026-09-08 07:45:00,235098000,9615520,ATLANTIC VOYAGER,MAQ88,Container Ship,12.2,"Navarino/Pylos Fairway (Peloponnese, Greece)",Misrata Container Terminal Approach (Libya),35.342191,19.2689,18.7,232.4,233,-0.0,Under way using engine,MISRATA,09-08 23:30,Normal,None,High-speed liner transit across central Ionian basin
2026-09-08 07:48:00,235098000,9615520,ATLANTIC VOYAGER,MAQ88,Container Ship,12.2,"Navarino/Pylos Fairway (Peloponnese, Greece)",Misrata Container Terminal Approach (Libya),35.332864,19.253642,18.7,233.8,234,0.2,Under way using engine,MISRATA,09-08 23:30,Normal,None,High-speed liner transit across central Ionian basin
2026-09-08 07:51:00,235098000,9615520,ATLANTIC VOYAGER,MAQ88,Container Ship,12.2,"Navarino/Pylos Fairway (Peloponnese, Greece)",Misrata Container Terminal Approach (Libya),35.3236,19.238331,18.6,233.1,233,-0.1,Under way using engine,MISRATA,09-08 23:30,Normal,None,High-speed liner transit across central Ionian basin
2026-09-08 07:54:00,235098000,9615520,ATLANTIC VOYAGER,MAQ88,Container Ship,12.2,"Navarino/Pylos Fairway (Peloponnese, Greece)",Misrata Container Terminal Approach (Libya),35.314092,19.223246,18.7,232.1,232,0.1,Under way using engine,MISRATA,09-08 23:30,Normal,None,High-speed liner transit across central Ionian basin
2026-09-08 07:57:00,235098000,9615520,ATLANTIC VOYAGER,MAQ88,Container Ship,12.2,"Navarino/Pylos Fairway (Peloponnese, Greece)",Misrata Container Terminal Approach (Libya),35.304538,19.208204,18.6,232.2,232,0.1,Under way using engine,MISRATA,09-08 23:30,Normal,None,High-speed liner transit across central Ionian basin
2026-09-08 08:00:00,235098000,9615520,ATLANTIC VOYAGER,MAQ88,Container Ship,12.2,"Navarino/Pylos Fairway (Peloponnese, Greece)",Misrata Container Terminal Approach (Libya),35.295072,19.193059,18.7,232.8,233,-0.2,Under way using engine,MISRATA,09-08 23:30,Normal,None,High-speed liner transit across central Ionian basin
2026-09-08 08:03:00,235098000,9615520,ATLANTIC VOYAGER,MAQ88,Container Ship,12.2,"Navarino/Pylos Fairway (Peloponnese, Greece)",Misrata Container Terminal Approach (Libya),35.285658,19.177881,18.7,233.0,233,-0.0,Under way using engine,MISRATA,09-08 23:30,Normal,None,High-speed liner transit across central Ionian basin
2026-09-08 08:06:00,235098000,9615520,ATLANTIC VOYAGER,MAQ88,Container Ship,12.2,"Navarino/Pylos Fairway (Peloponnese, Greece)",Misrata Container Terminal Approach (Libya),35.276307,19.16265,18.7,232.8,233,0.0,Under way using engine,MISRATA,09-08 23:30,Normal,None,High-speed liner transit across central Ionian basin
2026-09-08 08:09:00,235098000,9615520,ATLANTIC VOYAGER,MAQ88,Container Ship,12.2,"Navarino/Pylos Fairway (Peloponnese, Greece)",Misrata Container Terminal Approach (Libya),35.266971,19.147434,18.6,233.3,233,-0.0,Under way using engine,MISRATA,09-08 23:30,Normal,None,High-speed liner transit across central Ionian basin
2026-09-08 08:12:00,235098000,9615520,ATLANTIC VOYAGER,MAQ88,Container Ship,12.2,"Navarino/Pylos Fairway (Peloponnese, Greece)",Misrata Container Terminal Approach (Libya),35.257591,19.132223,18.7,233.0,233,-0.1,Under way using engine,MISRATA,09-08 23:30,Normal,None,High-speed liner transit across central Ionian basin
2026-09-08 08:15:00,235098000,9615520,ATLANTIC VOYAGER,MAQ88,Container Ship,12.2,"Navarino/Pylos Fairway (Peloponnese, Greece)",Misrata Container Terminal Approach (Libya),35.248286,19.116956,18.6,233.8,234,0.2,Under way using engine,MISRATA,09-08 23:30,Normal,None,High-speed liner transit across central Ionian basin
2026-09-08 08:18:00,235098000,9615520,ATLANTIC VOYAGER,MAQ88,Container Ship,12.2,"Navarino/Pylos Fairway (Peloponnese, Greece)",Misrata Container Terminal Approach (Libya),35.238992,19.101692,18.7,233.5,234,-0.1,Under way using engine,MISRATA,09-08 23:30,Normal,None,High-speed liner transit across central Ionian basin
2026-09-08 08:21:00,235098000,9615520,ATLANTIC VOYAGER,MAQ88,Container Ship,12.2,"Navarino/Pylos Fairway (Peloponnese, Greece)",Misrata Container Terminal Approach (Libya),35.229726,19.086404,18.7,233.0,233,0.1,Under way using engine,MISRATA,09-08 23:30,Normal,None,High-speed liner transit across central Ionian basin
2026-09-08 08:24:00,235098000,9615520,ATLANTIC VOYAGER,MAQ88,Container Ship,12.2,"Navarino/Pylos Fairway (Peloponnese, Greece)",Misrata Container Terminal Approach (Libya),35.22048,19.071082,18.7,234.2,234,0.1,Under way using engine,MISRATA,09-08 23:30,Normal,None,High-speed liner transit across central Ionian basin
2026-09-08 08:27:00,235098000,9615520,ATLANTIC VOYAGER,MAQ88,Container Ship,12.2,"Navarino/Pylos Fairway (Peloponnese, Greece)",Misrata Container Terminal Approach (Libya),35.211274,19.055753,18.6,233.2,233,-0.0,Under way using engine,MISRATA,09-08 23:30,Normal,None,High-speed liner transit across central Ionian basin
2026-09-08 08:30:00,235098000,9615520,ATLANTIC VOYAGER,MAQ88,Container Ship,12.2,"Navarino/Pylos Fairway (Peloponnese, Greece)",Misrata Container Terminal Approach (Libya),35.202037,19.040415,18.7,233.2,233,0.1,Under way using engine,MISRATA,09-08 23:30,Normal,None,High-speed liner transit across central Ionian basin
2026-09-08 08:33:00,235098000,9615520,ATLANTIC VOYAGER,MAQ88,Container Ship,12.2,"Navarino/Pylos Fairway (Peloponnese, Greece)",Misrata Container Terminal Approach (Libya),35.192755,19.025116,18.7,233.2,233,-0.1,Under way using engine,MISRATA,09-08 23:30,Normal,None,High-speed liner transit across central Ionian basin
2026-09-08 08:36:00,235098000,9615520,ATLANTIC VOYAGER,MAQ88,Container Ship,12.2,"Navarino/Pylos Fairway (Peloponnese, Greece)",Misrata Container Terminal Approach (Libya),35.183569,19.009745,18.7,234.3,234,0.2,Under way using engine,MISRATA,09-08 23:30,Normal,None,High-speed liner transit across central Ionian basin
2026-09-08 08:39:00,235098000,9615520,ATLANTIC VOYAGER,MAQ88,Container Ship,12.2,"Navarino/Pylos Fairway (Peloponnese, Greece)",Misrata Container Terminal Approach (Libya),35.174404,18.994369,18.6,233.6,234,0.1,Under way using engine,MISRATA,09-08 23:30,Normal,None,High-speed liner transit across central Ionian basin
2026-09-08 08:42:00,235098000,9615520,ATLANTIC VOYAGER,MAQ88,Container Ship,12.2,"Navarino/Pylos Fairway (Peloponnese, Greece)",Misrata Container Terminal Approach (Libya),35.165364,18.978905,18.7,234.7,235,0.0,Under way using engine,MISRATA,09-08 23:30,Normal,None,High-speed liner transit across central Ionian basin
2026-09-08 08:45:00,235098000,9615520,ATLANTIC VOYAGER,MAQ88,Container Ship,12.2,"Navarino/Pylos Fairway (Peloponnese, Greece)",Misrata Container Terminal Approach (Libya),35.156322,18.963423,18.7,234.1,234,0.1,Under way using engine,MISRATA,09-08 23:30,Normal,None,High-speed liner transit across central Ionian basin
2026-09-08 08:48:00,235098000,9615520,ATLANTIC VOYAGER,MAQ88,Container Ship,12.2,"Navarino/Pylos Fairway (Peloponnese, Greece)",Misrata Container Terminal Approach (Libya),35.147137,18.948062,18.7,233.5,234,0.1,Under way using engine,MISRATA,09-08 23:30,Normal,None,High-speed liner transit across central Ionian basin
2026-09-08 08:51:00,235098000,9615520,ATLANTIC VOYAGER,MAQ88,Container Ship,12.2,"Navarino/Pylos Fairway (Peloponnese, Greece)",Misrata Container Terminal Approach (Libya),35.138048,18.932624,18.7,234.5,235,-0.1,Under way using engine,MISRATA,09-08 23:30,Normal,None,High-speed liner transit across central Ionian basin
2026-09-08 08:54:00,235098000,9615520,ATLANTIC VOYAGER,MAQ88,Container Ship,12.2,"Navarino/Pylos Fairway (Peloponnese, Greece)",Misrata Container Terminal Approach (Libya),35.128946,18.917197,18.7,233.6,234,0.1,Under way using engine,MISRATA,09-08 23:30,Normal,None,High-speed liner transit across central Ionian basin
2026-09-08 08:57:00,235098000,9615520,ATLANTIC VOYAGER,MAQ88,Container Ship,12.2,"Navarino/Pylos Fairway (Peloponnese, Greece)",Misrata Container Terminal Approach (Libya),35.119768,18.901842,18.6,233.4,234,0.0,Under way using engine,MISRATA,09-08 23:30,Normal,None,High-speed liner transit across central Ionian basin
2026-09-08 09:00:00,235098000,9615520,ATLANTIC VOYAGER,MAQ88,Container Ship,12.2,"Navarino/Pylos Fairway (Peloponnese, Greece)",Misrata Container Terminal Approach (Libya),35.110636,18.886459,18.7,233.9,234,-0.1,Under way using engine,MISRATA,09-08 23:30,Normal,None,High-speed liner transit across central Ionian basin
2026-09-08 09:03:00,235098000,9615520,ATLANTIC VOYAGER,MAQ88,Container Ship,12.2,"Navarino/Pylos Fairway (Peloponnese, Greece)",Misrata Container Terminal Approach (Libya),35.101398,18.871163,18.7,233.4,234,-0.1,Under way using engine,MISRATA,09-08 23:30,Normal,None,High-speed liner transit across central Ionian basin
2026-09-08 09:06:00,235098000,9615520,ATLANTIC VOYAGER,MAQ88,Container Ship,12.2,"Navarino/Pylos Fairway (Peloponnese, Greece)",Misrata Container Terminal Approach (Libya),35.092112,18.855899,18.7,233.4,234,0.1,Under way using engine,MISRATA,09-08 23:30,Normal,None,High-speed liner transit across central Ionian basin
2026-09-08 09:09:00,235098000,9615520,ATLANTIC VOYAGER,MAQ88,Container Ship,12.2,"Navarino/Pylos Fairway (Peloponnese, Greece)",Misrata Container Terminal Approach (Libya),35.082671,18.840785,18.7,232.7,233,0.2,Under way using engine,MISRATA,09-08 23:30,Normal,None,High-speed liner transit across central Ionian basin
2026-09-08 09:12:00,235098000,9615520,ATLANTIC VOYAGER,MAQ88,Container Ship,12.2,"Navarino/Pylos Fairway (Peloponnese, Greece)",Misrata Container Terminal Approach (Libya),35.073351,18.82557,18.7,233.5,234,-0.0,Under way using engine,MISRATA,09-08 23:30,Normal,None,High-speed liner transit across central Ionian basin
2026-09-08 09:15:00,235098000,9615520,ATLANTIC VOYAGER,MAQ88,Container Ship,12.2,"Navarino/Pylos Fairway (Peloponnese, Greece)",Misrata Container Terminal Approach (Libya),35.063928,18.81045,18.7,232.6,233,0.0,Under way using engine,MISRATA,09-08 23:30,Normal,None,High-speed liner transit across central Ionian basin
2026-09-08 09:18:00,235098000,9615520,ATLANTIC VOYAGER,MAQ88,Container Ship,12.2,"Navarino/Pylos Fairway (Peloponnese, Greece)",Misrata Container Terminal Approach (Libya),35.054565,18.79525,18.7,232.9,233,0.0,Under way using engine,MISRATA,09-08 23:30,Normal,None,High-speed liner transit across central Ionian basin
2026-09-08 09:21:00,235098000,9615520,ATLANTIC VOYAGER,MAQ88,Container Ship,12.2,"Navarino/Pylos Fairway (Peloponnese, Greece)",Misrata Container Terminal Approach (Libya),35.045455,18.779873,18.6,235.1,235,0.2,Under way using engine,MISRATA,09-08 23:30,Normal,None,High-speed liner transit across central Ionian basin
2026-09-08 09:24:00,235098000,9615520,ATLANTIC VOYAGER,MAQ88,Container Ship,12.2,"Navarino/Pylos Fairway (Peloponnese, Greece)",Misrata Container Terminal Approach (Libya),35.036649,18.764243,18.6,235.7,236,-0.1,Under way using engine,MISRATA,09-08 23:30,Normal,None,High-speed liner transit across central Ionian basin
2026-09-08 09:27:00,235098000,9615520,ATLANTIC VOYAGER,MAQ88,Container Ship,12.2,"Navarino/Pylos Fairway (Peloponnese, Greece)",Misrata Container Terminal Approach (Libya),35.027778,18.748635,18.7,235.0,235,-0.0,Under way using engine,MISRATA,09-08 23:30,Normal,None,High-speed liner transit across central Ionian basin
2026-09-08 09:30:00,235098000,9615520,ATLANTIC VOYAGER,MAQ88,Container Ship,12.2,"Navarino/Pylos Fairway (Peloponnese, Greece)",Misrata Container Terminal Approach (Libya),35.018663,18.733608,18.4,233.1,233,0.2,Under way using engine,MISRATA,09-08 23:30,Normal,None,Southwest Ionian transit on direct Great Circle track
2026-09-08 09:33:00,235098000,9615520,ATLANTIC VOYAGER,MAQ88,Container Ship,12.2,"Navarino/Pylos Fairway (Peloponnese, Greece)",Misrata Container Terminal Approach (Libya),35.009514,18.718638,18.4,233.5,234,0.0,Under way using engine,MISRATA,09-08 23:30,Normal,None,Southwest Ionian transit on direct Great Circle track
2026-09-08 09:36:00,235098000,9615520,ATLANTIC VOYAGER,MAQ88,Container Ship,12.2,"Navarino/Pylos Fairway (Peloponnese, Greece)",Misrata Container Terminal Approach (Libya),35.000522,18.703553,18.3,234.7,235,0.1,Under way using engine,MISRATA,09-08 23:30,Normal,None,Southwest Ionian transit on direct Great Circle track
2026-09-08 09:39:00,235098000,9615520,ATLANTIC VOYAGER,MAQ88,Container Ship,12.2,"Navarino/Pylos Fairway (Peloponnese, Greece)",Misrata Container Terminal Approach (Libya),34.991413,18.688555,18.3,232.6,233,-0.2,Under way using engine,MISRATA,09-08 23:30,Normal,None,Southwest Ionian transit on direct Great Circle track
2026-09-08 09:42:00,235098000,9615520,ATLANTIC VOYAGER,MAQ88,Container Ship,12.2,"Navarino/Pylos Fairway (Peloponnese, Greece)",Misrata Container Terminal Approach (Libya),34.982159,18.67366,18.4,233.4,234,-0.0,Under way using engine,MISRATA,09-08 23:30,Normal,None,Southwest Ionian transit on direct Great Circle track
2026-09-08 09:45:00,235098000,9615520,ATLANTIC VOYAGER,MAQ88,Container Ship,12.2,"Navarino/Pylos Fairway (Peloponnese, Greece)",Misrata Container Terminal Approach (Libya),34.973072,18.658666,18.3,233.6,234,-0.0,Under way using engine,MISRATA,09-08 23:30,Normal,None,Southwest Ionian transit on direct Great Circle track
2026-09-08 09:48:00,235098000,9615520,ATLANTIC VOYAGER,MAQ88,Container Ship,12.2,"Navarino/Pylos Fairway (Peloponnese, Greece)",Misrata Container Terminal Approach (Libya),34.963741,18.643868,18.4,232.6,233,0.0,Under way using engine,MISRATA,09-08 23:30,Normal,None,Southwest Ionian transit on direct Great Circle track
2026-09-08 09:51:00,235098000,9615520,ATLANTIC VOYAGER,MAQ88,Container Ship,12.2,"Navarino/Pylos Fairway (Peloponnese, Greece)",Misrata Container Terminal Approach (Libya),34.954427,18.629022,18.4,232.7,233,-0.1,Under way using engine,MISRATA,09-08 23:30,Normal,None,Southwest Ionian transit on direct Great Circle track
2026-09-08 09:54:00,235098000,9615520,ATLANTIC VOYAGER,MAQ88,Container Ship,12.2,"Navarino/Pylos Fairway (Peloponnese, Greece)",Misrata Container Terminal Approach (Libya),34.945197,18.614114,18.4,232.9,233,-0.1,Under way using engine,MISRATA,09-08 23:30,Normal,None,Southwest Ionian transit on direct Great Circle track
2026-09-08 09:57:00,235098000,9615520,ATLANTIC VOYAGER,MAQ88,Container Ship,12.2,"Navarino/Pylos Fairway (Peloponnese, Greece)",Misrata Container Terminal Approach (Libya),34.935995,18.599219,18.3,233.1,233,0.0,Under way using engine,MISRATA,09-08 23:30,Normal,None,Southwest Ionian transit on direct Great Circle track
2026-09-08 10:00:00,235098000,9615520,ATLANTIC VOYAGER,MAQ88,Container Ship,12.2,"Navarino/Pylos Fairway (Peloponnese, Greece)",Misrata Container Terminal Approach (Libya),34.92674,18.58438,18.3,232.8,233,-0.2,Under way using engine,MISRATA,09-08 23:30,Normal,None,Southwest Ionian transit on direct Great Circle track
2026-09-08 10:03:00,235098000,9615520,ATLANTIC VOYAGER,MAQ88,Container Ship,12.2,"Navarino/Pylos Fairway (Peloponnese, Greece)",Misrata Container Terminal Approach (Libya),34.917538,18.569459,18.4,232.9,233,-0.0,Under way using engine,MISRATA,09-08 23:30,Normal,None,Southwest Ionian transit on direct Great Circle track
2026-09-08 10:06:00,235098000,9615520,ATLANTIC VOYAGER,MAQ88,Container Ship,12.2,"Navarino/Pylos Fairway (Peloponnese, Greece)",Misrata Container Terminal Approach (Libya),34.908356,18.554499,18.5,233.2,234,-0.3,Under way using engine,MISRATA,09-08 23:30,Normal,None,Southwest Ionian transit on direct Great Circle track
2026-09-08 10:09:00,235098000,9615520,ATLANTIC VOYAGER,MAQ88,Container Ship,12.2,"Navarino/Pylos Fairway (Peloponnese, Greece)",Misrata Container Terminal Approach (Libya),34.899324,18.539441,18.3,233.7,234,0.1,Under way using engine,MISRATA,09-08 23:30,Normal,None,Southwest Ionian transit on direct Great Circle track
2026-09-08 10:12:00,235098000,9615520,ATLANTIC VOYAGER,MAQ88,Container Ship,12.2,"Navarino/Pylos Fairway (Peloponnese, Greece)",Misrata Container Terminal Approach (Libya),34.890187,18.524463,18.4,233.4,234,-0.0,Under way using engine,MISRATA,09-08 23:30,Normal,None,Southwest Ionian transit on direct Great Circle track
2026-09-08 10:15:00,235098000,9615520,ATLANTIC VOYAGER,MAQ88,Container Ship,12.2,"Navarino/Pylos Fairway (Peloponnese, Greece)",Misrata Container Terminal Approach (Libya),34.880999,18.509531,18.4,233.0,233,-0.1,Under way using engine,MISRATA,09-08 23:30,Normal,None,Southwest Ionian transit on direct Great Circle track
2026-09-08 10:18:00,235098000,9615520,ATLANTIC VOYAGER,MAQ88,Container Ship,12.2,"Navarino/Pylos Fairway (Peloponnese, Greece)",Misrata Container Terminal Approach (Libya),34.87197,18.49448,18.4,234.2,235,0.2,Under way using engine,MISRATA,09-08 23:30,Normal,None,Southwest Ionian transit on direct Great Circle track
2026-09-08 10:21:00,235098000,9615520,ATLANTIC VOYAGER,MAQ88,Container Ship,12.2,"Navarino/Pylos Fairway (Peloponnese, Greece)",Misrata Container Terminal Approach (Libya),34.862882,18.479474,18.4,232.9,233,-0.0,Under way using engine,MISRATA,09-08 23:30,Normal,None,Southwest Ionian transit on direct Great Circle track
2026-09-08 10:24:00,235098000,9615520,ATLANTIC VOYAGER,MAQ88,Container Ship,12.2,"Navarino/Pylos Fairway (Peloponnese, Greece)",Misrata Container Terminal Approach (Libya),34.853597,18.46465,18.3,233.4,234,0.1,Under way using engine,MISRATA,09-08 23:30,Normal,None,Southwest Ionian transit on direct Great Circle track
2026-09-08 10:27:00,235098000,9615520,ATLANTIC VOYAGER,MAQ88,Container Ship,12.2,"Navarino/Pylos Fairway (Peloponnese, Greece)",Misrata Container Terminal Approach (Libya),34.844284,18.449849,18.4,233.0,233,0.2,Under way using engine,MISRATA,09-08 23:30,Normal,None,Southwest Ionian transit on direct Great Circle track
2026-09-08 10:30:00,235098000,9615520,ATLANTIC VOYAGER,MAQ88,Container Ship,12.2,"Navarino/Pylos Fairway (Peloponnese, Greece)",Misrata Container Terminal Approach (Libya),34.835137,18.434903,18.4,233.3,234,-0.1,Under way using engine,MISRATA,09-08 23:30,Normal,None,Southwest Ionian transit on direct Great Circle track
2026-09-08 10:33:00,235098000,9615520,ATLANTIC VOYAGER,MAQ88,Container Ship,12.2,"Navarino/Pylos Fairway (Peloponnese, Greece)",Misrata Container Terminal Approach (Libya),34.825962,18.419969,18.4,232.9,233,-0.0,Under way using engine,MISRATA,09-08 23:30,Normal,None,Southwest Ionian transit on direct Great Circle track
2026-09-08 10:36:00,235098000,9615520,ATLANTIC VOYAGER,MAQ88,Container Ship,12.2,"Navarino/Pylos Fairway (Peloponnese, Greece)",Misrata Container Terminal Approach (Libya),34.81675,18.405109,18.3,233.6,234,0.0,Under way using engine,MISRATA,09-08 23:30,Normal,None,Southwest Ionian transit on direct Great Circle track
2026-09-08 10:39:00,235098000,9615520,ATLANTIC VOYAGER,MAQ88,Container Ship,12.2,"Navarino/Pylos Fairway (Peloponnese, Greece)",Misrata Container Terminal Approach (Libya),34.807646,18.390124,18.3,233.1,234,-0.0,Under way using engine,MISRATA,09-08 23:30,Normal,None,Southwest Ionian transit on direct Great Circle track
2026-09-08 10:42:00,235098000,9615520,ATLANTIC VOYAGER,MAQ88,Container Ship,12.2,"Navarino/Pylos Fairway (Peloponnese, Greece)",Misrata Container Terminal Approach (Libya),34.798469,18.375202,18.3,232.9,233,-0.1,Under way using engine,MISRATA,09-08 23:30,Normal,None,Southwest Ionian transit on direct Great Circle track
2026-09-08 10:45:00,235098000,9615520,ATLANTIC VOYAGER,MAQ88,Container Ship,12.2,"Navarino/Pylos Fairway (Peloponnese, Greece)",Misrata Container Terminal Approach (Libya),34.789216,18.360356,18.4,232.8,233,-0.3,Under way using engine,MISRATA,09-08 23:30,Normal,None,Southwest Ionian transit on direct Great Circle track
2026-09-08 10:48:00,235098000,9615520,ATLANTIC VOYAGER,MAQ88,Container Ship,12.2,"Navarino/Pylos Fairway (Peloponnese, Greece)",Misrata Container Terminal Approach (Libya),34.780097,18.345409,18.3,233.2,234,-0.2,Under way using engine,MISRATA,09-08 23:30,Normal,None,Southwest Ionian transit on direct Great Circle track
2026-09-08 10:51:00,235098000,9615520,ATLANTIC VOYAGER,MAQ88,Container Ship,12.2,"Navarino/Pylos Fairway (Peloponnese, Greece)",Misrata Container Terminal Approach (Libya),34.770874,18.330536,18.4,232.6,233,0.1,Under way using engine,MISRATA,09-08 23:30,Normal,None,Southwest Ionian transit on direct Great Circle track
2026-09-08 10:54:00,235098000,9615520,ATLANTIC VOYAGER,MAQ88,Container Ship,12.2,"Navarino/Pylos Fairway (Peloponnese, Greece)",Misrata Container Terminal Approach (Libya),34.761599,18.315742,18.4,232.8,233,-0.1,Under way using engine,MISRATA,09-08 23:30,Normal,None,Southwest Ionian transit on direct Great Circle track
2026-09-08 10:57:00,235098000,9615520,ATLANTIC VOYAGER,MAQ88,Container Ship,12.2,"Navarino/Pylos Fairway (Peloponnese, Greece)",Misrata Container Terminal Approach (Libya),34.752569,18.300714,18.4,234.1,235,0.2,Under way using engine,MISRATA,09-08 23:30,Normal,None,Southwest Ionian transit on direct Great Circle track
2026-09-08 11:00:00,235098000,9615520,ATLANTIC VOYAGER,MAQ88,Container Ship,12.2,"Navarino/Pylos Fairway (Peloponnese, Greece)",Misrata Container Terminal Approach (Libya),34.74366,18.285564,18.3,234.0,234,0.0,Under way using engine,MISRATA,09-08 23:30,Normal,None,Southwest Ionian transit on direct Great Circle track
2026-09-08 11:03:00,235098000,9615520,ATLANTIC VOYAGER,MAQ88,Container Ship,12.2,"Navarino/Pylos Fairway (Peloponnese, Greece)",Misrata Container Terminal Approach (Libya),34.734467,18.270664,18.3,233.3,234,0.1,Under way using engine,MISRATA,09-08 23:30,Normal,None,Southwest Ionian transit on direct Great Circle track
2026-09-08 11:06:00,235098000,9615520,ATLANTIC VOYAGER,MAQ88,Container Ship,12.2,"Navarino/Pylos Fairway (Peloponnese, Greece)",Misrata Container Terminal Approach (Libya),34.725375,18.255678,18.4,233.5,234,-0.1,Under way using engine,MISRATA,09-08 23:30,Normal,None,Southwest Ionian transit on direct Great Circle track
2026-09-08 11:09:00,235098000,9615520,ATLANTIC VOYAGER,MAQ88,Container Ship,12.2,"Navarino/Pylos Fairway (Peloponnese, Greece)",Misrata Container Terminal Approach (Libya),34.716252,18.240706,18.4,233.9,234,0.1,Under way using engine,MISRATA,09-08 23:30,Normal,None,Southwest Ionian transit on direct Great Circle track
2026-09-08 11:12:00,235098000,9615520,ATLANTIC VOYAGER,MAQ88,Container Ship,12.2,"Navarino/Pylos Fairway (Peloponnese, Greece)",Misrata Container Terminal Approach (Libya),34.707187,18.225708,18.4,233.7,234,-0.2,Under way using engine,MISRATA,09-08 23:30,Normal,None,Southwest Ionian transit on direct Great Circle track
2026-09-08 11:15:00,235098000,9615520,ATLANTIC VOYAGER,MAQ88,Container Ship,12.2,"Navarino/Pylos Fairway (Peloponnese, Greece)",Misrata Container Terminal Approach (Libya),34.698027,18.210811,18.4,232.9,233,0.0,Under way using engine,MISRATA,09-08 23:30,Normal,None,Southwest Ionian transit on direct Great Circle track
2026-09-08 11:18:00,235098000,9615520,ATLANTIC VOYAGER,MAQ88,Container Ship,12.2,"Navarino/Pylos Fairway (Peloponnese, Greece)",Misrata Container Terminal Approach (Libya),34.688743,18.19604,18.4,232.6,233,-0.2,Under way using engine,MISRATA,09-08 23:30,Normal,None,Southwest Ionian transit on direct Great Circle track
2026-09-08 11:21:00,235098000,9615520,ATLANTIC VOYAGER,MAQ88,Container Ship,12.2,"Navarino/Pylos Fairway (Peloponnese, Greece)",Misrata Container Terminal Approach (Libya),34.679461,18.181236,18.4,232.9,233,0.0,Under way using engine,MISRATA,09-08 23:30,Normal,None,Southwest Ionian transit on direct Great Circle track
2026-09-08 11:24:00,235098000,9615520,ATLANTIC VOYAGER,MAQ88,Container Ship,12.2,"Navarino/Pylos Fairway (Peloponnese, Greece)",Misrata Container Terminal Approach (Libya),34.670219,18.166389,18.3,233.4,234,-0.0,Under way using engine,MISRATA,09-08 23:30,Normal,None,Southwest Ionian transit on direct Great Circle track
2026-09-08 11:27:00,235098000,9615520,ATLANTIC VOYAGER,MAQ88,Container Ship,12.2,"Navarino/Pylos Fairway (Peloponnese, Greece)",Misrata Container Terminal Approach (Libya),34.660999,18.15156,18.3,232.0,232,-0.0,Under way using engine,MISRATA,09-08 23:30,Normal,None,Southwest Ionian transit on direct Great Circle track
2026-09-08 11:30:00,235098000,9615520,ATLANTIC VOYAGER,MAQ88,Container Ship,12.2,"Navarino/Pylos Fairway (Peloponnese, Greece)",Misrata Container Terminal Approach (Libya),34.651615,18.136855,18.4,232.6,233,0.1,Under way using engine,MISRATA,09-08 23:30,Normal,None,Southwest Ionian transit on direct Great Circle track
2026-09-08 11:33:00,235098000,9615520,ATLANTIC VOYAGER,MAQ88,Container Ship,12.2,"Navarino/Pylos Fairway (Peloponnese, Greece)",Misrata Container Terminal Approach (Libya),34.642108,18.122274,18.4,230.8,231,-0.1,Under way using engine,MISRATA,09-08 23:30,Normal,None,Southwest Ionian transit on direct Great Circle track
2026-09-08 11:36:00,235098000,9615520,ATLANTIC VOYAGER,MAQ88,Container Ship,12.2,"Navarino/Pylos Fairway (Peloponnese, Greece)",Misrata Container Terminal Approach (Libya),34.632607,18.107692,18.3,232.2,233,0.0,Under way using engine,MISRATA,09-08 23:30,Normal,None,Southwest Ionian transit on direct Great Circle track
2026-09-08 11:39:00,235098000,9615520,ATLANTIC VOYAGER,MAQ88,Container Ship,12.2,"Navarino/Pylos Fairway (Peloponnese, Greece)",Misrata Container Terminal Approach (Libya),34.623314,18.092905,18.4,232.7,233,-0.1,Under way using engine,MISRATA,09-08 23:30,Normal,None,Southwest Ionian transit on direct Great Circle track
2026-09-08 11:42:00,235098000,9615520,ATLANTIC VOYAGER,MAQ88,Container Ship,12.2,"Navarino/Pylos Fairway (Peloponnese, Greece)",Misrata Container Terminal Approach (Libya),34.614026,18.078127,18.4,232.4,233,-0.1,Under way using engine,MISRATA,09-08 23:30,Normal,None,Southwest Ionian transit on direct Great Circle track
2026-09-08 11:45:00,235098000,9615520,ATLANTIC VOYAGER,MAQ88,Container Ship,12.2,"Navarino/Pylos Fairway (Peloponnese, Greece)",Misrata Container Terminal Approach (Libya),34.604676,18.063388,18.3,232.6,233,-0.1,Under way using engine,MISRATA,09-08 23:30,Normal,None,Southwest Ionian transit on direct Great Circle track
2026-09-08 11:48:00,235098000,9615520,ATLANTIC VOYAGER,MAQ88,Container Ship,12.2,"Navarino/Pylos Fairway (Peloponnese, Greece)",Misrata Container Terminal Approach (Libya),34.595437,18.048603,18.4,232.5,233,0.0,Under way using engine,MISRATA,09-08 23:30,Normal,None,Southwest Ionian transit on direct Great Circle track
2026-09-08 11:51:00,235098000,9615520,ATLANTIC VOYAGER,MAQ88,Container Ship,12.2,"Navarino/Pylos Fairway (Peloponnese, Greece)",Misrata Container Terminal Approach (Libya),34.586057,18.033883,18.4,232.4,233,0.0,Under way using engine,MISRATA,09-08 23:30,Normal,None,Southwest Ionian transit on direct Great Circle track
2026-09-08 11:54:00,235098000,9615520,ATLANTIC VOYAGER,MAQ88,Container Ship,12.2,"Navarino/Pylos Fairway (Peloponnese, Greece)",Misrata Container Terminal Approach (Libya),34.576715,18.019183,18.4,232.8,233,0.1,Under way using engine,MISRATA,09-08 23:30,Normal,None,Southwest Ionian transit on direct Great Circle track
2026-09-08 11:57:00,235098000,9615520,ATLANTIC VOYAGER,MAQ88,Container Ship,12.2,"Navarino/Pylos Fairway (Peloponnese, Greece)",Misrata Container Terminal Approach (Libya),34.567498,18.004337,18.4,232.8,233,0.1,Under way using engine,MISRATA,09-08 23:30,Normal,None,Southwest Ionian transit on direct Great Circle track
2026-09-08 12:00:00,235098000,9615520,ATLANTIC VOYAGER,MAQ88,Container Ship,12.2,"Navarino/Pylos Fairway (Peloponnese, Greece)",Misrata Container Terminal Approach (Libya),34.558356,17.989449,18.3,233.4,234,-0.2,Under way using engine,MISRATA,09-08 23:30,Normal,None,Southwest Ionian transit on direct Great Circle track
2026-09-08 12:03:00,235098000,9615520,ATLANTIC VOYAGER,MAQ88,Container Ship,12.2,"Navarino/Pylos Fairway (Peloponnese, Greece)",Misrata Container Terminal Approach (Libya),34.549137,17.974605,18.4,233.0,234,0.1,Under way using engine,MISRATA,09-08 23:30,Normal,None,Southwest Ionian transit on direct Great Circle track
2026-09-08 12:06:00,235098000,9615520,ATLANTIC VOYAGER,MAQ88,Container Ship,12.2,"Navarino/Pylos Fairway (Peloponnese, Greece)",Misrata Container Terminal Approach (Libya),34.53985,17.95984,18.4,232.3,233,0.2,Under way using engine,MISRATA,09-08 23:30,Normal,None,Southwest Ionian transit on direct Great Circle track
2026-09-08 12:09:00,235098000,9615520,ATLANTIC VOYAGER,MAQ88,Container Ship,12.2,"Navarino/Pylos Fairway (Peloponnese, Greece)",Misrata Container Terminal Approach (Libya),34.530644,17.945005,18.4,233.3,234,-0.1,Under way using engine,MISRATA,09-08 23:30,Normal,None,Southwest Ionian transit on direct Great Circle track
2026-09-08 12:12:00,235098000,9615520,ATLANTIC VOYAGER,MAQ88,Container Ship,12.2,"Navarino/Pylos Fairway (Peloponnese, Greece)",Misrata Container Terminal Approach (Libya),34.521654,17.929978,18.4,233.9,234,-0.1,Under way using engine,MISRATA,09-08 23:30,Normal,None,Southwest Ionian transit on direct Great Circle track
2026-09-08 12:15:00,235098000,9615520,ATLANTIC VOYAGER,MAQ88,Container Ship,12.2,"Navarino/Pylos Fairway (Peloponnese, Greece)",Misrata Container Terminal Approach (Libya),34.512751,17.914906,18.3,234.3,235,-0.1,Under way using engine,MISRATA,09-08 23:30,Normal,None,Southwest Ionian transit on direct Great Circle track
2026-09-08 12:18:00,235098000,9615520,ATLANTIC VOYAGER,MAQ88,Container Ship,12.2,"Navarino/Pylos Fairway (Peloponnese, Greece)",Misrata Container Terminal Approach (Libya),34.503666,17.899968,18.3,233.1,234,0.1,Under way using engine,MISRATA,09-08 23:30,Normal,None,Southwest Ionian transit on direct Great Circle track
2026-09-08 12:21:00,235098000,9615520,ATLANTIC VOYAGER,MAQ88,Container Ship,12.2,"Navarino/Pylos Fairway (Peloponnese, Greece)",Misrata Container Terminal Approach (Libya),34.494479,17.885137,18.4,233.0,234,0.1,Under way using engine,MISRATA,09-08 23:30,Normal,None,Southwest Ionian transit on direct Great Circle track
2026-09-08 12:24:00,235098000,9615520,ATLANTIC VOYAGER,MAQ88,Container Ship,12.2,"Navarino/Pylos Fairway (Peloponnese, Greece)",Misrata Container Terminal Approach (Libya),34.485231,17.870379,18.3,232.8,233,-0.0,Under way using engine,MISRATA,09-08 23:30,Normal,None,Southwest Ionian transit on direct Great Circle track
2026-09-08 12:27:00,235098000,9615520,ATLANTIC VOYAGER,MAQ88,Container Ship,12.2,"Navarino/Pylos Fairway (Peloponnese, Greece)",Misrata Container Terminal Approach (Libya),34.476183,17.855441,18.4,233.6,234,0.1,Under way using engine,MISRATA,09-08 23:30,Normal,None,Southwest Ionian transit on direct Great Circle track
2026-09-08 12:30:00,235098000,9615520,ATLANTIC VOYAGER,MAQ88,Container Ship,12.2,"Navarino/Pylos Fairway (Peloponnese, Greece)",Misrata Container Terminal Approach (Libya),34.467202,17.840424,18.4,234.3,235,-0.1,Under way using engine,MISRATA,09-08 23:30,Normal,None,Southwest Ionian transit on direct Great Circle track
2026-09-08 12:33:00,235098000,9615520,ATLANTIC VOYAGER,MAQ88,Container Ship,12.2,"Navarino/Pylos Fairway (Peloponnese, Greece)",Misrata Container Terminal Approach (Libya),34.458115,17.825479,18.4,233.4,234,-0.1,Under way using engine,MISRATA,09-08 23:30,Normal,None,Southwest Ionian transit on direct Great Circle track
2026-09-08 12:36:00,235098000,9615520,ATLANTIC VOYAGER,MAQ88,Container Ship,12.2,"Navarino/Pylos Fairway (Peloponnese, Greece)",Misrata Container Terminal Approach (Libya),34.449179,17.810452,18.3,233.9,234,-0.0,Under way using engine,MISRATA,09-08 23:30,Normal,None,Southwest Ionian transit on direct Great Circle track
2026-09-08 12:39:00,235098000,9615520,ATLANTIC VOYAGER,MAQ88,Container Ship,12.2,"Navarino/Pylos Fairway (Peloponnese, Greece)",Misrata Container Terminal Approach (Libya),34.44008,17.795551,18.3,233.5,234,0.0,Under way using engine,MISRATA,09-08 23:30,Normal,None,Southwest Ionian transit on direct Great Circle track
2026-09-08 12:42:00,235098000,9615520,ATLANTIC VOYAGER,MAQ88,Container Ship,12.2,"Navarino/Pylos Fairway (Peloponnese, Greece)",Misrata Container Terminal Approach (Libya),34.430867,17.78078,18.4,232.5,233,-0.0,Under way using engine,MISRATA,09-08 23:30,Normal,None,Southwest Ionian transit on direct Great Circle track
2026-09-08 12:45:00,235098000,9615520,ATLANTIC VOYAGER,MAQ88,Container Ship,12.2,"Navarino/Pylos Fairway (Peloponnese, Greece)",Misrata Container Terminal Approach (Libya),34.421514,17.766132,18.4,232.8,233,0.1,Under way using engine,MISRATA,09-08 23:30,Normal,None,Southwest Ionian transit on direct Great Circle track
2026-09-08 12:48:00,235098000,9615520,ATLANTIC VOYAGER,MAQ88,Container Ship,12.2,"Navarino/Pylos Fairway (Peloponnese, Greece)",Misrata Container Terminal Approach (Libya),34.412306,17.751335,18.3,232.4,233,-0.2,Under way using engine,MISRATA,09-08 23:30,Normal,None,Southwest Ionian transit on direct Great Circle track
2026-09-08 12:51:00,235098000,9615520,ATLANTIC VOYAGER,MAQ88,Container Ship,12.2,"Navarino/Pylos Fairway (Peloponnese, Greece)",Misrata Container Terminal Approach (Libya),34.403067,17.736581,18.3,232.9,233,0.0,Under way using engine,MISRATA,09-08 23:30,Normal,None,Southwest Ionian transit on direct Great Circle track
2026-09-08 12:54:00,235098000,9615520,ATLANTIC VOYAGER,MAQ88,Container Ship,12.2,"Navarino/Pylos Fairway (Peloponnese, Greece)",Misrata Container Terminal Approach (Libya),34.393934,17.721703,18.4,233.6,234,-0.0,Under way using engine,MISRATA,09-08 23:30,Normal,None,Southwest Ionian transit on direct Great Circle track
2026-09-08 12:57:00,235098000,9615520,ATLANTIC VOYAGER,MAQ88,Container Ship,12.2,"Navarino/Pylos Fairway (Peloponnese, Greece)",Misrata Container Terminal Approach (Libya),34.384931,17.706715,18.4,234.1,235,-0.0,Under way using engine,MISRATA,09-08 23:30,Normal,None,Southwest Ionian transit on direct Great Circle track
2026-09-08 13:00:00,235098000,9615520,ATLANTIC VOYAGER,MAQ88,Container Ship,12.2,"Navarino/Pylos Fairway (Peloponnese, Greece)",Misrata Container Terminal Approach (Libya),34.375861,17.691793,18.3,233.2,234,0.0,Under way using engine,MISRATA,09-08 23:30,Normal,None,Southwest Ionian transit on direct Great Circle track
2026-09-08 13:03:00,235098000,9615520,ATLANTIC VOYAGER,MAQ88,Container Ship,12.2,"Navarino/Pylos Fairway (Peloponnese, Greece)",Misrata Container Terminal Approach (Libya),34.366853,17.676838,18.3,233.8,234,-0.1,Under way using engine,MISRATA,09-08 23:30,Normal,None,Southwest Ionian transit on direct Great Circle track
2026-09-08 13:06:00,235098000,9615520,ATLANTIC VOYAGER,MAQ88,Container Ship,12.2,"Navarino/Pylos Fairway (Peloponnese, Greece)",Misrata Container Terminal Approach (Libya),34.357848,17.6619,18.3,233.6,234,0.0,Under way using engine,MISRATA,09-08 23:30,Normal,None,Southwest Ionian transit on direct Great Circle track
2026-09-08 13:09:00,235098000,9615520,ATLANTIC VOYAGER,MAQ88,Container Ship,12.2,"Navarino/Pylos Fairway (Peloponnese, Greece)",Misrata Container Terminal Approach (Libya),34.348855,17.646924,18.3,234.3,235,0.0,Under way using engine,MISRATA,09-08 23:30,Normal,None,Southwest Ionian transit on direct Great Circle track
2026-09-08 13:12:00,235098000,9615520,ATLANTIC VOYAGER,MAQ88,Container Ship,12.2,"Navarino/Pylos Fairway (Peloponnese, Greece)",Misrata Container Terminal Approach (Libya),34.339812,17.631986,18.3,234.1,235,0.0,Under way using engine,MISRATA,09-08 23:30,Normal,None,Southwest Ionian transit on direct Great Circle track
2026-09-08 13:15:00,235098000,9615520,ATLANTIC VOYAGER,MAQ88,Container Ship,12.2,"Navarino/Pylos Fairway (Peloponnese, Greece)",Misrata Container Terminal Approach (Libya),34.330733,17.617089,18.4,233.2,234,0.1,Under way using engine,MISRATA,09-08 23:30,Normal,None,Southwest Ionian transit on direct Great Circle track
2026-09-08 13:18:00,235098000,9615520,ATLANTIC VOYAGER,MAQ88,Container Ship,12.2,"Navarino/Pylos Fairway (Peloponnese, Greece)",Misrata Container Terminal Approach (Libya),34.321548,17.60227,18.3,233.7,234,0.1,Under way using engine,MISRATA,09-08 23:30,Normal,None,Southwest Ionian transit on direct Great Circle track
2026-09-08 13:21:00,235098000,9615520,ATLANTIC VOYAGER,MAQ88,Container Ship,12.2,"Navarino/Pylos Fairway (Peloponnese, Greece)",Misrata Container Terminal Approach (Libya),34.31239,17.58744,18.4,232.8,233,-0.0,Under way using engine,MISRATA,09-08 23:30,Normal,None,Southwest Ionian transit on direct Great Circle track
2026-09-08 13:24:00,235098000,9615520,ATLANTIC VOYAGER,MAQ88,Container Ship,12.2,"Navarino/Pylos Fairway (Peloponnese, Greece)",Misrata Container Terminal Approach (Libya),34.303209,17.572645,18.3,233.6,234,-0.1,Under way using engine,MISRATA,09-08 23:30,Normal,None,Southwest Ionian transit on direct Great Circle track
2026-09-08 13:27:00,235098000,9615520,ATLANTIC VOYAGER,MAQ88,Container Ship,12.2,"Navarino/Pylos Fairway (Peloponnese, Greece)",Misrata Container Terminal Approach (Libya),34.294139,17.557734,18.3,232.9,233,0.2,Under way using engine,MISRATA,09-08 23:30,Normal,None,Southwest Ionian transit on direct Great Circle track
2026-09-08 13:30:00,235098000,9615520,ATLANTIC VOYAGER,MAQ88,Container Ship,12.2,"Navarino/Pylos Fairway (Peloponnese, Greece)",Misrata Container Terminal Approach (Libya),34.284833,17.543057,18.4,231.7,232,-0.0,Under way using engine,MISRATA,09-08 23:30,Normal,None,Southwest Ionian transit on direct Great Circle track
2026-09-08 13:33:00,235098000,9615520,ATLANTIC VOYAGER,MAQ88,Container Ship,12.2,"Navarino/Pylos Fairway (Peloponnese, Greece)",Misrata Container Terminal Approach (Libya),34.275513,17.528416,18.4,232.7,233,-0.2,Under way using engine,MISRATA,09-08 23:30,Normal,None,Southwest Ionian transit on direct Great Circle track
2026-09-08 13:36:00,235098000,9615520,ATLANTIC VOYAGER,MAQ88,Container Ship,12.2,"Navarino/Pylos Fairway (Peloponnese, Greece)",Misrata Container Terminal Approach (Libya),34.26613,17.51382,18.3,232.4,233,0.1,Under way using engine,MISRATA,09-08 23:30,Normal,None,Southwest Ionian transit on direct Great Circle track
2026-09-08 13:39:00,235098000,9615520,ATLANTIC VOYAGER,MAQ88,Container Ship,12.2,"Navarino/Pylos Fairway (Peloponnese, Greece)",Misrata Container Terminal Approach (Libya),34.256892,17.499093,18.4,233.0,233,-0.2,Under way using engine,MISRATA,09-08 23:30,Normal,None,Southwest Ionian transit on direct Great Circle track
2026-09-08 13:42:00,235098000,9615520,ATLANTIC VOYAGER,MAQ88,Container Ship,12.2,"Navarino/Pylos Fairway (Peloponnese, Greece)",Misrata Container Terminal Approach (Libya),34.247755,17.484258,18.3,233.6,234,-0.1,Under way using engine,MISRATA,09-08 23:30,Normal,None,Southwest Ionian transit on direct Great Circle track
2026-09-08 13:45:00,235098000,9615520,ATLANTIC VOYAGER,MAQ88,Container Ship,12.2,"Navarino/Pylos Fairway (Peloponnese, Greece)",Misrata Container Terminal Approach (Libya),34.238788,17.469294,18.3,234.0,234,0.3,Under way using engine,MISRATA,09-08 23:30,Normal,None,Southwest Ionian transit on direct Great Circle track
2026-09-08 13:48:00,235098000,9615520,ATLANTIC VOYAGER,MAQ88,Container Ship,12.2,"Navarino/Pylos Fairway (Peloponnese, Greece)",Misrata Container Terminal Approach (Libya),34.229687,17.45442,18.4,233.0,233,0.0,Under way using engine,MISRATA,09-08 23:30,Normal,None,Southwest Ionian transit on direct Great Circle track
2026-09-08 13:51:00,235098000,9615520,ATLANTIC VOYAGER,MAQ88,Container Ship,12.2,"Navarino/Pylos Fairway (Peloponnese, Greece)",Misrata Container Terminal Approach (Libya),34.220401,17.439733,18.4,233.2,234,0.1,Under way using engine,MISRATA,09-08 23:30,Normal,None,Southwest Ionian transit on direct Great Circle track
2026-09-08 13:54:00,235098000,9615520,ATLANTIC VOYAGER,MAQ88,Container Ship,12.2,"Navarino/Pylos Fairway (Peloponnese, Greece)",Misrata Container Terminal Approach (Libya),34.211364,17.424828,18.3,233.5,234,-0.2,Under way using engine,MISRATA,09-08 23:30,Normal,None,Southwest Ionian transit on direct Great Circle track
2026-09-08 13:57:00,235098000,9615520,ATLANTIC VOYAGER,MAQ88,Container Ship,12.2,"Navarino/Pylos Fairway (Peloponnese, Greece)",Misrata Container Terminal Approach (Libya),34.202354,17.409903,18.3,234.2,235,0.0,Under way using engine,MISRATA,09-08 23:30,Normal,None,Southwest Ionian transit on direct Great Circle track
2026-09-08 14:00:00,235098000,9615520,ATLANTIC VOYAGER,MAQ88,Container Ship,12.2,"Navarino/Pylos Fairway (Peloponnese, Greece)",Misrata Container Terminal Approach (Libya),34.193411,17.394898,18.4,234.0,234,-0.0,Under way using engine,MISRATA,09-08 23:30,Normal,None,Southwest Ionian transit on direct Great Circle track
2026-09-08 14:03:00,235098000,9615520,ATLANTIC VOYAGER,MAQ88,Container Ship,12.2,"Navarino/Pylos Fairway (Peloponnese, Greece)",Misrata Container Terminal Approach (Libya),34.184394,17.379991,18.4,234.1,235,-0.2,Under way using engine,MISRATA,09-08 23:30,Normal,None,Southwest Ionian transit on direct Great Circle track
2026-09-08 14:06:00,235098000,9615520,ATLANTIC VOYAGER,MAQ88,Container Ship,12.2,"Navarino/Pylos Fairway (Peloponnese, Greece)",Misrata Container Terminal Approach (Libya),34.175433,17.365022,18.3,234.1,235,-0.1,Under way using engine,MISRATA,09-08 23:30,Normal,None,Southwest Ionian transit on direct Great Circle track
2026-09-08 14:09:00,235098000,9615520,ATLANTIC VOYAGER,MAQ88,Container Ship,12.2,"Navarino/Pylos Fairway (Peloponnese, Greece)",Misrata Container Terminal Approach (Libya),34.166544,17.350004,18.4,234.4,235,0.0,Under way using engine,MISRATA,09-08 23:30,Normal,None,Southwest Ionian transit on direct Great Circle track
2026-09-08 14:12:00,235098000,9615520,ATLANTIC VOYAGER,MAQ88,Container Ship,12.2,"Navarino/Pylos Fairway (Peloponnese, Greece)",Misrata Container Terminal Approach (Libya),34.157632,17.335011,18.4,233.9,234,-0.2,Under way using engine,MISRATA,09-08 23:30,Normal,None,Southwest Ionian transit on direct Great Circle track
2026-09-08 14:15:00,235098000,9615520,ATLANTIC VOYAGER,MAQ88,Container Ship,12.2,"Navarino/Pylos Fairway (Peloponnese, Greece)",Misrata Container Terminal Approach (Libya),34.148569,17.320103,18.4,233.9,234,0.0,Under way using engine,MISRATA,09-08 23:30,Normal,None,Southwest Ionian transit on direct Great Circle track
2026-09-08 14:18:00,235098000,9615520,ATLANTIC VOYAGER,MAQ88,Container Ship,12.2,"Navarino/Pylos Fairway (Peloponnese, Greece)",Misrata Container Terminal Approach (Libya),34.139536,17.305229,18.3,234.0,234,-0.1,Under way using engine,MISRATA,09-08 23:30,Normal,None,Southwest Ionian transit on direct Great Circle track
2026-09-08 14:21:00,235098000,9615520,ATLANTIC VOYAGER,MAQ88,Container Ship,12.2,"Navarino/Pylos Fairway (Peloponnese, Greece)",Misrata Container Terminal Approach (Libya),34.130402,17.290427,18.3,233.3,234,0.2,Under way using engine,MISRATA,09-08 23:30,Normal,None,Southwest Ionian transit on direct Great Circle track
2026-09-08 14:24:00,235098000,9615520,ATLANTIC VOYAGER,MAQ88,Container Ship,12.2,"Navarino/Pylos Fairway (Peloponnese, Greece)",Misrata Container Terminal Approach (Libya),34.121376,17.275536,18.3,233.7,234,0.1,Under way using engine,MISRATA,09-08 23:30,Normal,None,Southwest Ionian transit on direct Great Circle track
2026-09-08 14:27:00,235098000,9615520,ATLANTIC VOYAGER,MAQ88,Container Ship,12.2,"Navarino/Pylos Fairway (Peloponnese, Greece)",Misrata Container Terminal Approach (Libya),34.112425,17.26057,18.4,234.5,235,0.0,Under way using engine,MISRATA,09-08 23:30,Normal,None,Southwest Ionian transit on direct Great Circle track
2026-09-08 14:30:00,235098000,9615520,ATLANTIC VOYAGER,MAQ88,Container Ship,12.2,"Navarino/Pylos Fairway (Peloponnese, Greece)",Misrata Container Terminal Approach (Libya),34.103593,17.245484,18.4,234.8,235,-0.0,Under way using engine,MISRATA,09-08 23:30,Normal,None,Southwest Ionian transit on direct Great Circle track
2026-09-08 14:33:00,235098000,9615520,ATLANTIC VOYAGER,MAQ88,Container Ship,12.2,"Navarino/Pylos Fairway (Peloponnese, Greece)",Misrata Container Terminal Approach (Libya),34.094605,17.230564,18.3,233.7,234,0.0,Under way using engine,MISRATA,09-08 23:30,Normal,None,Southwest Ionian transit on direct Great Circle track
2026-09-08 14:36:00,235098000,9615520,ATLANTIC VOYAGER,MAQ88,Container Ship,12.2,"Navarino/Pylos Fairway (Peloponnese, Greece)",Misrata Container Terminal Approach (Libya),34.085498,17.215727,18.4,233.8,234,0.0,Under way using engine,MISRATA,09-08 23:30,Normal,None,Southwest Ionian transit on direct Great Circle track
2026-09-08 14:39:00,235098000,9615520,ATLANTIC VOYAGER,MAQ88,Container Ship,12.2,"Navarino/Pylos Fairway (Peloponnese, Greece)",Misrata Container Terminal Approach (Libya),34.07643,17.200862,18.3,234.1,234,0.1,Under way using engine,MISRATA,09-08 23:30,Normal,None,Southwest Ionian transit on direct Great Circle track
2026-09-08 14:42:00,235098000,9615520,ATLANTIC VOYAGER,MAQ88,Container Ship,12.2,"Navarino/Pylos Fairway (Peloponnese, Greece)",Misrata Container Terminal Approach (Libya),34.067426,17.185959,18.3,233.2,234,-0.2,Under way using engine,MISRATA,09-08 23:30,Normal,None,Southwest Ionian transit on direct Great Circle track
2026-09-08 14:45:00,235098000,9615520,ATLANTIC VOYAGER,MAQ88,Container Ship,12.2,"Navarino/Pylos Fairway (Peloponnese, Greece)",Misrata Container Terminal Approach (Libya),34.058301,17.171171,18.3,234.8,235,0.1,Under way using engine,MISRATA,09-08 23:30,Normal,None,Southwest Ionian transit on direct Great Circle track
2026-09-08 14:48:00,235098000,9615520,ATLANTIC VOYAGER,MAQ88,Container Ship,12.2,"Navarino/Pylos Fairway (Peloponnese, Greece)",Misrata Container Terminal Approach (Libya),34.049376,17.156182,18.4,234.0,234,-0.0,Under way using engine,MISRATA,09-08 23:30,Normal,None,Southwest Ionian transit on direct Great Circle track
2026-09-08 14:51:00,235098000,9615520,ATLANTIC VOYAGER,MAQ88,Container Ship,12.2,"Navarino/Pylos Fairway (Peloponnese, Greece)",Misrata Container Terminal Approach (Libya),34.040535,17.141133,18.3,235.3,236,0.0,Under way using engine,MISRATA,09-08 23:30,Normal,None,Southwest Ionian transit on direct Great Circle track
2026-09-08 14:54:00,235098000,9615520,ATLANTIC VOYAGER,MAQ88,Container Ship,12.2,"Navarino/Pylos Fairway (Peloponnese, Greece)",Misrata Container Terminal Approach (Libya),34.031695,17.126091,18.4,234.1,234,0.1,Under way using engine,MISRATA,09-08 23:30,Normal,None,Southwest Ionian transit on direct Great Circle track
2026-09-08 14:57:00,235098000,9615520,ATLANTIC VOYAGER,MAQ88,Container Ship,12.2,"Navarino/Pylos Fairway (Peloponnese, Greece)",Misrata Container Terminal Approach (Libya),34.022895,17.111025,18.3,234.9,235,-0.0,Under way using engine,MISRATA,09-08 23:30,Normal,None,Southwest Ionian transit on direct Great Circle track
2026-09-08 15:00:00,235098000,9615520,ATLANTIC VOYAGER,MAQ88,Container Ship,12.2,"Navarino/Pylos Fairway (Peloponnese, Greece)",Misrata Container Terminal Approach (Libya),34.013952,17.096086,18.3,233.8,234,-0.1,Under way using engine,MISRATA,09-08 23:30,Normal,None,Southwest Ionian transit on direct Great Circle track
2026-09-08 15:03:00,235098000,9615520,ATLANTIC VOYAGER,MAQ88,Container Ship,12.2,"Navarino/Pylos Fairway (Peloponnese, Greece)",Misrata Container Terminal Approach (Libya),34.005078,17.081051,18.3,234.7,235,-0.0,Under way using engine,MISRATA,09-08 23:30,Normal,None,Southwest Ionian transit on direct Great Circle track
2026-09-08 15:06:00,235098000,9615520,ATLANTIC VOYAGER,MAQ88,Container Ship,12.2,"Navarino/Pylos Fairway (Peloponnese, Greece)",Misrata Container Terminal Approach (Libya),33.996267,17.066007,18.3,234.9,235,0.0,Under way using engine,MISRATA,09-08 23:30,Normal,None,Southwest Ionian transit on direct Great Circle track
2026-09-08 15:09:00,235098000,9615520,ATLANTIC VOYAGER,MAQ88,Container Ship,12.2,"Navarino/Pylos Fairway (Peloponnese, Greece)",Misrata Container Terminal Approach (Libya),33.987382,17.051035,18.3,234.3,235,0.0,Under way using engine,MISRATA,09-08 23:30,Normal,None,Southwest Ionian transit on direct Great Circle track
2026-09-08 15:12:00,235098000,9615520,ATLANTIC VOYAGER,MAQ88,Container Ship,12.2,"Navarino/Pylos Fairway (Peloponnese, Greece)",Misrata Container Terminal Approach (Libya),33.978484,17.036071,18.3,234.2,235,0.2,Under way using engine,MISRATA,09-08 23:30,Normal,None,Southwest Ionian transit on direct Great Circle track
2026-09-08 15:15:00,235098000,9615520,ATLANTIC VOYAGER,MAQ88,Container Ship,12.2,"Navarino/Pylos Fairway (Peloponnese, Greece)",Misrata Container Terminal Approach (Libya),33.969662,17.021025,18.3,234.4,235,-0.1,Under way using engine,MISRATA,09-08 23:30,Normal,None,Southwest Ionian transit on direct Great Circle track
2026-09-08 15:18:00,235098000,9615520,ATLANTIC VOYAGER,MAQ88,Container Ship,12.2,"Navarino/Pylos Fairway (Peloponnese, Greece)",Misrata Container Terminal Approach (Libya),33.96082,17.00601,18.3,234.7,235,-0.0,Under way using engine,MISRATA,09-08 23:30,Normal,None,Southwest Ionian transit on direct Great Circle track
2026-09-08 15:21:00,235098000,9615520,ATLANTIC VOYAGER,MAQ88,Container Ship,12.2,"Navarino/Pylos Fairway (Peloponnese, Greece)",Misrata Container Terminal Approach (Libya),33.951913,16.991056,18.3,234.4,235,0.0,Under way using engine,MISRATA,09-08 23:30,Normal,None,Southwest Ionian transit on direct Great Circle track
2026-09-08 15:24:00,235098000,9615520,ATLANTIC VOYAGER,MAQ88,Container Ship,12.2,"Navarino/Pylos Fairway (Peloponnese, Greece)",Misrata Container Terminal Approach (Libya),33.943066,16.976022,18.4,235.1,235,0.2,Under way using engine,MISRATA,09-08 23:30,Normal,None,Southwest Ionian transit on direct Great Circle track
2026-09-08 15:27:00,235098000,9615520,ATLANTIC VOYAGER,MAQ88,Container Ship,12.2,"Navarino/Pylos Fairway (Peloponnese, Greece)",Misrata Container Terminal Approach (Libya),33.934425,16.960813,18.4,235.8,236,0.1,Under way using engine,MISRATA,09-08 23:30,Normal,None,Southwest Ionian transit on direct Great Circle track
2026-09-08 15:30:00,235098000,9615520,ATLANTIC VOYAGER,MAQ88,Container Ship,12.2,"Navarino/Pylos Fairway (Peloponnese, Greece)",Misrata Container Terminal Approach (Libya),33.925764,16.945704,18.1,234.0,234,-3.4,Under way using engine,MISRATA,09-08 23:30,Normal,None,Entering Misrata northern approach corridor
2026-09-08 15:33:00,235098000,9615520,ATLANTIC VOYAGER,MAQ88,Container Ship,12.2,"Navarino/Pylos Fairway (Peloponnese, Greece)",Misrata Container Terminal Approach (Libya),33.915755,16.933299,16.6,223.6,224,0.9,Under way using engine,MISRATA,09-08 23:30,Normal,None,Entering Misrata northern approach corridor
2026-09-08 15:36:00,235098000,9615520,ATLANTIC VOYAGER,MAQ88,Container Ship,12.2,"Navarino/Pylos Fairway (Peloponnese, Greece)",Misrata Container Terminal Approach (Libya),33.906566,16.922009,15.1,226.6,227,-0.1,Under way using engine,MISRATA,09-08 23:30,Normal,None,Entering Misrata northern approach corridor
2026-09-08 15:39:00,235098000,9615520,ATLANTIC VOYAGER,MAQ88,Container Ship,12.2,"Navarino/Pylos Fairway (Peloponnese, Greece)",Misrata Container Terminal Approach (Libya),33.897916,16.911295,14.9,226.2,227,0.0,Under way using engine,MISRATA,09-08 23:30,Normal,None,Entering Misrata northern approach corridor
2026-09-08 15:42:00,235098000,9615520,ATLANTIC VOYAGER,MAQ88,Container Ship,12.2,"Navarino/Pylos Fairway (Peloponnese, Greece)",Misrata Container Terminal Approach (Libya),33.889324,16.900519,14.9,226.1,227,0.0,Under way using engine,MISRATA,09-08 23:30,Normal,None,Entering Misrata northern approach corridor
2026-09-08 15:45:00,235098000,9615520,ATLANTIC VOYAGER,MAQ88,Container Ship,12.2,"Navarino/Pylos Fairway (Peloponnese, Greece)",Misrata Container Terminal Approach (Libya),33.880621,16.889872,14.9,225.4,226,-0.0,Under way using engine,MISRATA,09-08 23:30,Normal,None,Entering Misrata northern approach corridor
2026-09-08 15:48:00,235098000,9615520,ATLANTIC VOYAGER,MAQ88,Container Ship,12.2,"Navarino/Pylos Fairway (Peloponnese, Greece)",Misrata Container Terminal Approach (Libya),33.871958,16.87919,14.9,225.9,226,0.2,Under way using engine,MISRATA,09-08 23:30,Normal,None,Entering Misrata northern approach corridor
2026-09-08 15:51:00,235098000,9615520,ATLANTIC VOYAGER,MAQ88,Container Ship,12.2,"Navarino/Pylos Fairway (Peloponnese, Greece)",Misrata Container Terminal Approach (Libya),33.863193,16.868645,15.0,225.1,226,-0.0,Under way using engine,MISRATA,09-08 23:30,Normal,None,Entering Misrata northern approach corridor
2026-09-08 15:54:00,235098000,9615520,ATLANTIC VOYAGER,MAQ88,Container Ship,12.2,"Navarino/Pylos Fairway (Peloponnese, Greece)",Misrata Container Terminal Approach (Libya),33.854573,16.857916,14.9,226.2,227,-0.1,Under way using engine,MISRATA,09-08 23:30,Normal,None,Entering Misrata northern approach corridor
2026-09-08 15:57:00,235098000,9615520,ATLANTIC VOYAGER,MAQ88,Container Ship,12.2,"Navarino/Pylos Fairway (Peloponnese, Greece)",Misrata Container Terminal Approach (Libya),33.845953,16.847192,14.8,225.5,226,-0.0,Under way using engine,MISRATA,09-08 23:30,Normal,None,Entering Misrata northern approach corridor
2026-09-08 16:00:00,235098000,9615520,ATLANTIC VOYAGER,MAQ88,Container Ship,12.2,"Navarino/Pylos Fairway (Peloponnese, Greece)",Misrata Container Terminal Approach (Libya),33.837358,16.836456,14.9,226.2,227,-0.0,Under way using engine,MISRATA,09-08 23:30,Normal,None,Entering Misrata northern approach corridor
2026-09-08 16:03:00,235098000,9615520,ATLANTIC VOYAGER,MAQ88,Container Ship,12.2,"Navarino/Pylos Fairway (Peloponnese, Greece)",Misrata Container Terminal Approach (Libya),33.828776,16.825702,14.9,226.2,227,0.0,Under way using engine,MISRATA,09-08 23:30,Normal,None,Entering Misrata northern approach corridor
2026-09-08 16:06:00,235098000,9615520,ATLANTIC VOYAGER,MAQ88,Container Ship,12.2,"Navarino/Pylos Fairway (Peloponnese, Greece)",Misrata Container Terminal Approach (Libya),33.820094,16.815032,14.9,225.6,226,0.1,Under way using engine,MISRATA,09-08 23:30,Normal,None,Entering Misrata northern approach corridor
2026-09-08 16:09:00,235098000,9615520,ATLANTIC VOYAGER,MAQ88,Container Ship,12.2,"Navarino/Pylos Fairway (Peloponnese, Greece)",Misrata Container Terminal Approach (Libya),33.811462,16.804341,14.8,225.6,226,-0.0,Under way using engine,MISRATA,09-08 23:30,Normal,None,Entering Misrata northern approach corridor
2026-09-08 16:12:00,235098000,9615520,ATLANTIC VOYAGER,MAQ88,Container Ship,12.2,"Navarino/Pylos Fairway (Peloponnese, Greece)",Misrata Container Terminal Approach (Libya),33.802857,16.793588,14.9,226.6,227,0.0,Under way using engine,MISRATA,09-08 23:30,Normal,None,Entering Misrata northern approach corridor
2026-09-08 16:15:00,235098000,9615520,ATLANTIC VOYAGER,MAQ88,Container Ship,12.2,"Navarino/Pylos Fairway (Peloponnese, Greece)",Misrata Container Terminal Approach (Libya),33.794235,16.78289,14.9,225.7,226,0.0,Under way using engine,MISRATA,09-08 23:30,Normal,None,Entering Misrata northern approach corridor
2026-09-08 16:18:00,235098000,9615520,ATLANTIC VOYAGER,MAQ88,Container Ship,12.2,"Navarino/Pylos Fairway (Peloponnese, Greece)",Misrata Container Terminal Approach (Libya),33.785667,16.772124,14.8,226.6,227,0.0,Under way using engine,MISRATA,09-08 23:30,Normal,None,Entering Misrata northern approach corridor
2026-09-08 16:21:00,235098000,9615520,ATLANTIC VOYAGER,MAQ88,Container Ship,12.2,"Navarino/Pylos Fairway (Peloponnese, Greece)",Misrata Container Terminal Approach (Libya),33.777061,16.761392,14.9,225.3,226,0.1,Under way using engine,MISRATA,09-08 23:30,Normal,None,Entering Misrata northern approach corridor
2026-09-08 16:24:00,235098000,9615520,ATLANTIC VOYAGER,MAQ88,Container Ship,12.2,"Navarino/Pylos Fairway (Peloponnese, Greece)",Misrata Container Terminal Approach (Libya),33.768286,16.750825,14.9,224.5,225,0.1,Under way using engine,MISRATA,09-08 23:30,Normal,None,Entering Misrata northern approach corridor
2026-09-08 16:27:00,235098000,9615520,ATLANTIC VOYAGER,MAQ88,Container Ship,12.2,"Navarino/Pylos Fairway (Peloponnese, Greece)",Misrata Container Terminal Approach (Libya),33.759496,16.740308,14.9,225.3,226,0.1,Under way using engine,MISRATA,09-08 23:30,Normal,None,Entering Misrata northern approach corridor
2026-09-08 16:30:00,235098000,9615520,ATLANTIC VOYAGER,MAQ88,Container Ship,12.2,"Navarino/Pylos Fairway (Peloponnese, Greece)",Misrata Container Terminal Approach (Libya),33.750822,16.729674,14.9,225.2,226,0.1,Under way using engine,MISRATA,09-08 23:30,Normal,None,Entering Misrata northern approach corridor
2026-09-08 16:33:00,235098000,9615520,ATLANTIC VOYAGER,MAQ88,Container Ship,12.2,"Navarino/Pylos Fairway (Peloponnese, Greece)",Misrata Container Terminal Approach (Libya),33.742179,16.719007,14.9,225.5,226,-0.1,Under way using engine,MISRATA,09-08 23:30,Normal,None,Entering Misrata northern approach corridor
2026-09-08 16:36:00,235098000,9615520,ATLANTIC VOYAGER,MAQ88,Container Ship,12.2,"Navarino/Pylos Fairway (Peloponnese, Greece)",Misrata Container Terminal Approach (Libya),33.733585,16.708285,14.9,226.4,227,-0.2,Under way using engine,MISRATA,09-08 23:30,Normal,None,Entering Misrata northern approach corridor
2026-09-08 16:39:00,235098000,9615520,ATLANTIC VOYAGER,MAQ88,Container Ship,12.2,"Navarino/Pylos Fairway (Peloponnese, Greece)",Misrata Container Terminal Approach (Libya),33.725,16.697564,14.9,226.6,227,0.1,Under way using engine,MISRATA,09-08 23:30,Normal,None,Entering Misrata northern approach corridor
2026-09-08 16:42:00,235098000,9615520,ATLANTIC VOYAGER,MAQ88,Container Ship,12.2,"Navarino/Pylos Fairway (Peloponnese, Greece)",Misrata Container Terminal Approach (Libya),33.716443,16.686768,14.9,225.8,226,-0.1,Under way using engine,MISRATA,09-08 23:30,Normal,None,Entering Misrata northern approach corridor
2026-09-08 16:45:00,235098000,9615520,ATLANTIC VOYAGER,MAQ88,Container Ship,12.2,"Navarino/Pylos Fairway (Peloponnese, Greece)",Misrata Container Terminal Approach (Libya),33.707785,16.676122,14.8,225.5,226,-0.1,Under way using engine,MISRATA,09-08 23:30,Normal,None,Entering Misrata northern approach corridor
2026-09-08 16:48:00,235098000,9615520,ATLANTIC VOYAGER,MAQ88,Container Ship,12.2,"Navarino/Pylos Fairway (Peloponnese, Greece)",Misrata Container Terminal Approach (Libya),33.699251,16.665299,14.9,226.8,227,-0.1,Under way using engine,MISRATA,09-08 23:30,Normal,None,Entering Misrata northern approach corridor
2026-09-08 16:51:00,235098000,9615520,ATLANTIC VOYAGER,MAQ88,Container Ship,12.2,"Navarino/Pylos Fairway (Peloponnese, Greece)",Misrata Container Terminal Approach (Libya),33.690771,16.654439,14.8,227.2,228,0.2,Under way using engine,MISRATA,09-08 23:30,Normal,None,Entering Misrata northern approach corridor
2026-09-08 16:54:00,235098000,9615520,ATLANTIC VOYAGER,MAQ88,Container Ship,12.2,"Navarino/Pylos Fairway (Peloponnese, Greece)",Misrata Container Terminal Approach (Libya),33.68237,16.643498,14.9,226.7,227,-0.3,Under way using engine,MISRATA,09-08 23:30,Normal,None,Entering Misrata northern approach corridor
2026-09-08 16:57:00,235098000,9615520,ATLANTIC VOYAGER,MAQ88,Container Ship,12.2,"Navarino/Pylos Fairway (Peloponnese, Greece)",Misrata Container Terminal Approach (Libya),33.67382,16.632745,14.9,226.2,227,0.1,Under way using engine,MISRATA,09-08 23:30,Normal,None,Entering Misrata northern approach corridor
2026-09-08 17:00:00,235098000,9615520,ATLANTIC VOYAGER,MAQ88,Container Ship,12.2,"Navarino/Pylos Fairway (Peloponnese, Greece)",Misrata Container Terminal Approach (Libya),33.665198,16.62207,14.8,224.7,225,-0.1,Under way using engine,MISRATA,09-08 23:30,Normal,None,Entering Misrata northern approach corridor
2026-09-08 17:03:00,235098000,9615520,ATLANTIC VOYAGER,MAQ88,Container Ship,12.2,"Navarino/Pylos Fairway (Peloponnese, Greece)",Misrata Container Terminal Approach (Libya),33.656559,16.6114,14.8,226.1,227,0.1,Under way using engine,MISRATA,09-08 23:30,Normal,None,Entering Misrata northern approach corridor
2026-09-08 17:06:00,235098000,9615520,ATLANTIC VOYAGER,MAQ88,Container Ship,12.2,"Navarino/Pylos Fairway (Peloponnese, Greece)",Misrata Container Terminal Approach (Libya),33.64803,16.600604,14.9,226.7,227,0.1,Under way using engine,MISRATA,09-08 23:30,Normal,None,Entering Misrata northern approach corridor
2026-09-08 17:09:00,235098000,9615520,ATLANTIC VOYAGER,MAQ88,Container Ship,12.2,"Navarino/Pylos Fairway (Peloponnese, Greece)",Misrata Container Terminal Approach (Libya),33.639388,16.589944,14.9,226.1,227,-0.0,Under way using engine,MISRATA,09-08 23:30,Normal,None,Entering Misrata northern approach corridor
2026-09-08 17:12:00,235098000,9615520,ATLANTIC VOYAGER,MAQ88,Container Ship,12.2,"Navarino/Pylos Fairway (Peloponnese, Greece)",Misrata Container Terminal Approach (Libya),33.630899,16.579104,14.9,226.7,227,0.0,Under way using engine,MISRATA,09-08 23:30,Normal,None,Entering Misrata northern approach corridor
2026-09-08 17:15:00,235098000,9615520,ATLANTIC VOYAGER,MAQ88,Container Ship,12.2,"Navarino/Pylos Fairway (Peloponnese, Greece)",Misrata Container Terminal Approach (Libya),33.622377,16.56831,14.9,226.3,227,-0.3,Under way using engine,MISRATA,09-08 23:30,Normal,None,Entering Misrata northern approach corridor
2026-09-08 17:18:00,235098000,9615520,ATLANTIC VOYAGER,MAQ88,Container Ship,12.2,"Navarino/Pylos Fairway (Peloponnese, Greece)",Misrata Container Terminal Approach (Libya),33.61375,16.557618,14.9,226.6,227,0.2,Under way using engine,MISRATA,09-08 23:30,Normal,None,Entering Misrata northern approach corridor
2026-09-08 17:21:00,235098000,9615520,ATLANTIC VOYAGER,MAQ88,Container Ship,12.2,"Navarino/Pylos Fairway (Peloponnese, Greece)",Misrata Container Terminal Approach (Libya),33.605207,16.546841,14.9,225.6,226,-0.1,Under way using engine,MISRATA,09-08 23:30,Normal,None,Entering Misrata northern approach corridor
2026-09-08 17:24:00,235098000,9615520,ATLANTIC VOYAGER,MAQ88,Container Ship,12.2,"Navarino/Pylos Fairway (Peloponnese, Greece)",Misrata Container Terminal Approach (Libya),33.596627,16.536082,14.8,226.2,227,0.2,Under way using engine,MISRATA,09-08 23:30,Normal,None,Entering Misrata northern approach corridor
2026-09-08 17:27:00,235098000,9615520,ATLANTIC VOYAGER,MAQ88,Container Ship,12.2,"Navarino/Pylos Fairway (Peloponnese, Greece)",Misrata Container Terminal Approach (Libya),33.588012,16.525385,14.9,225.6,226,-0.0,Under way using engine,MISRATA,09-08 23:30,Normal,None,Entering Misrata northern approach corridor
2026-09-08 17:30:00,235098000,9615520,ATLANTIC VOYAGER,MAQ88,Container Ship,12.2,"Navarino/Pylos Fairway (Peloponnese, Greece)",Misrata Container Terminal Approach (Libya),33.579327,16.514807,14.9,225.7,226,0.2,Under way using engine,MISRATA,09-08 23:30,Normal,None,Entering Misrata northern approach corridor
2026-09-08 17:33:00,235098000,9615520,ATLANTIC VOYAGER,MAQ88,Container Ship,12.2,"Navarino/Pylos Fairway (Peloponnese, Greece)",Misrata Container Terminal Approach (Libya),33.570691,16.504115,14.9,226.3,227,0.0,Under way using engine,MISRATA,09-08 23:30,Normal,None,Entering Misrata northern approach corridor
2026-09-08 17:36:00,235098000,9615520,ATLANTIC VOYAGER,MAQ88,Container Ship,12.2,"Navarino/Pylos Fairway (Peloponnese, Greece)",Misrata Container Terminal Approach (Libya),33.562183,16.493334,14.9,225.8,226,-0.0,Under way using engine,MISRATA,09-08 23:30,Normal,None,Entering Misrata northern approach corridor
2026-09-08 17:39:00,235098000,9615520,ATLANTIC VOYAGER,MAQ88,Container Ship,12.2,"Navarino/Pylos Fairway (Peloponnese, Greece)",Misrata Container Terminal Approach (Libya),33.553571,16.482657,14.9,226.2,226,0.1,Under way using engine,MISRATA,09-08 23:30,Normal,None,Entering Misrata northern approach corridor
2026-09-08 17:42:00,235098000,9615520,ATLANTIC VOYAGER,MAQ88,Container Ship,12.2,"Navarino/Pylos Fairway (Peloponnese, Greece)",Misrata Container Terminal Approach (Libya),33.545052,16.471868,14.9,226.7,227,-0.1,Under way using engine,MISRATA,09-08 23:30,Normal,None,Entering Misrata northern approach corridor
2026-09-08 17:45:00,235098000,9615520,ATLANTIC VOYAGER,MAQ88,Container Ship,12.2,"Navarino/Pylos Fairway (Peloponnese, Greece)",Misrata Container Terminal Approach (Libya),33.536459,16.461187,14.9,226.5,227,0.0,Under way using engine,MISRATA,09-08 23:30,Normal,None,Entering Misrata northern approach corridor
2026-09-08 17:48:00,235098000,9615520,ATLANTIC VOYAGER,MAQ88,Container Ship,12.2,"Navarino/Pylos Fairway (Peloponnese, Greece)",Misrata Container Terminal Approach (Libya),33.527889,16.450431,14.9,226.0,226,0.1,Under way using engine,MISRATA,09-08 23:30,Normal,None,Entering Misrata northern approach corridor
2026-09-08 17:51:00,235098000,9615520,ATLANTIC VOYAGER,MAQ88,Container Ship,12.2,"Navarino/Pylos Fairway (Peloponnese, Greece)",Misrata Container Terminal Approach (Libya),33.519285,16.439748,14.8,225.7,226,0.0,Under way using engine,MISRATA,09-08 23:30,Normal,None,Entering Misrata northern approach corridor
2026-09-08 17:54:00,235098000,9615520,ATLANTIC VOYAGER,MAQ88,Container Ship,12.2,"Navarino/Pylos Fairway (Peloponnese, Greece)",Misrata Container Terminal Approach (Libya),33.510689,16.429043,14.8,226.1,226,0.2,Under way using engine,MISRATA,09-08 23:30,Normal,None,Entering Misrata northern approach corridor
2026-09-08 17:57:00,235098000,9615520,ATLANTIC VOYAGER,MAQ88,Container Ship,12.2,"Navarino/Pylos Fairway (Peloponnese, Greece)",Misrata Container Terminal Approach (Libya),33.502144,16.418294,14.9,226.2,227,-0.0,Under way using engine,MISRATA,09-08 23:30,Normal,None,Entering Misrata northern approach corridor
2026-09-08 18:00:00,235098000,9615520,ATLANTIC VOYAGER,MAQ88,Container Ship,12.2,"Navarino/Pylos Fairway (Peloponnese, Greece)",Misrata Container Terminal Approach (Libya),33.493505,16.407645,14.9,225.2,225,-0.1,Under way using engine,MISRATA,09-08 23:30,Normal,None,Entering Misrata northern approach corridor
2026-09-08 18:03:00,235098000,9615520,ATLANTIC VOYAGER,MAQ88,Container Ship,12.2,"Navarino/Pylos Fairway (Peloponnese, Greece)",Misrata Container Terminal Approach (Libya),33.484652,16.397236,14.9,224.1,224,0.1,Under way using engine,MISRATA,09-08 23:30,Normal,None,Entering Misrata northern approach corridor
2026-09-08 18:06:00,235098000,9615520,ATLANTIC VOYAGER,MAQ88,Container Ship,12.2,"Navarino/Pylos Fairway (Peloponnese, Greece)",Misrata Container Terminal Approach (Libya),33.475911,16.386696,14.9,225.3,226,-0.1,Under way using engine,MISRATA,09-08 23:30,Normal,None,Entering Misrata northern approach corridor
2026-09-08 18:09:00,235098000,9615520,ATLANTIC VOYAGER,MAQ88,Container Ship,12.2,"Navarino/Pylos Fairway (Peloponnese, Greece)",Misrata Container Terminal Approach (Libya),33.467202,16.376138,14.9,226.0,226,0.1,Under way using engine,MISRATA,09-08 23:30,Normal,None,Entering Misrata northern approach corridor
2026-09-08 18:12:00,235098000,9615520,ATLANTIC VOYAGER,MAQ88,Container Ship,12.2,"Navarino/Pylos Fairway (Peloponnese, Greece)",Misrata Container Terminal Approach (Libya),33.458659,16.365358,14.9,226.4,227,-0.1,Under way using engine,MISRATA,09-08 23:30,Normal,None,Entering Misrata northern approach corridor
2026-09-08 18:15:00,235098000,9615520,ATLANTIC VOYAGER,MAQ88,Container Ship,12.2,"Navarino/Pylos Fairway (Peloponnese, Greece)",Misrata Container Terminal Approach (Libya),33.450004,16.354723,14.9,225.6,226,-0.2,Under way using engine,MISRATA,09-08 23:30,Normal,None,Entering Misrata northern approach corridor
2026-09-08 18:18:00,235098000,9615520,ATLANTIC VOYAGER,MAQ88,Container Ship,12.2,"Navarino/Pylos Fairway (Peloponnese, Greece)",Misrata Container Terminal Approach (Libya),33.441343,16.344114,14.9,225.9,226,0.2,Under way using engine,MISRATA,09-08 23:30,Normal,None,Entering Misrata northern approach corridor
2026-09-08 18:21:00,235098000,9615520,ATLANTIC VOYAGER,MAQ88,Container Ship,12.2,"Navarino/Pylos Fairway (Peloponnese, Greece)",Misrata Container Terminal Approach (Libya),33.432785,16.333359,14.9,226.4,227,-0.2,Under way using engine,MISRATA,09-08 23:30,Normal,None,Entering Misrata northern approach corridor
2026-09-08 18:24:00,235098000,9615520,ATLANTIC VOYAGER,MAQ88,Container Ship,12.2,"Navarino/Pylos Fairway (Peloponnese, Greece)",Misrata Container Terminal Approach (Libya),33.424384,16.322436,14.9,227.6,228,-0.0,Under way using engine,MISRATA,09-08 23:30,Normal,None,Entering Misrata northern approach corridor
2026-09-08 18:27:00,235098000,9615520,ATLANTIC VOYAGER,MAQ88,Container Ship,12.2,"Navarino/Pylos Fairway (Peloponnese, Greece)",Misrata Container Terminal Approach (Libya),33.415979,16.311526,14.9,226.7,227,0.0,Under way using engine,MISRATA,09-08 23:30,Normal,None,Entering Misrata northern approach corridor
2026-09-08 18:30:00,235098000,9615520,ATLANTIC VOYAGER,MAQ88,Container Ship,12.2,"Navarino/Pylos Fairway (Peloponnese, Greece)",Misrata Container Terminal Approach (Libya),33.407413,16.300778,14.9,225.9,226,0.1,Under way using engine,MISRATA,09-08 23:30,Normal,None,Entering Misrata northern approach corridor
2026-09-08 18:33:00,235098000,9615520,ATLANTIC VOYAGER,MAQ88,Container Ship,12.2,"Navarino/Pylos Fairway (Peloponnese, Greece)",Misrata Container Terminal Approach (Libya),33.398804,16.290094,14.8,226.1,226,0.1,Under way using engine,MISRATA,09-08 23:30,Normal,None,Entering Misrata northern approach corridor
2026-09-08 18:36:00,235098000,9615520,ATLANTIC VOYAGER,MAQ88,Container Ship,12.2,"Navarino/Pylos Fairway (Peloponnese, Greece)",Misrata Container Terminal Approach (Libya),33.390247,16.279379,14.9,226.3,227,0.0,Under way using engine,MISRATA,09-08 23:30,Normal,None,Entering Misrata northern approach corridor
2026-09-08 18:39:00,235098000,9615520,ATLANTIC VOYAGER,MAQ88,Container Ship,12.2,"Navarino/Pylos Fairway (Peloponnese, Greece)",Misrata Container Terminal Approach (Libya),33.381624,16.268707,14.9,225.8,226,0.2,Under way using engine,MISRATA,09-08 23:30,Normal,None,Entering Misrata northern approach corridor
2026-09-08 18:42:00,235098000,9615520,ATLANTIC VOYAGER,MAQ88,Container Ship,12.2,"Navarino/Pylos Fairway (Peloponnese, Greece)",Misrata Container Terminal Approach (Libya),33.372912,16.25813,14.8,225.2,225,0.0,Under way using engine,MISRATA,09-08 23:30,Normal,None,Entering Misrata northern approach corridor
2026-09-08 18:45:00,235098000,9615520,ATLANTIC VOYAGER,MAQ88,Container Ship,12.2,"Navarino/Pylos Fairway (Peloponnese, Greece)",Misrata Container Terminal Approach (Libya),33.364252,16.247494,14.9,226.1,226,0.1,Under way using engine,MISRATA,09-08 23:30,Normal,None,Entering Misrata northern approach corridor
2026-09-08 18:48:00,235098000,9615520,ATLANTIC VOYAGER,MAQ88,Container Ship,12.2,"Navarino/Pylos Fairway (Peloponnese, Greece)",Misrata Container Terminal Approach (Libya),33.355694,16.236741,14.9,226.5,227,-0.0,Under way using engine,MISRATA,09-08 23:30,Normal,None,Entering Misrata northern approach corridor
2026-09-08 18:51:00,235098000,9615520,ATLANTIC VOYAGER,MAQ88,Container Ship,12.2,"Navarino/Pylos Fairway (Peloponnese, Greece)",Misrata Container Terminal Approach (Libya),33.347096,16.226056,14.8,225.6,226,-0.0,Under way using engine,MISRATA,09-08 23:30,Normal,None,Entering Misrata northern approach corridor
2026-09-08 18:54:00,235098000,9615520,ATLANTIC VOYAGER,MAQ88,Container Ship,12.2,"Navarino/Pylos Fairway (Peloponnese, Greece)",Misrata Container Terminal Approach (Libya),33.338327,16.215556,14.9,225.1,225,0.1,Under way using engine,MISRATA,09-08 23:30,Normal,None,Entering Misrata northern approach corridor
2026-09-08 18:57:00,235098000,9615520,ATLANTIC VOYAGER,MAQ88,Container Ship,12.2,"Navarino/Pylos Fairway (Peloponnese, Greece)",Misrata Container Terminal Approach (Libya),33.329657,16.20495,14.9,225.7,226,-0.1,Under way using engine,MISRATA,09-08 23:30,Normal,None,Entering Misrata northern approach corridor
2026-09-08 19:00:00,235098000,9615520,ATLANTIC VOYAGER,MAQ88,Container Ship,12.2,"Navarino/Pylos Fairway (Peloponnese, Greece)",Misrata Container Terminal Approach (Libya),33.320989,16.194345,14.9,225.9,226,0.1,Under way using engine,MISRATA,09-08 23:30,Normal,None,Entering Misrata northern approach corridor
2026-09-08 19:03:00,235098000,9615520,ATLANTIC VOYAGER,MAQ88,Container Ship,12.2,"Navarino/Pylos Fairway (Peloponnese, Greece)",Misrata Container Terminal Approach (Libya),33.312315,16.183758,14.9,225.8,226,0.1,Under way using engine,MISRATA,09-08 23:30,Normal,None,Entering Misrata northern approach corridor
2026-09-08 19:06:00,235098000,9615520,ATLANTIC VOYAGER,MAQ88,Container Ship,12.2,"Navarino/Pylos Fairway (Peloponnese, Greece)",Misrata Container Terminal Approach (Libya),33.303755,16.173048,14.9,225.9,226,-0.0,Under way using engine,MISRATA,09-08 23:30,Normal,None,Entering Misrata northern approach corridor
2026-09-08 19:09:00,235098000,9615520,ATLANTIC VOYAGER,MAQ88,Container Ship,12.2,"Navarino/Pylos Fairway (Peloponnese, Greece)",Misrata Container Terminal Approach (Libya),33.295167,16.162334,14.9,226.1,226,-0.1,Under way using engine,MISRATA,09-08 23:30,Normal,None,Entering Misrata northern approach corridor
2026-09-08 19:12:00,235098000,9615520,ATLANTIC VOYAGER,MAQ88,Container Ship,12.2,"Navarino/Pylos Fairway (Peloponnese, Greece)",Misrata Container Terminal Approach (Libya),33.286541,16.151658,14.9,225.9,226,0.2,Under way using engine,MISRATA,09-08 23:30,Normal,None,Entering Misrata northern approach corridor
2026-09-08 19:15:00,235098000,9615520,ATLANTIC VOYAGER,MAQ88,Container Ship,12.2,"Navarino/Pylos Fairway (Peloponnese, Greece)",Misrata Container Terminal Approach (Libya),33.278038,16.140881,14.8,226.8,227,-0.1,Under way using engine,MISRATA,09-08 23:30,Normal,None,Entering Misrata northern approach corridor
2026-09-08 19:18:00,235098000,9615520,ATLANTIC VOYAGER,MAQ88,Container Ship,12.2,"Navarino/Pylos Fairway (Peloponnese, Greece)",Misrata Container Terminal Approach (Libya),33.26954,16.130091,14.9,226.7,227,-0.0,Under way using engine,MISRATA,09-08 23:30,Normal,None,Entering Misrata northern approach corridor
2026-09-08 19:21:00,235098000,9615520,ATLANTIC VOYAGER,MAQ88,Container Ship,12.2,"Navarino/Pylos Fairway (Peloponnese, Greece)",Misrata Container Terminal Approach (Libya),33.261081,16.119263,14.9,226.5,227,-0.2,Under way using engine,MISRATA,09-08 23:30,Normal,None,Entering Misrata northern approach corridor
2026-09-08 19:24:00,235098000,9615520,ATLANTIC VOYAGER,MAQ88,Container Ship,12.2,"Navarino/Pylos Fairway (Peloponnese, Greece)",Misrata Container Terminal Approach (Libya),33.252574,16.108486,14.8,227.2,227,0.1,Under way using engine,MISRATA,09-08 23:30,Normal,None,Entering Misrata northern approach corridor
2026-09-08 19:27:00,235098000,9615520,ATLANTIC VOYAGER,MAQ88,Container Ship,12.2,"Navarino/Pylos Fairway (Peloponnese, Greece)",Misrata Container Terminal Approach (Libya),33.244133,16.097658,14.7,227.0,227,0.0,Under way using engine,MISRATA,09-08 23:30,Normal,None,Entering Misrata northern approach corridor
2026-09-08 19:30:00,235098000,9615520,ATLANTIC VOYAGER,MAQ88,Container Ship,12.2,"Navarino/Pylos Fairway (Peloponnese, Greece)",Misrata Container Terminal Approach (Libya),33.235619,16.086886,14.8,226.6,227,0.2,Under way using engine,MISRATA,09-08 23:30,Normal,None,Entering Misrata northern approach corridor
2026-09-08 19:33:00,235098000,9615520,ATLANTIC VOYAGER,MAQ88,Container Ship,12.2,"Navarino/Pylos Fairway (Peloponnese, Greece)",Misrata Container Terminal Approach (Libya),33.227113,16.07609,14.9,226.5,227,-0.3,Under way using engine,MISRATA,09-08 23:30,Normal,None,Entering Misrata northern approach corridor
2026-09-08 19:36:00,235098000,9615520,ATLANTIC VOYAGER,MAQ88,Container Ship,12.2,"Navarino/Pylos Fairway (Peloponnese, Greece)",Misrata Container Terminal Approach (Libya),33.218563,16.065367,14.9,227.1,227,0.2,Under way using engine,MISRATA,09-08 23:30,Normal,None,Entering Misrata northern approach corridor
2026-09-08 19:39:00,235098000,9615520,ATLANTIC VOYAGER,MAQ88,Container Ship,12.2,"Navarino/Pylos Fairway (Peloponnese, Greece)",Misrata Container Terminal Approach (Libya),33.210068,16.054568,14.9,226.9,227,-0.1,Under way using engine,MISRATA,09-08 23:30,Normal,None,Entering Misrata northern approach corridor
2026-09-08 19:42:00,235098000,9615520,ATLANTIC VOYAGER,MAQ88,Container Ship,12.2,"Navarino/Pylos Fairway (Peloponnese, Greece)",Misrata Container Terminal Approach (Libya),33.201488,16.043851,14.9,226.3,226,0.2,Under way using engine,MISRATA,09-08 23:30,Normal,None,Entering Misrata northern approach corridor
2026-09-08 19:45:00,235098000,9615520,ATLANTIC VOYAGER,MAQ88,Container Ship,12.2,"Navarino/Pylos Fairway (Peloponnese, Greece)",Misrata Container Terminal Approach (Libya),33.192985,16.033088,14.9,226.6,227,0.0,Under way using engine,MISRATA,09-08 23:30,Normal,None,Entering Misrata northern approach corridor
2026-09-08 19:48:00,235098000,9615520,ATLANTIC VOYAGER,MAQ88,Container Ship,12.2,"Navarino/Pylos Fairway (Peloponnese, Greece)",Misrata Container Terminal Approach (Libya),33.184494,16.022259,14.9,226.5,227,-0.0,Under way using engine,MISRATA,09-08 23:30,Normal,None,Entering Misrata northern approach corridor
2026-09-08 19:51:00,235098000,9615520,ATLANTIC VOYAGER,MAQ88,Container Ship,12.2,"Navarino/Pylos Fairway (Peloponnese, Greece)",Misrata Container Terminal Approach (Libya),33.175989,16.011494,14.9,226.2,226,-0.2,Under way using engine,MISRATA,09-08 23:30,Normal,None,Entering Misrata northern approach corridor
2026-09-08 19:54:00,235098000,9615520,ATLANTIC VOYAGER,MAQ88,Container Ship,12.2,"Navarino/Pylos Fairway (Peloponnese, Greece)",Misrata Container Terminal Approach (Libya),33.167481,16.000704,14.9,226.9,227,-0.0,Under way using engine,MISRATA,09-08 23:30,Normal,None,Entering Misrata northern approach corridor
2026-09-08 19:57:00,235098000,9615520,ATLANTIC VOYAGER,MAQ88,Container Ship,12.2,"Navarino/Pylos Fairway (Peloponnese, Greece)",Misrata Container Terminal Approach (Libya),33.158904,15.989997,14.9,226.1,226,0.1,Under way using engine,MISRATA,09-08 23:30,Normal,None,Entering Misrata northern approach corridor
2026-09-08 20:00:00,235098000,9615520,ATLANTIC VOYAGER,MAQ88,Container Ship,12.2,"Navarino/Pylos Fairway (Peloponnese, Greece)",Misrata Container Terminal Approach (Libya),33.150523,15.979132,14.8,227.4,228,0.0,Under way using engine,MISRATA,09-08 23:30,Normal,None,Entering Misrata northern approach corridor
2026-09-08 20:03:00,235098000,9615520,ATLANTIC VOYAGER,MAQ88,Container Ship,12.2,"Navarino/Pylos Fairway (Peloponnese, Greece)",Misrata Container Terminal Approach (Libya),33.142128,15.968225,14.9,227.3,227,0.1,Under way using engine,MISRATA,09-08 23:30,Normal,None,Entering Misrata northern approach corridor
2026-09-08 20:06:00,235098000,9615520,ATLANTIC VOYAGER,MAQ88,Container Ship,12.2,"Navarino/Pylos Fairway (Peloponnese, Greece)",Misrata Container Terminal Approach (Libya),33.133674,15.957389,14.9,227.6,228,-0.0,Under way using engine,MISRATA,09-08 23:30,Normal,None,Entering Misrata northern approach corridor
2026-09-08 20:09:00,235098000,9615520,ATLANTIC VOYAGER,MAQ88,Container Ship,12.2,"Navarino/Pylos Fairway (Peloponnese, Greece)",Misrata Container Terminal Approach (Libya),33.125266,15.946512,14.9,227.4,228,-0.0,Under way using engine,MISRATA,09-08 23:30,Normal,None,Entering Misrata northern approach corridor
2026-09-08 20:12:00,235098000,9615520,ATLANTIC VOYAGER,MAQ88,Container Ship,12.2,"Navarino/Pylos Fairway (Peloponnese, Greece)",Misrata Container Terminal Approach (Libya),33.116904,15.935585,14.9,227.5,228,-0.0,Under way using engine,MISRATA,09-08 23:30,Normal,None,Entering Misrata northern approach corridor
2026-09-08 20:15:00,235098000,9615520,ATLANTIC VOYAGER,MAQ88,Container Ship,12.2,"Navarino/Pylos Fairway (Peloponnese, Greece)",Misrata Container Terminal Approach (Libya),33.108495,15.924708,14.9,227.3,227,0.1,Under way using engine,MISRATA,09-08 23:30,Normal,None,Entering Misrata northern approach corridor
2026-09-08 20:18:00,235098000,9615520,ATLANTIC VOYAGER,MAQ88,Container Ship,12.2,"Navarino/Pylos Fairway (Peloponnese, Greece)",Misrata Container Terminal Approach (Libya),33.100115,15.913777,14.9,227.7,228,-0.1,Under way using engine,MISRATA,09-08 23:30,Normal,None,Entering Misrata northern approach corridor
2026-09-08 20:21:00,235098000,9615520,ATLANTIC VOYAGER,MAQ88,Container Ship,12.2,"Navarino/Pylos Fairway (Peloponnese, Greece)",Misrata Container Terminal Approach (Libya),33.091703,15.902909,14.9,227.1,227,0.2,Under way using engine,MISRATA,09-08 23:30,Normal,None,Entering Misrata northern approach corridor
2026-09-08 20:24:00,235098000,9615520,ATLANTIC VOYAGER,MAQ88,Container Ship,12.2,"Navarino/Pylos Fairway (Peloponnese, Greece)",Misrata Container Terminal Approach (Libya),33.083294,15.892055,14.9,227.1,227,0.1,Under way using engine,MISRATA,09-08 23:30,Normal,None,Entering Misrata northern approach corridor
2026-09-08 20:27:00,235098000,9615520,ATLANTIC VOYAGER,MAQ88,Container Ship,12.2,"Navarino/Pylos Fairway (Peloponnese, Greece)",Misrata Container Terminal Approach (Libya),33.074863,15.881216,14.9,227.3,227,-0.2,Under way using engine,MISRATA,09-08 23:30,Normal,None,Entering Misrata northern approach corridor
2026-09-08 20:30:00,235098000,9615520,ATLANTIC VOYAGER,MAQ88,Container Ship,12.2,"Navarino/Pylos Fairway (Peloponnese, Greece)",Misrata Container Terminal Approach (Libya),33.066396,15.870376,14.9,226.4,227,0.0,Under way using engine,MISRATA,09-08 23:30,Normal,None,Entering Misrata northern approach corridor
2026-09-08 20:33:00,235098000,9615520,ATLANTIC VOYAGER,MAQ88,Container Ship,12.2,"Navarino/Pylos Fairway (Peloponnese, Greece)",Misrata Container Terminal Approach (Libya),33.05797,15.859531,14.9,227.1,227,0.1,Under way using engine,MISRATA,09-08 23:30,Normal,None,Entering Misrata northern approach corridor
2026-09-08 20:36:00,235098000,9615520,ATLANTIC VOYAGER,MAQ88,Container Ship,12.2,"Navarino/Pylos Fairway (Peloponnese, Greece)",Misrata Container Terminal Approach (Libya),33.0495,15.848726,14.9,226.3,226,-0.0,Under way using engine,MISRATA,09-08 23:30,Normal,None,Entering Misrata northern approach corridor
2026-09-08 20:39:00,235098000,9615520,ATLANTIC VOYAGER,MAQ88,Container Ship,12.2,"Navarino/Pylos Fairway (Peloponnese, Greece)",Misrata Container Terminal Approach (Libya),33.041078,15.837879,14.9,227.8,228,-0.1,Under way using engine,MISRATA,09-08 23:30,Normal,None,Entering Misrata northern approach corridor
2026-09-08 20:42:00,235098000,9615520,ATLANTIC VOYAGER,MAQ88,Container Ship,12.2,"Navarino/Pylos Fairway (Peloponnese, Greece)",Misrata Container Terminal Approach (Libya),33.032741,15.826965,14.8,228.0,228,0.1,Under way using engine,MISRATA,09-08 23:30,Normal,None,Entering Misrata northern approach corridor
2026-09-08 20:45:00,235098000,9615520,ATLANTIC VOYAGER,MAQ88,Container Ship,12.2,"Navarino/Pylos Fairway (Peloponnese, Greece)",Misrata Container Terminal Approach (Libya),33.02442,15.81601,14.9,227.1,227,-0.2,Under way using engine,MISRATA,09-08 23:30,Normal,None,Entering Misrata northern approach corridor
2026-09-08 20:48:00,235098000,9615520,ATLANTIC VOYAGER,MAQ88,Container Ship,12.2,"Navarino/Pylos Fairway (Peloponnese, Greece)",Misrata Container Terminal Approach (Libya),33.016039,15.805119,14.8,227.4,227,0.0,Under way using engine,MISRATA,09-08 23:30,Normal,None,Entering Misrata northern approach corridor
2026-09-08 20:51:00,235098000,9615520,ATLANTIC VOYAGER,MAQ88,Container Ship,12.2,"Navarino/Pylos Fairway (Peloponnese, Greece)",Misrata Container Terminal Approach (Libya),33.00759,15.794306,14.9,227.3,227,-0.0,Under way using engine,MISRATA,09-08 23:30,Normal,None,Entering Misrata northern approach corridor
2026-09-08 20:54:00,235098000,9615520,ATLANTIC VOYAGER,MAQ88,Container Ship,12.2,"Navarino/Pylos Fairway (Peloponnese, Greece)",Misrata Container Terminal Approach (Libya),32.999253,15.783343,14.9,228.1,228,0.1,Under way using engine,MISRATA,09-08 23:30,Normal,None,Entering Misrata northern approach corridor
2026-09-08 20:57:00,235098000,9615520,ATLANTIC VOYAGER,MAQ88,Container Ship,12.2,"Navarino/Pylos Fairway (Peloponnese, Greece)",Misrata Container Terminal Approach (Libya),32.991033,15.772301,14.9,228.1,228,-0.1,Under way using engine,MISRATA,09-08 23:30,Normal,None,Entering Misrata northern approach corridor
2026-09-08 21:00:00,235098000,9615520,ATLANTIC VOYAGER,MAQ88,Container Ship,12.2,"Navarino/Pylos Fairway (Peloponnese, Greece)",Misrata Container Terminal Approach (Libya),32.982825,15.761241,14.9,228.7,229,-0.0,Under way using engine,MISRATA,09-08 23:30,Normal,None,Entering Misrata northern approach corridor
2026-09-08 21:03:00,235098000,9615520,ATLANTIC VOYAGER,MAQ88,Container Ship,12.2,"Navarino/Pylos Fairway (Peloponnese, Greece)",Misrata Container Terminal Approach (Libya),32.974571,15.750205,14.9,227.5,228,-0.1,Under way using engine,MISRATA,09-08 23:30,Normal,None,Entering Misrata northern approach corridor
2026-09-08 21:06:00,235098000,9615520,ATLANTIC VOYAGER,MAQ88,Container Ship,12.2,"Navarino/Pylos Fairway (Peloponnese, Greece)",Misrata Container Terminal Approach (Libya),32.966166,15.739349,14.8,227.8,228,0.2,Under way using engine,MISRATA,09-08 23:30,Normal,None,Entering Misrata northern approach corridor
2026-09-08 21:09:00,235098000,9615520,ATLANTIC VOYAGER,MAQ88,Container Ship,12.2,"Navarino/Pylos Fairway (Peloponnese, Greece)",Misrata Container Terminal Approach (Libya),32.957702,15.728542,14.8,226.9,227,0.0,Under way using engine,MISRATA,09-08 23:30,Normal,None,Entering Misrata northern approach corridor
2026-09-08 21:12:00,235098000,9615520,ATLANTIC VOYAGER,MAQ88,Container Ship,12.2,"Navarino/Pylos Fairway (Peloponnese, Greece)",Misrata Container Terminal Approach (Libya),32.949363,15.717592,14.9,228.7,229,0.2,Under way using engine,MISRATA,09-08 23:30,Normal,None,Entering Misrata northern approach corridor
2026-09-08 21:15:00,235098000,9615520,ATLANTIC VOYAGER,MAQ88,Container Ship,12.2,"Navarino/Pylos Fairway (Peloponnese, Greece)",Misrata Container Terminal Approach (Libya),32.941215,15.706498,14.8,228.2,228,-0.3,Under way using engine,MISRATA,09-08 23:30,Normal,None,Entering Misrata northern approach corridor
2026-09-08 21:18:00,235098000,9615520,ATLANTIC VOYAGER,MAQ88,Container Ship,12.2,"Navarino/Pylos Fairway (Peloponnese, Greece)",Misrata Container Terminal Approach (Libya),32.932977,15.695455,14.9,228.3,228,0.1,Under way using engine,MISRATA,09-08 23:30,Normal,None,Entering Misrata northern approach corridor
2026-09-08 21:21:00,235098000,9615520,ATLANTIC VOYAGER,MAQ88,Container Ship,12.2,"Navarino/Pylos Fairway (Peloponnese, Greece)",Misrata Container Terminal Approach (Libya),32.924733,15.684481,14.6,226.1,226,-3.7,Under way using engine,MISRATA,09-08 23:30,Normal,None,Decelerating for harbor tugs and pilot boarding off Misrata
2026-09-08 21:24:00,235098000,9615520,ATLANTIC VOYAGER,MAQ88,Container Ship,12.2,"Navarino/Pylos Fairway (Peloponnese, Greece)",Misrata Container Terminal Approach (Libya),32.915788,15.675894,13.2,216.8,217,1.1,Under way using engine,MISRATA,09-08 23:30,Normal,None,Decelerating for harbor tugs and pilot boarding off Misrata
2026-09-08 21:27:00,235098000,9615520,ATLANTIC VOYAGER,MAQ88,Container Ship,12.2,"Navarino/Pylos Fairway (Peloponnese, Greece)",Misrata Container Terminal Approach (Libya),32.907737,15.668362,11.7,218.8,219,-0.1,Under way using engine,MISRATA,09-08 23:30,Normal,None,Decelerating for harbor tugs and pilot boarding off Misrata
2026-09-08 21:30:00,235098000,9615520,ATLANTIC VOYAGER,MAQ88,Container Ship,12.2,"Navarino/Pylos Fairway (Peloponnese, Greece)",Misrata Container Terminal Approach (Libya),32.900627,15.661814,10.1,217.3,218,0.1,Under way using engine,MISRATA,09-08 23:30,Normal,None,Decelerating for harbor tugs and pilot boarding off Misrata
2026-09-08 21:33:00,235098000,9615520,ATLANTIC VOYAGER,MAQ88,Container Ship,12.2,"Navarino/Pylos Fairway (Peloponnese, Greece)",Misrata Container Terminal Approach (Libya),32.894513,15.656009,9.1,219.0,220,0.0,Under way using engine,MISRATA,09-08 23:30,Normal,None,Decelerating for harbor tugs and pilot boarding off Misrata
2026-09-08 21:36:00,235098000,9615520,ATLANTIC VOYAGER,MAQ88,Container Ship,12.2,"Navarino/Pylos Fairway (Peloponnese, Greece)",Misrata Container Terminal Approach (Libya),32.888571,15.650407,9.1,218.0,219,0.1,Under way using engine,MISRATA,09-08 23:30,Normal,None,Decelerating for harbor tugs and pilot boarding off Misrata
2026-09-08 21:39:00,235098000,9615520,ATLANTIC VOYAGER,MAQ88,Container Ship,12.2,"Navarino/Pylos Fairway (Peloponnese, Greece)",Misrata Container Terminal Approach (Libya),32.882614,15.644843,9.1,218.7,219,0.2,Under way using engine,MISRATA,09-08 23:30,Normal,None,Decelerating for harbor tugs and pilot boarding off Misrata
2026-09-08 21:42:00,235098000,9615520,ATLANTIC VOYAGER,MAQ88,Container Ship,12.2,"Navarino/Pylos Fairway (Peloponnese, Greece)",Misrata Container Terminal Approach (Libya),32.876669,15.639184,9.1,218.3,219,-0.1,Under way using engine,MISRATA,09-08 23:30,Normal,None,Decelerating for harbor tugs and pilot boarding off Misrata
2026-09-08 21:45:00,235098000,9615520,ATLANTIC VOYAGER,MAQ88,Container Ship,12.2,"Navarino/Pylos Fairway (Peloponnese, Greece)",Misrata Container Terminal Approach (Libya),32.870674,15.633654,9.1,217.3,218,-0.0,Under way using engine,MISRATA,09-08 23:30,Normal,None,Decelerating for harbor tugs and pilot boarding off Misrata
2026-09-08 21:48:00,235098000,9615520,ATLANTIC VOYAGER,MAQ88,Container Ship,12.2,"Navarino/Pylos Fairway (Peloponnese, Greece)",Misrata Container Terminal Approach (Libya),32.864721,15.628064,9.1,218.5,219,0.2,Under way using engine,MISRATA,09-08 23:30,Normal,None,Decelerating for harbor tugs and pilot boarding off Misrata
2026-09-08 21:51:00,235098000,9615520,ATLANTIC VOYAGER,MAQ88,Container Ship,12.2,"Navarino/Pylos Fairway (Peloponnese, Greece)",Misrata Container Terminal Approach (Libya),32.858898,15.622302,9.1,219.7,220,-0.0,Under way using engine,MISRATA,09-08 23:30,Normal,None,Decelerating for harbor tugs and pilot boarding off Misrata
2026-09-08 21:54:00,235098000,9615520,ATLANTIC VOYAGER,MAQ88,Container Ship,12.2,"Navarino/Pylos Fairway (Peloponnese, Greece)",Misrata Container Terminal Approach (Libya),32.853087,15.616529,9.1,219.4,220,0.1,Under way using engine,MISRATA,09-08 23:30,Normal,None,Decelerating for harbor tugs and pilot boarding off Misrata
2026-09-08 21:57:00,235098000,9615520,ATLANTIC VOYAGER,MAQ88,Container Ship,12.2,"Navarino/Pylos Fairway (Peloponnese, Greece)",Misrata Container Terminal Approach (Libya),32.847182,15.6109,9.1,218.3,219,-0.1,Under way using engine,MISRATA,09-08 23:30,Normal,None,Decelerating for harbor tugs and pilot boarding off Misrata
2026-09-08 22:00:00,235098000,9615520,ATLANTIC VOYAGER,MAQ88,Container Ship,12.2,"Navarino/Pylos Fairway (Peloponnese, Greece)",Misrata Container Terminal Approach (Libya),32.841242,15.605271,9.1,218.3,219,0.1,Under way using engine,MISRATA,09-08 23:30,Normal,None,Decelerating for harbor tugs and pilot boarding off Misrata
2026-09-08 22:03:00,235098000,9615520,ATLANTIC VOYAGER,MAQ88,Container Ship,12.2,"Navarino/Pylos Fairway (Peloponnese, Greece)",Misrata Container Terminal Approach (Libya),32.835257,15.599755,9.1,217.5,218,-0.1,Under way using engine,MISRATA,09-08 23:30,Normal,None,Decelerating for harbor tugs and pilot boarding off Misrata
2026-09-08 22:06:00,235098000,9615520,ATLANTIC VOYAGER,MAQ88,Container Ship,12.2,"Navarino/Pylos Fairway (Peloponnese, Greece)",Misrata Container Terminal Approach (Libya),32.829337,15.59414,9.1,219.3,220,-0.0,Under way using engine,MISRATA,09-08 23:30,Normal,None,Decelerating for harbor tugs and pilot boarding off Misrata
2026-09-08 22:09:00,235098000,9615520,ATLANTIC VOYAGER,MAQ88,Container Ship,12.2,"Navarino/Pylos Fairway (Peloponnese, Greece)",Misrata Container Terminal Approach (Libya),32.823422,15.588484,9.1,218.7,219,0.2,Under way using engine,MISRATA,09-08 23:30,Normal,None,Decelerating for harbor tugs and pilot boarding off Misrata
2026-09-08 22:12:00,235098000,9615520,ATLANTIC VOYAGER,MAQ88,Container Ship,12.2,"Navarino/Pylos Fairway (Peloponnese, Greece)",Misrata Container Terminal Approach (Libya),32.817547,15.58274,9.2,219.8,220,-0.0,Under way using engine,MISRATA,09-08 23:30,Normal,None,Decelerating for harbor tugs and pilot boarding off Misrata
2026-09-08 22:15:00,235098000,9615520,ATLANTIC VOYAGER,MAQ88,Container Ship,12.2,"Navarino/Pylos Fairway (Peloponnese, Greece)",Misrata Container Terminal Approach (Libya),32.811697,15.576985,9.1,219.5,220,-0.0,Under way using engine,MISRATA,09-08 23:30,Normal,None,Decelerating for harbor tugs and pilot boarding off Misrata
2026-09-08 22:18:00,235098000,9615520,ATLANTIC VOYAGER,MAQ88,Container Ship,12.2,"Navarino/Pylos Fairway (Peloponnese, Greece)",Misrata Container Terminal Approach (Libya),32.805741,15.571402,9.1,218.4,219,-0.1,Under way using engine,MISRATA,09-08 23:30,Normal,None,Decelerating for harbor tugs and pilot boarding off Misrata
2026-09-08 22:21:00,235098000,9615520,ATLANTIC VOYAGER,MAQ88,Container Ship,12.2,"Navarino/Pylos Fairway (Peloponnese, Greece)",Misrata Container Terminal Approach (Libya),32.799842,15.565713,9.1,219.3,220,0.1,Under way using engine,MISRATA,09-08 23:30,Normal,None,Decelerating for harbor tugs and pilot boarding off Misrata
2026-09-08 22:24:00,235098000,9615520,ATLANTIC VOYAGER,MAQ88,Container Ship,12.2,"Navarino/Pylos Fairway (Peloponnese, Greece)",Misrata Container Terminal Approach (Libya),32.793922,15.560091,9.1,218.2,219,-0.1,Under way using engine,MISRATA,09-08 23:30,Normal,None,Decelerating for harbor tugs and pilot boarding off Misrata
2026-09-08 22:27:00,235098000,9615520,ATLANTIC VOYAGER,MAQ88,Container Ship,12.2,"Navarino/Pylos Fairway (Peloponnese, Greece)",Misrata Container Terminal Approach (Libya),32.787915,15.554557,9.1,217.3,218,0.2,Under way using engine,MISRATA,09-08 23:30,Normal,None,Decelerating for harbor tugs and pilot boarding off Misrata
2026-09-08 22:30:00,235098000,9615520,ATLANTIC VOYAGER,MAQ88,Container Ship,12.2,"Navarino/Pylos Fairway (Peloponnese, Greece)",Misrata Container Terminal Approach (Libya),32.781881,15.549078,9.1,217.1,218,-0.1,Under way using engine,MISRATA,09-08 23:30,Normal,None,Decelerating for harbor tugs and pilot boarding off Misrata
2026-09-08 22:33:00,235098000,9615520,ATLANTIC VOYAGER,MAQ88,Container Ship,12.2,"Navarino/Pylos Fairway (Peloponnese, Greece)",Misrata Container Terminal Approach (Libya),32.775889,15.543556,9.1,218.2,219,-0.1,Under way using engine,MISRATA,09-08 23:30,Normal,None,Decelerating for harbor tugs and pilot boarding off Misrata
2026-09-08 22:36:00,235098000,9615520,ATLANTIC VOYAGER,MAQ88,Container Ship,12.2,"Navarino/Pylos Fairway (Peloponnese, Greece)",Misrata Container Terminal Approach (Libya),32.769899,15.538019,9.1,218.0,219,0.0,Under way using engine,MISRATA,09-08 23:30,Normal,None,Decelerating for harbor tugs and pilot boarding off Misrata
2026-09-08 22:39:00,235098000,9615520,ATLANTIC VOYAGER,MAQ88,Container Ship,12.2,"Navarino/Pylos Fairway (Peloponnese, Greece)",Misrata Container Terminal Approach (Libya),32.763906,15.532489,9.1,217.8,218,0.1,Under way using engine,MISRATA,09-08 23:30,Normal,None,Decelerating for harbor tugs and pilot boarding off Misrata
2026-09-08 22:42:00,235098000,9615520,ATLANTIC VOYAGER,MAQ88,Container Ship,12.2,"Navarino/Pylos Fairway (Peloponnese, Greece)",Misrata Container Terminal Approach (Libya),32.757918,15.526961,9.1,218.2,219,-0.1,Under way using engine,MISRATA,09-08 23:30,Normal,None,Decelerating for harbor tugs and pilot boarding off Misrata
2026-09-08 22:45:00,235098000,9615520,ATLANTIC VOYAGER,MAQ88,Container Ship,12.2,"Navarino/Pylos Fairway (Peloponnese, Greece)",Misrata Container Terminal Approach (Libya),32.751995,15.521371,9.1,218.5,219,0.2,Under way using engine,MISRATA,09-08 23:30,Normal,None,Decelerating for harbor tugs and pilot boarding off Misrata
2026-09-08 22:48:00,235098000,9615520,ATLANTIC VOYAGER,MAQ88,Container Ship,12.2,"Navarino/Pylos Fairway (Peloponnese, Greece)",Misrata Container Terminal Approach (Libya),32.746053,15.515758,9.1,218.2,219,-0.1,Under way using engine,MISRATA,09-08 23:30,Normal,None,Decelerating for harbor tugs and pilot boarding off Misrata
2026-09-08 22:51:00,235098000,9615520,ATLANTIC VOYAGER,MAQ88,Container Ship,12.2,"Navarino/Pylos Fairway (Peloponnese, Greece)",Misrata Container Terminal Approach (Libya),32.7401,15.510208,9.1,218.2,219,0.0,Under way using engine,MISRATA,09-08 23:30,Normal,None,Decelerating for harbor tugs and pilot boarding off Misrata
2026-09-08 22:54:00,235098000,9615520,ATLANTIC VOYAGER,MAQ88,Container Ship,12.2,"Navarino/Pylos Fairway (Peloponnese, Greece)",Misrata Container Terminal Approach (Libya),32.734195,15.504578,9.1,219.7,220,0.0,Under way using engine,MISRATA,09-08 23:30,Normal,None,Decelerating for harbor tugs and pilot boarding off Misrata
2026-09-08 22:57:00,235098000,9615520,ATLANTIC VOYAGER,MAQ88,Container Ship,12.2,"Navarino/Pylos Fairway (Peloponnese, Greece)",Misrata Container Terminal Approach (Libya),32.728332,15.498872,9.1,219.0,220,0.1,Under way using engine,MISRATA,09-08 23:30,Normal,None,Decelerating for harbor tugs and pilot boarding off Misrata
2026-09-08 23:00:00,235098000,9615520,ATLANTIC VOYAGER,MAQ88,Container Ship,12.2,"Navarino/Pylos Fairway (Peloponnese, Greece)",Misrata Container Terminal Approach (Libya),32.72242,15.493236,9.1,219.2,220,-0.1,Under way using engine,MISRATA,09-08 23:30,Normal,None,Decelerating for harbor tugs and pilot boarding off Misrata
2026-09-08 23:03:00,235098000,9615520,ATLANTIC VOYAGER,MAQ88,Container Ship,12.2,"Navarino/Pylos Fairway (Peloponnese, Greece)",Misrata Container Terminal Approach (Libya),32.716557,15.487534,9.1,219.7,220,0.1,Under way using engine,MISRATA,09-08 23:30,Normal,None,Decelerating for harbor tugs and pilot boarding off Misrata
2026-09-08 23:06:00,235098000,9615520,ATLANTIC VOYAGER,MAQ88,Container Ship,12.2,"Navarino/Pylos Fairway (Peloponnese, Greece)",Misrata Container Terminal Approach (Libya),32.71069,15.481795,9.1,219.1,220,0.1,Under way using engine,MISRATA,09-08 23:30,Normal,None,Decelerating for harbor tugs and pilot boarding off Misrata
2026-09-08 23:09:00,235098000,9615520,ATLANTIC VOYAGER,MAQ88,Container Ship,12.2,"Navarino/Pylos Fairway (Peloponnese, Greece)",Misrata Container Terminal Approach (Libya),32.704826,15.476075,9.1,219.0,220,0.1,Under way using engine,MISRATA,09-08 23:30,Normal,None,Decelerating for harbor tugs and pilot boarding off Misrata
2026-09-08 23:12:00,235098000,9615520,ATLANTIC VOYAGER,MAQ88,Container Ship,12.2,"Navarino/Pylos Fairway (Peloponnese, Greece)",Misrata Container Terminal Approach (Libya),32.698894,15.470467,9.2,218.0,219,-0.1,Under way using engine,MISRATA,09-08 23:30,Normal,None,Decelerating for harbor tugs and pilot boarding off Misrata
2026-09-08 23:15:00,235098000,9615520,ATLANTIC VOYAGER,MAQ88,Container Ship,12.2,"Navarino/Pylos Fairway (Peloponnese, Greece)",Misrata Container Terminal Approach (Libya),32.692925,15.464915,9.1,218.7,219,0.0,Under way using engine,MISRATA,09-08 23:30,Normal,None,Decelerating for harbor tugs and pilot boarding off Misrata
2026-09-08 23:18:00,235098000,9615520,ATLANTIC VOYAGER,MAQ88,Container Ship,12.2,"Navarino/Pylos Fairway (Peloponnese, Greece)",Misrata Container Terminal Approach (Libya),32.687009,15.459264,9.1,218.4,219,0.1,Under way using engine,MISRATA,09-08 23:30,Normal,None,Decelerating for harbor tugs and pilot boarding off Misrata
2026-09-08 23:21:00,235098000,9615520,ATLANTIC VOYAGER,MAQ88,Container Ship,12.2,"Navarino/Pylos Fairway (Peloponnese, Greece)",Misrata Container Terminal Approach (Libya),32.681102,15.453604,9.1,218.9,220,-0.1,Under way using engine,MISRATA,09-08 23:30,Normal,None,Decelerating for harbor tugs and pilot boarding off Misrata
2026-09-08 23:24:00,235098000,9615520,ATLANTIC VOYAGER,MAQ88,Container Ship,12.2,"Navarino/Pylos Fairway (Peloponnese, Greece)",Misrata Container Terminal Approach (Libya),32.675165,15.447995,9.1,218.3,219,0.2,Under way using engine,MISRATA,09-08 23:30,Normal,None,Decelerating for harbor tugs and pilot boarding off Misrata
2026-09-08 23:27:00,235098000,9615520,ATLANTIC VOYAGER,MAQ88,Container Ship,12.2,"Navarino/Pylos Fairway (Peloponnese, Greece)",Misrata Container Terminal Approach (Libya),32.669242,15.442373,9.1,219.3,220,0.1,Under way using engine,MISRATA,09-08 23:30,Normal,None,Decelerating for harbor tugs and pilot boarding off Misrata
2026-09-08 23:30:00,235098000,9615520,ATLANTIC VOYAGER,MAQ88,Container Ship,12.2,"Navarino/Pylos Fairway (Peloponnese, Greece)",Misrata Container Terminal Approach (Libya),32.66338,15.436657,9.1,220.0,221,0.2,Under way using engine,MISRATA,09-08 23:30,Normal,None,Decelerating for harbor tugs and pilot boarding off Misrata
2026-09-08 23:33:00,235098000,9615520,ATLANTIC VOYAGER,MAQ88,Container Ship,12.2,"Navarino/Pylos Fairway (Peloponnese, Greece)",Misrata Container Terminal Approach (Libya),32.657529,15.430935,9.1,218.9,220,-0.2,Under way using engine,MISRATA,09-08 23:30,Normal,None,Decelerating for harbor tugs and pilot boarding off Misrata
2026-09-08 23:36:00,235098000,9615520,ATLANTIC VOYAGER,MAQ88,Container Ship,12.2,"Navarino/Pylos Fairway (Peloponnese, Greece)",Misrata Container Terminal Approach (Libya),32.651647,15.425229,9.1,219.2,220,0.2,Under way using engine,MISRATA,09-08 23:30,Normal,None,Decelerating for harbor tugs and pilot boarding off Misrata
2026-09-08 23:39:00,235098000,9615520,ATLANTIC VOYAGER,MAQ88,Container Ship,12.2,"Navarino/Pylos Fairway (Peloponnese, Greece)",Misrata Container Terminal Approach (Libya),32.645742,15.419581,9.2,218.7,219,-0.1,Under way using engine,MISRATA,09-08 23:30,Normal,None,Decelerating for harbor tugs and pilot boarding off Misrata
2026-09-08 23:42:00,235098000,9615520,ATLANTIC VOYAGER,MAQ88,Container Ship,12.2,"Navarino/Pylos Fairway (Peloponnese, Greece)",Misrata Container Terminal Approach (Libya),32.63981,15.413973,9.0,218.6,219,0.2,Under way using engine,MISRATA,09-08 23:30,Normal,None,Decelerating for harbor tugs and pilot boarding off Misrata
2026-09-08 23:45:00,235098000,9615520,ATLANTIC VOYAGER,MAQ88,Container Ship,12.2,"Navarino/Pylos Fairway (Peloponnese, Greece)",Misrata Container Terminal Approach (Libya),32.633897,15.408324,9.1,219.2,220,0.1,Under way using engine,MISRATA,09-08 23:30,Normal,None,Decelerating for harbor tugs and pilot boarding off Misrata
2026-09-08 23:48:00,235098000,9615520,ATLANTIC VOYAGER,MAQ88,Container Ship,12.2,"Navarino/Pylos Fairway (Peloponnese, Greece)",Misrata Container Terminal Approach (Libya),32.628044,15.402606,9.1,219.4,220,-0.0,Under way using engine,MISRATA,09-08 23:30,Normal,None,Decelerating for harbor tugs and pilot boarding off Misrata
2026-09-08 23:51:00,235098000,9615520,ATLANTIC VOYAGER,MAQ88,Container Ship,12.2,"Navarino/Pylos Fairway (Peloponnese, Greece)",Misrata Container Terminal Approach (Libya),32.622205,15.396856,9.1,220.4,221,-0.1,Under way using engine,MISRATA,09-08 23:30,Normal,None,Decelerating for harbor tugs and pilot boarding off Misrata
2026-09-08 23:54:00,235098000,9615520,ATLANTIC VOYAGER,MAQ88,Container Ship,12.2,"Navarino/Pylos Fairway (Peloponnese, Greece)",Misrata Container Terminal Approach (Libya),32.616416,15.391036,9.1,220.0,221,0.1,Under way using engine,MISRATA,09-08 23:30,Normal,None,Decelerating for harbor tugs and pilot boarding off Misrata
2026-09-08 23:57:00,235098000,9615520,ATLANTIC VOYAGER,MAQ88,Container Ship,12.2,"Navarino/Pylos Fairway (Peloponnese, Greece)",Misrata Container Terminal Approach (Libya),32.610557,15.385324,9.1,219.6,220,0.1,Under way using engine,MISRATA,09-08 23:30,Normal,None,Decelerating for harbor tugs and pilot boarding off Misrata
2026-09-09 00:00:00,235098000,9615520,ATLANTIC VOYAGER,MAQ88,Container Ship,12.2,"Navarino/Pylos Fairway (Peloponnese, Greece)",Misrata Container Terminal Approach (Libya),32.604725,15.379544,9.1,219.8,220,-0.2,Under way using engine,MISRATA,09-08 23:30,Normal,None,Decelerating for harbor tugs and pilot boarding off Misrata
2026-09-08 00:00:00,413289000,9324018,SILVER TRADER,BO331,Bulk Carrier,11.5,Ras Sem / Derna Offshore Approach (Libya),Cape Santa Maria di Leuca / Taranto Approach (Italy),32.901322,22.349516,10.0,342.9,341,-2.1,Under way using engine,TARANTO,09-09 10:00,Normal,None,Clearing Libyan continental shelf into deep waters
2026-09-08 00:03:00,413289000,9324018,SILVER TRADER,BO331,Bulk Carrier,11.5,Ras Sem / Derna Offshore Approach (Libya),Cape Santa Maria di Leuca / Taranto Approach (Italy),32.909475,22.345736,10.8,337.9,336,0.8,Under way using engine,TARANTO,09-09 10:00,Normal,None,Clearing Libyan continental shelf into deep waters
2026-09-08 00:06:00,413289000,9324018,SILVER TRADER,BO331,Bulk Carrier,11.5,Ras Sem / Derna Offshore Approach (Libya),Cape Santa Maria di Leuca / Taranto Approach (Italy),32.918325,22.341668,11.8,339.0,337,-0.3,Under way using engine,TARANTO,09-09 10:00,Normal,None,Clearing Libyan continental shelf into deep waters
2026-09-08 00:09:00,413289000,9324018,SILVER TRADER,BO331,Bulk Carrier,11.5,Ras Sem / Derna Offshore Approach (Libya),Cape Santa Maria di Leuca / Taranto Approach (Italy),32.927886,22.337293,12.6,338.7,337,0.0,Under way using engine,TARANTO,09-09 10:00,Normal,None,Clearing Libyan continental shelf into deep waters
2026-09-08 00:12:00,413289000,9324018,SILVER TRADER,BO331,Bulk Carrier,11.5,Ras Sem / Derna Offshore Approach (Libya),Cape Santa Maria di Leuca / Taranto Approach (Italy),32.937693,22.332768,12.6,338.6,337,-0.1,Under way using engine,TARANTO,09-09 10:00,Normal,None,Clearing Libyan continental shelf into deep waters
2026-09-08 00:15:00,413289000,9324018,SILVER TRADER,BO331,Bulk Carrier,11.5,Ras Sem / Derna Offshore Approach (Libya),Cape Santa Maria di Leuca / Taranto Approach (Italy),32.947459,22.328122,12.6,338.0,336,-0.1,Under way using engine,TARANTO,09-09 10:00,Normal,None,Clearing Libyan continental shelf into deep waters
2026-09-08 00:18:00,413289000,9324018,SILVER TRADER,BO331,Bulk Carrier,11.5,Ras Sem / Derna Offshore Approach (Libya),Cape Santa Maria di Leuca / Taranto Approach (Italy),32.957275,22.323607,12.7,339.1,337,0.1,Under way using engine,TARANTO,09-09 10:00,Normal,None,Clearing Libyan continental shelf into deep waters
2026-09-08 00:21:00,413289000,9324018,SILVER TRADER,BO331,Bulk Carrier,11.5,Ras Sem / Derna Offshore Approach (Libya),Cape Santa Maria di Leuca / Taranto Approach (Italy),32.967073,22.319027,12.6,338.0,336,0.0,Under way using engine,TARANTO,09-09 10:00,Normal,None,Clearing Libyan continental shelf into deep waters
2026-09-08 00:24:00,413289000,9324018,SILVER TRADER,BO331,Bulk Carrier,11.5,Ras Sem / Derna Offshore Approach (Libya),Cape Santa Maria di Leuca / Taranto Approach (Italy),32.976845,22.314359,12.7,337.9,336,0.1,Under way using engine,TARANTO,09-09 10:00,Normal,None,Clearing Libyan continental shelf into deep waters
2026-09-08 00:27:00,413289000,9324018,SILVER TRADER,BO331,Bulk Carrier,11.5,Ras Sem / Derna Offshore Approach (Libya),Cape Santa Maria di Leuca / Taranto Approach (Italy),32.986609,22.309703,12.6,338.4,337,-0.1,Under way using engine,TARANTO,09-09 10:00,Normal,None,Clearing Libyan continental shelf into deep waters
2026-09-08 00:30:00,413289000,9324018,SILVER TRADER,BO331,Bulk Carrier,11.5,Ras Sem / Derna Offshore Approach (Libya),Cape Santa Maria di Leuca / Taranto Approach (Italy),32.996332,22.304936,12.6,336.9,335,0.2,Under way using engine,TARANTO,09-09 10:00,Normal,None,Clearing Libyan continental shelf into deep waters
2026-09-08 00:33:00,413289000,9324018,SILVER TRADER,BO331,Bulk Carrier,11.5,Ras Sem / Derna Offshore Approach (Libya),Cape Santa Maria di Leuca / Taranto Approach (Italy),33.006004,22.300087,12.6,338.1,336,0.0,Under way using engine,TARANTO,09-09 10:00,Normal,None,Clearing Libyan continental shelf into deep waters
2026-09-08 00:36:00,413289000,9324018,SILVER TRADER,BO331,Bulk Carrier,11.5,Ras Sem / Derna Offshore Approach (Libya),Cape Santa Maria di Leuca / Taranto Approach (Italy),33.015745,22.295395,12.6,338.3,336,0.1,Under way using engine,TARANTO,09-09 10:00,Normal,None,Clearing Libyan continental shelf into deep waters
2026-09-08 00:39:00,413289000,9324018,SILVER TRADER,BO331,Bulk Carrier,11.5,Ras Sem / Derna Offshore Approach (Libya),Cape Santa Maria di Leuca / Taranto Approach (Italy),33.025544,22.290875,12.6,339.1,337,-0.0,Under way using engine,TARANTO,09-09 10:00,Normal,None,Clearing Libyan continental shelf into deep waters
2026-09-08 00:42:00,413289000,9324018,SILVER TRADER,BO331,Bulk Carrier,11.5,Ras Sem / Derna Offshore Approach (Libya),Cape Santa Maria di Leuca / Taranto Approach (Italy),33.035336,22.286299,12.6,339.5,338,0.1,Under way using engine,TARANTO,09-09 10:00,Normal,None,Clearing Libyan continental shelf into deep waters
2026-09-08 00:45:00,413289000,9324018,SILVER TRADER,BO331,Bulk Carrier,11.5,Ras Sem / Derna Offshore Approach (Libya),Cape Santa Maria di Leuca / Taranto Approach (Italy),33.045169,22.281872,12.6,339.2,337,0.1,Under way using engine,TARANTO,09-09 10:00,Normal,None,Clearing Libyan continental shelf into deep waters
2026-09-08 00:48:00,413289000,9324018,SILVER TRADER,BO331,Bulk Carrier,11.5,Ras Sem / Derna Offshore Approach (Libya),Cape Santa Maria di Leuca / Taranto Approach (Italy),33.054967,22.277344,12.6,338.4,337,-0.1,Under way using engine,TARANTO,09-09 10:00,Normal,None,Clearing Libyan continental shelf into deep waters
2026-09-08 00:51:00,413289000,9324018,SILVER TRADER,BO331,Bulk Carrier,11.5,Ras Sem / Derna Offshore Approach (Libya),Cape Santa Maria di Leuca / Taranto Approach (Italy),33.064682,22.272602,12.6,338.0,336,0.1,Under way using engine,TARANTO,09-09 10:00,Normal,None,Clearing Libyan continental shelf into deep waters
2026-09-08 00:54:00,413289000,9324018,SILVER TRADER,BO331,Bulk Carrier,11.5,Ras Sem / Derna Offshore Approach (Libya),Cape Santa Maria di Leuca / Taranto Approach (Italy),33.074395,22.267822,12.6,336.9,335,-0.2,Under way using engine,TARANTO,09-09 10:00,Normal,None,Clearing Libyan continental shelf into deep waters
2026-09-08 00:57:00,413289000,9324018,SILVER TRADER,BO331,Bulk Carrier,11.5,Ras Sem / Derna Offshore Approach (Libya),Cape Santa Maria di Leuca / Taranto Approach (Italy),33.084096,22.262983,12.6,338.1,336,0.1,Under way using engine,TARANTO,09-09 10:00,Normal,None,Clearing Libyan continental shelf into deep waters
2026-09-08 01:00:00,413289000,9324018,SILVER TRADER,BO331,Bulk Carrier,11.5,Ras Sem / Derna Offshore Approach (Libya),Cape Santa Maria di Leuca / Taranto Approach (Italy),33.093857,22.258385,12.6,338.4,337,-0.2,Under way using engine,TARANTO,09-09 10:00,Normal,None,Clearing Libyan continental shelf into deep waters
2026-09-08 01:03:00,413289000,9324018,SILVER TRADER,BO331,Bulk Carrier,11.5,Ras Sem / Derna Offshore Approach (Libya),Cape Santa Maria di Leuca / Taranto Approach (Italy),33.103631,22.253745,12.6,338.8,337,0.0,Under way using engine,TARANTO,09-09 10:00,Normal,None,Clearing Libyan continental shelf into deep waters
2026-09-08 01:06:00,413289000,9324018,SILVER TRADER,BO331,Bulk Carrier,11.5,Ras Sem / Derna Offshore Approach (Libya),Cape Santa Maria di Leuca / Taranto Approach (Italy),33.113388,22.249131,12.6,338.9,337,0.1,Under way using engine,TARANTO,09-09 10:00,Normal,None,Clearing Libyan continental shelf into deep waters
2026-09-08 01:09:00,413289000,9324018,SILVER TRADER,BO331,Bulk Carrier,11.5,Ras Sem / Derna Offshore Approach (Libya),Cape Santa Maria di Leuca / Taranto Approach (Italy),33.123202,22.244646,12.6,338.5,337,0.0,Under way using engine,TARANTO,09-09 10:00,Normal,None,Clearing Libyan continental shelf into deep waters
2026-09-08 01:12:00,413289000,9324018,SILVER TRADER,BO331,Bulk Carrier,11.5,Ras Sem / Derna Offshore Approach (Libya),Cape Santa Maria di Leuca / Taranto Approach (Italy),33.133005,22.240115,12.7,338.6,337,-0.2,Under way using engine,TARANTO,09-09 10:00,Normal,None,Clearing Libyan continental shelf into deep waters
2026-09-08 01:15:00,413289000,9324018,SILVER TRADER,BO331,Bulk Carrier,11.5,Ras Sem / Derna Offshore Approach (Libya),Cape Santa Maria di Leuca / Taranto Approach (Italy),33.142772,22.235491,12.7,338.1,336,-0.1,Under way using engine,TARANTO,09-09 10:00,Normal,None,Clearing Libyan continental shelf into deep waters
2026-09-08 01:18:00,413289000,9324018,SILVER TRADER,BO331,Bulk Carrier,11.5,Ras Sem / Derna Offshore Approach (Libya),Cape Santa Maria di Leuca / Taranto Approach (Italy),33.15252,22.230818,12.6,337.8,336,0.1,Under way using engine,TARANTO,09-09 10:00,Normal,None,Clearing Libyan continental shelf into deep waters
2026-09-08 01:21:00,413289000,9324018,SILVER TRADER,BO331,Bulk Carrier,11.5,Ras Sem / Derna Offshore Approach (Libya),Cape Santa Maria di Leuca / Taranto Approach (Italy),33.162267,22.226108,12.6,338.3,336,0.1,Under way using engine,TARANTO,09-09 10:00,Normal,None,Clearing Libyan continental shelf into deep waters
2026-09-08 01:24:00,413289000,9324018,SILVER TRADER,BO331,Bulk Carrier,11.5,Ras Sem / Derna Offshore Approach (Libya),Cape Santa Maria di Leuca / Taranto Approach (Italy),33.171991,22.22141,12.6,337.5,336,0.0,Under way using engine,TARANTO,09-09 10:00,Normal,None,Clearing Libyan continental shelf into deep waters
2026-09-08 01:27:00,413289000,9324018,SILVER TRADER,BO331,Bulk Carrier,11.5,Ras Sem / Derna Offshore Approach (Libya),Cape Santa Maria di Leuca / Taranto Approach (Italy),33.181741,22.216706,12.6,338.2,336,0.1,Under way using engine,TARANTO,09-09 10:00,Normal,None,Clearing Libyan continental shelf into deep waters
2026-09-08 01:30:00,413289000,9324018,SILVER TRADER,BO331,Bulk Carrier,11.5,Ras Sem / Derna Offshore Approach (Libya),Cape Santa Maria di Leuca / Taranto Approach (Italy),33.191475,22.212018,12.6,338.1,336,-0.1,Under way using engine,TARANTO,09-09 10:00,Normal,None,Clearing Libyan continental shelf into deep waters
2026-09-08 01:33:00,413289000,9324018,SILVER TRADER,BO331,Bulk Carrier,11.5,Ras Sem / Derna Offshore Approach (Libya),Cape Santa Maria di Leuca / Taranto Approach (Italy),33.201163,22.207225,12.6,337.1,335,0.2,Under way using engine,TARANTO,09-09 10:00,Normal,None,Clearing Libyan continental shelf into deep waters
2026-09-08 01:36:00,413289000,9324018,SILVER TRADER,BO331,Bulk Carrier,11.5,Ras Sem / Derna Offshore Approach (Libya),Cape Santa Maria di Leuca / Taranto Approach (Italy),33.210843,22.202377,12.6,337.5,336,-0.2,Under way using engine,TARANTO,09-09 10:00,Normal,None,Clearing Libyan continental shelf into deep waters
2026-09-08 01:39:00,413289000,9324018,SILVER TRADER,BO331,Bulk Carrier,11.5,Ras Sem / Derna Offshore Approach (Libya),Cape Santa Maria di Leuca / Taranto Approach (Italy),33.220544,22.197596,12.6,337.2,335,0.0,Under way using engine,TARANTO,09-09 10:00,Normal,None,Clearing Libyan continental shelf into deep waters
2026-09-08 01:42:00,413289000,9324018,SILVER TRADER,BO331,Bulk Carrier,11.5,Ras Sem / Derna Offshore Approach (Libya),Cape Santa Maria di Leuca / Taranto Approach (Italy),33.23028,22.192856,12.6,338.2,336,-0.0,Under way using engine,TARANTO,09-09 10:00,Normal,None,Clearing Libyan continental shelf into deep waters
2026-09-08 01:45:00,413289000,9324018,SILVER TRADER,BO331,Bulk Carrier,11.5,Ras Sem / Derna Offshore Approach (Libya),Cape Santa Maria di Leuca / Taranto Approach (Italy),33.240023,22.188174,12.6,337.7,336,0.0,Under way using engine,TARANTO,09-09 10:00,Normal,None,Clearing Libyan continental shelf into deep waters
2026-09-08 01:48:00,413289000,9324018,SILVER TRADER,BO331,Bulk Carrier,11.5,Ras Sem / Derna Offshore Approach (Libya),Cape Santa Maria di Leuca / Taranto Approach (Italy),33.249688,22.183271,12.6,337.0,335,-0.1,Under way using engine,TARANTO,09-09 10:00,Normal,None,Clearing Libyan continental shelf into deep waters
2026-09-08 01:51:00,413289000,9324018,SILVER TRADER,BO331,Bulk Carrier,11.5,Ras Sem / Derna Offshore Approach (Libya),Cape Santa Maria di Leuca / Taranto Approach (Italy),33.259388,22.178395,12.6,337.0,335,-0.1,Under way using engine,TARANTO,09-09 10:00,Normal,None,Clearing Libyan continental shelf into deep waters
2026-09-08 01:54:00,413289000,9324018,SILVER TRADER,BO331,Bulk Carrier,11.5,Ras Sem / Derna Offshore Approach (Libya),Cape Santa Maria di Leuca / Taranto Approach (Italy),33.269042,22.173457,12.6,337.0,335,0.0,Under way using engine,TARANTO,09-09 10:00,Normal,None,Clearing Libyan continental shelf into deep waters
2026-09-08 01:57:00,413289000,9324018,SILVER TRADER,BO331,Bulk Carrier,11.5,Ras Sem / Derna Offshore Approach (Libya),Cape Santa Maria di Leuca / Taranto Approach (Italy),33.27875,22.16869,12.6,337.8,336,0.2,Under way using engine,TARANTO,09-09 10:00,Normal,None,Clearing Libyan continental shelf into deep waters
2026-09-08 02:00:00,413289000,9324018,SILVER TRADER,BO331,Bulk Carrier,11.5,Ras Sem / Derna Offshore Approach (Libya),Cape Santa Maria di Leuca / Taranto Approach (Italy),33.288452,22.163942,12.6,337.8,336,-0.1,Under way using engine,TARANTO,09-09 10:00,Normal,None,Clearing Libyan continental shelf into deep waters
2026-09-08 02:03:00,413289000,9324018,SILVER TRADER,BO331,Bulk Carrier,11.5,Ras Sem / Derna Offshore Approach (Libya),Cape Santa Maria di Leuca / Taranto Approach (Italy),33.29811,22.159051,12.6,336.7,335,0.1,Under way using engine,TARANTO,09-09 10:00,Normal,None,Clearing Libyan continental shelf into deep waters
2026-09-08 02:06:00,413289000,9324018,SILVER TRADER,BO331,Bulk Carrier,11.5,Ras Sem / Derna Offshore Approach (Libya),Cape Santa Maria di Leuca / Taranto Approach (Italy),33.307699,22.153971,12.6,336.4,335,0.2,Under way using engine,TARANTO,09-09 10:00,Normal,None,Clearing Libyan continental shelf into deep waters
2026-09-08 02:09:00,413289000,9324018,SILVER TRADER,BO331,Bulk Carrier,11.5,Ras Sem / Derna Offshore Approach (Libya),Cape Santa Maria di Leuca / Taranto Approach (Italy),33.317341,22.148999,12.6,336.5,335,-0.0,Under way using engine,TARANTO,09-09 10:00,Normal,None,Clearing Libyan continental shelf into deep waters
2026-09-08 02:12:00,413289000,9324018,SILVER TRADER,BO331,Bulk Carrier,11.5,Ras Sem / Derna Offshore Approach (Libya),Cape Santa Maria di Leuca / Taranto Approach (Italy),33.326966,22.143981,12.6,337.1,335,-0.1,Under way using engine,TARANTO,09-09 10:00,Normal,None,Clearing Libyan continental shelf into deep waters
2026-09-08 02:15:00,413289000,9324018,SILVER TRADER,BO331,Bulk Carrier,11.5,Ras Sem / Derna Offshore Approach (Libya),Cape Santa Maria di Leuca / Taranto Approach (Italy),33.336688,22.139242,12.6,338.4,337,-0.1,Under way using engine,TARANTO,09-09 10:00,Normal,None,Clearing Libyan continental shelf into deep waters
2026-09-08 02:18:00,413289000,9324018,SILVER TRADER,BO331,Bulk Carrier,11.5,Ras Sem / Derna Offshore Approach (Libya),Cape Santa Maria di Leuca / Taranto Approach (Italy),33.346368,22.134413,12.6,337.3,335,0.0,Under way using engine,TARANTO,09-09 10:00,Normal,None,Clearing Libyan continental shelf into deep waters
2026-09-08 02:21:00,413289000,9324018,SILVER TRADER,BO331,Bulk Carrier,11.5,Ras Sem / Derna Offshore Approach (Libya),Cape Santa Maria di Leuca / Taranto Approach (Italy),33.356003,22.129462,12.6,336.6,335,-0.1,Under way using engine,TARANTO,09-09 10:00,Normal,None,Clearing Libyan continental shelf into deep waters
2026-09-08 02:24:00,413289000,9324018,SILVER TRADER,BO331,Bulk Carrier,11.5,Ras Sem / Derna Offshore Approach (Libya),Cape Santa Maria di Leuca / Taranto Approach (Italy),33.36567,22.124551,12.7,337.6,336,0.1,Under way using engine,TARANTO,09-09 10:00,Normal,None,Clearing Libyan continental shelf into deep waters
2026-09-08 02:27:00,413289000,9324018,SILVER TRADER,BO331,Bulk Carrier,11.5,Ras Sem / Derna Offshore Approach (Libya),Cape Santa Maria di Leuca / Taranto Approach (Italy),33.375351,22.119731,12.6,337.5,336,-0.2,Under way using engine,TARANTO,09-09 10:00,Normal,None,Clearing Libyan continental shelf into deep waters
2026-09-08 02:30:00,413289000,9324018,SILVER TRADER,BO331,Bulk Carrier,11.5,Ras Sem / Derna Offshore Approach (Libya),Cape Santa Maria di Leuca / Taranto Approach (Italy),33.384993,22.114797,12.6,336.0,334,-0.0,Under way using engine,TARANTO,09-09 10:00,Normal,None,Clearing Libyan continental shelf into deep waters
2026-09-08 02:33:00,413289000,9324018,SILVER TRADER,BO331,Bulk Carrier,11.5,Ras Sem / Derna Offshore Approach (Libya),Cape Santa Maria di Leuca / Taranto Approach (Italy),33.394559,22.109627,12.6,335.1,333,0.0,Under way using engine,TARANTO,09-09 10:00,Normal,None,Clearing Libyan continental shelf into deep waters
2026-09-08 02:36:00,413289000,9324018,SILVER TRADER,BO331,Bulk Carrier,11.5,Ras Sem / Derna Offshore Approach (Libya),Cape Santa Maria di Leuca / Taranto Approach (Italy),33.404128,22.104469,12.6,335.6,334,-0.0,Under way using engine,TARANTO,09-09 10:00,Normal,None,Clearing Libyan continental shelf into deep waters
2026-09-08 02:39:00,413289000,9324018,SILVER TRADER,BO331,Bulk Carrier,11.5,Ras Sem / Derna Offshore Approach (Libya),Cape Santa Maria di Leuca / Taranto Approach (Italy),33.413693,22.099325,12.6,335.7,334,0.2,Under way using engine,TARANTO,09-09 10:00,Normal,None,Clearing Libyan continental shelf into deep waters
2026-09-08 02:42:00,413289000,9324018,SILVER TRADER,BO331,Bulk Carrier,11.5,Ras Sem / Derna Offshore Approach (Libya),Cape Santa Maria di Leuca / Taranto Approach (Italy),33.423225,22.094175,12.5,335.6,334,-0.3,Under way using engine,TARANTO,09-09 10:00,Normal,None,Clearing Libyan continental shelf into deep waters
2026-09-08 02:45:00,413289000,9324018,SILVER TRADER,BO331,Bulk Carrier,11.5,Ras Sem / Derna Offshore Approach (Libya),Cape Santa Maria di Leuca / Taranto Approach (Italy),33.432732,22.088896,12.6,335.8,334,0.3,Under way using engine,TARANTO,09-09 10:00,Normal,None,Clearing Libyan continental shelf into deep waters
2026-09-08 02:48:00,413289000,9324018,SILVER TRADER,BO331,Bulk Carrier,11.5,Ras Sem / Derna Offshore Approach (Libya),Cape Santa Maria di Leuca / Taranto Approach (Italy),33.442244,22.08371,12.5,335.1,333,-0.1,Under way using engine,TARANTO,09-09 10:00,Normal,None,Clearing Libyan continental shelf into deep waters
2026-09-08 02:51:00,413289000,9324018,SILVER TRADER,BO331,Bulk Carrier,11.5,Ras Sem / Derna Offshore Approach (Libya),Cape Santa Maria di Leuca / Taranto Approach (Italy),33.451679,22.078319,12.6,334.9,333,-0.0,Under way using engine,TARANTO,09-09 10:00,Normal,None,Clearing Libyan continental shelf into deep waters
2026-09-08 02:54:00,413289000,9324018,SILVER TRADER,BO331,Bulk Carrier,11.5,Ras Sem / Derna Offshore Approach (Libya),Cape Santa Maria di Leuca / Taranto Approach (Italy),33.461117,22.072896,12.5,334.5,333,-0.1,Under way using engine,TARANTO,09-09 10:00,Normal,None,Clearing Libyan continental shelf into deep waters
2026-09-08 02:57:00,413289000,9324018,SILVER TRADER,BO331,Bulk Carrier,11.5,Ras Sem / Derna Offshore Approach (Libya),Cape Santa Maria di Leuca / Taranto Approach (Italy),33.470566,22.067135,12.8,331.3,330,-0.5,Under way using engine,TARANTO,09-09 10:00,Normal,None,Crossing the Mediterranean Ridge along northbound fairway
2026-09-08 03:00:00,413289000,9324018,SILVER TRADER,BO331,Bulk Carrier,11.5,Ras Sem / Derna Offshore Approach (Libya),Cape Santa Maria di Leuca / Taranto Approach (Italy),33.479934,22.06111,12.8,332.3,331,0.2,Under way using engine,TARANTO,09-09 10:00,Normal,None,Crossing the Mediterranean Ridge along northbound fairway
2026-09-08 03:03:00,413289000,9324018,SILVER TRADER,BO331,Bulk Carrier,11.5,Ras Sem / Derna Offshore Approach (Libya),Cape Santa Maria di Leuca / Taranto Approach (Italy),33.489378,22.055276,12.7,332.7,331,-0.0,Under way using engine,TARANTO,09-09 10:00,Normal,None,Crossing the Mediterranean Ridge along northbound fairway
2026-09-08 03:06:00,413289000,9324018,SILVER TRADER,BO331,Bulk Carrier,11.5,Ras Sem / Derna Offshore Approach (Libya),Cape Santa Maria di Leuca / Taranto Approach (Italy),33.498768,22.049322,12.7,332.9,331,0.0,Under way using engine,TARANTO,09-09 10:00,Normal,None,Crossing the Mediterranean Ridge along northbound fairway
2026-09-08 03:09:00,413289000,9324018,SILVER TRADER,BO331,Bulk Carrier,11.5,Ras Sem / Derna Offshore Approach (Libya),Cape Santa Maria di Leuca / Taranto Approach (Italy),33.50827,22.043612,12.8,333.7,332,-0.1,Under way using engine,TARANTO,09-09 10:00,Normal,None,Crossing the Mediterranean Ridge along northbound fairway
2026-09-08 03:12:00,413289000,9324018,SILVER TRADER,BO331,Bulk Carrier,11.5,Ras Sem / Derna Offshore Approach (Libya),Cape Santa Maria di Leuca / Taranto Approach (Italy),33.517685,22.037729,12.8,332.1,330,0.0,Under way using engine,TARANTO,09-09 10:00,Normal,None,Crossing the Mediterranean Ridge along northbound fairway
2026-09-08 03:15:00,413289000,9324018,SILVER TRADER,BO331,Bulk Carrier,11.5,Ras Sem / Derna Offshore Approach (Libya),Cape Santa Maria di Leuca / Taranto Approach (Italy),33.527107,22.031841,12.7,333.1,331,-0.0,Under way using engine,TARANTO,09-09 10:00,Normal,None,Crossing the Mediterranean Ridge along northbound fairway
2026-09-08 03:18:00,413289000,9324018,SILVER TRADER,BO331,Bulk Carrier,11.5,Ras Sem / Derna Offshore Approach (Libya),Cape Santa Maria di Leuca / Taranto Approach (Italy),33.536511,22.025927,12.7,332.1,330,0.0,Under way using engine,TARANTO,09-09 10:00,Normal,None,Crossing the Mediterranean Ridge along northbound fairway
2026-09-08 03:21:00,413289000,9324018,SILVER TRADER,BO331,Bulk Carrier,11.5,Ras Sem / Derna Offshore Approach (Libya),Cape Santa Maria di Leuca / Taranto Approach (Italy),33.545909,22.019984,12.7,332.5,331,-0.1,Under way using engine,TARANTO,09-09 10:00,Normal,None,Crossing the Mediterranean Ridge along northbound fairway
2026-09-08 03:24:00,413289000,9324018,SILVER TRADER,BO331,Bulk Carrier,11.5,Ras Sem / Derna Offshore Approach (Libya),Cape Santa Maria di Leuca / Taranto Approach (Italy),33.555297,22.014003,12.8,332.4,331,0.0,Under way using engine,TARANTO,09-09 10:00,Normal,None,Crossing the Mediterranean Ridge along northbound fairway
2026-09-08 03:27:00,413289000,9324018,SILVER TRADER,BO331,Bulk Carrier,11.5,Ras Sem / Derna Offshore Approach (Libya),Cape Santa Maria di Leuca / Taranto Approach (Italy),33.564739,22.008151,12.8,332.5,331,-0.1,Under way using engine,TARANTO,09-09 10:00,Normal,None,Crossing the Mediterranean Ridge along northbound fairway
2026-09-08 03:30:00,413289000,9324018,SILVER TRADER,BO331,Bulk Carrier,11.5,Ras Sem / Derna Offshore Approach (Libya),Cape Santa Maria di Leuca / Taranto Approach (Italy),33.574095,22.002127,12.7,332.2,331,-0.1,Under way using engine,TARANTO,09-09 10:00,Normal,None,Crossing the Mediterranean Ridge along northbound fairway
2026-09-08 03:33:00,413289000,9324018,SILVER TRADER,BO331,Bulk Carrier,11.5,Ras Sem / Derna Offshore Approach (Libya),Cape Santa Maria di Leuca / Taranto Approach (Italy),33.583496,21.996211,12.7,332.3,331,-0.0,Under way using engine,TARANTO,09-09 10:00,Normal,None,Crossing the Mediterranean Ridge along northbound fairway
2026-09-08 03:36:00,413289000,9324018,SILVER TRADER,BO331,Bulk Carrier,11.5,Ras Sem / Derna Offshore Approach (Libya),Cape Santa Maria di Leuca / Taranto Approach (Italy),33.592908,21.99033,12.8,332.4,331,0.1,Under way using engine,TARANTO,09-09 10:00,Normal,None,Crossing the Mediterranean Ridge along northbound fairway
2026-09-08 03:39:00,413289000,9324018,SILVER TRADER,BO331,Bulk Carrier,11.5,Ras Sem / Derna Offshore Approach (Libya),Cape Santa Maria di Leuca / Taranto Approach (Italy),33.602294,21.984384,12.8,331.6,330,-0.1,Under way using engine,TARANTO,09-09 10:00,Normal,None,Crossing the Mediterranean Ridge along northbound fairway
2026-09-08 03:42:00,413289000,9324018,SILVER TRADER,BO331,Bulk Carrier,11.5,Ras Sem / Derna Offshore Approach (Libya),Cape Santa Maria di Leuca / Taranto Approach (Italy),33.611626,21.978281,12.7,331.3,330,0.1,Under way using engine,TARANTO,09-09 10:00,Normal,None,Crossing the Mediterranean Ridge along northbound fairway
2026-09-08 03:45:00,413289000,9324018,SILVER TRADER,BO331,Bulk Carrier,11.5,Ras Sem / Derna Offshore Approach (Libya),Cape Santa Maria di Leuca / Taranto Approach (Italy),33.620953,21.972181,12.8,331.3,330,-0.0,Under way using engine,TARANTO,09-09 10:00,Normal,None,Crossing the Mediterranean Ridge along northbound fairway
2026-09-08 03:48:00,413289000,9324018,SILVER TRADER,BO331,Bulk Carrier,11.5,Ras Sem / Derna Offshore Approach (Libya),Cape Santa Maria di Leuca / Taranto Approach (Italy),33.63031,21.966128,12.8,331.7,330,-0.1,Under way using engine,TARANTO,09-09 10:00,Normal,None,Crossing the Mediterranean Ridge along northbound fairway
2026-09-08 03:51:00,413289000,9324018,SILVER TRADER,BO331,Bulk Carrier,11.5,Ras Sem / Derna Offshore Approach (Libya),Cape Santa Maria di Leuca / Taranto Approach (Italy),33.639662,21.960099,12.7,331.6,330,0.1,Under way using engine,TARANTO,09-09 10:00,Normal,None,Crossing the Mediterranean Ridge along northbound fairway
2026-09-08 03:54:00,413289000,9324018,SILVER TRADER,BO331,Bulk Carrier,11.5,Ras Sem / Derna Offshore Approach (Libya),Cape Santa Maria di Leuca / Taranto Approach (Italy),33.648999,21.954076,12.7,332.3,331,-0.1,Under way using engine,TARANTO,09-09 10:00,Normal,None,Crossing the Mediterranean Ridge along northbound fairway
2026-09-08 03:57:00,413289000,9324018,SILVER TRADER,BO331,Bulk Carrier,11.5,Ras Sem / Derna Offshore Approach (Libya),Cape Santa Maria di Leuca / Taranto Approach (Italy),33.658408,21.948153,12.8,331.8,330,-0.0,Under way using engine,TARANTO,09-09 10:00,Normal,None,Crossing the Mediterranean Ridge along northbound fairway
2026-09-08 04:00:00,413289000,9324018,SILVER TRADER,BO331,Bulk Carrier,11.5,Ras Sem / Derna Offshore Approach (Libya),Cape Santa Maria di Leuca / Taranto Approach (Italy),33.66772,21.94203,12.8,331.1,329,0.1,Under way using engine,TARANTO,09-09 10:00,Normal,None,Crossing the Mediterranean Ridge along northbound fairway
2026-09-08 04:03:00,413289000,9324018,SILVER TRADER,BO331,Bulk Carrier,11.5,Ras Sem / Derna Offshore Approach (Libya),Cape Santa Maria di Leuca / Taranto Approach (Italy),33.677064,21.935976,12.7,331.6,330,-0.1,Under way using engine,TARANTO,09-09 10:00,Normal,None,Crossing the Mediterranean Ridge along northbound fairway
2026-09-08 04:06:00,413289000,9324018,SILVER TRADER,BO331,Bulk Carrier,11.5,Ras Sem / Derna Offshore Approach (Libya),Cape Santa Maria di Leuca / Taranto Approach (Italy),33.686371,21.929838,12.8,330.9,329,0.0,Under way using engine,TARANTO,09-09 10:00,Normal,None,Crossing the Mediterranean Ridge along northbound fairway
2026-09-08 04:09:00,413289000,9324018,SILVER TRADER,BO331,Bulk Carrier,11.5,Ras Sem / Derna Offshore Approach (Libya),Cape Santa Maria di Leuca / Taranto Approach (Italy),33.695662,21.923714,12.7,331.4,330,0.1,Under way using engine,TARANTO,09-09 10:00,Normal,None,Crossing the Mediterranean Ridge along northbound fairway
2026-09-08 04:12:00,413289000,9324018,SILVER TRADER,BO331,Bulk Carrier,11.5,Ras Sem / Derna Offshore Approach (Libya),Cape Santa Maria di Leuca / Taranto Approach (Italy),33.705055,21.917765,12.8,332.8,331,0.2,Under way using engine,TARANTO,09-09 10:00,Normal,None,Crossing the Mediterranean Ridge along northbound fairway
2026-09-08 04:15:00,413289000,9324018,SILVER TRADER,BO331,Bulk Carrier,11.5,Ras Sem / Derna Offshore Approach (Libya),Cape Santa Maria di Leuca / Taranto Approach (Italy),33.714461,21.911885,12.8,332.6,331,-0.1,Under way using engine,TARANTO,09-09 10:00,Normal,None,Crossing the Mediterranean Ridge along northbound fairway
2026-09-08 04:18:00,413289000,9324018,SILVER TRADER,BO331,Bulk Carrier,11.5,Ras Sem / Derna Offshore Approach (Libya),Cape Santa Maria di Leuca / Taranto Approach (Italy),33.723905,21.906034,12.7,332.1,331,-0.0,Under way using engine,TARANTO,09-09 10:00,Normal,None,Crossing the Mediterranean Ridge along northbound fairway
2026-09-08 04:21:00,413289000,9324018,SILVER TRADER,BO331,Bulk Carrier,11.5,Ras Sem / Derna Offshore Approach (Libya),Cape Santa Maria di Leuca / Taranto Approach (Italy),33.73325,21.900026,12.7,331.7,330,0.1,Under way using engine,TARANTO,09-09 10:00,Normal,None,Crossing the Mediterranean Ridge along northbound fairway
2026-09-08 04:24:00,413289000,9324018,SILVER TRADER,BO331,Bulk Carrier,11.5,Ras Sem / Derna Offshore Approach (Libya),Cape Santa Maria di Leuca / Taranto Approach (Italy),33.742619,21.894045,12.7,332.2,331,-0.1,Under way using engine,TARANTO,09-09 10:00,Normal,None,Crossing the Mediterranean Ridge along northbound fairway
2026-09-08 04:27:00,413289000,9324018,SILVER TRADER,BO331,Bulk Carrier,11.5,Ras Sem / Derna Offshore Approach (Libya),Cape Santa Maria di Leuca / Taranto Approach (Italy),33.752098,21.888251,12.7,333.0,331,-0.2,Under way using engine,TARANTO,09-09 10:00,Normal,None,Crossing the Mediterranean Ridge along northbound fairway
2026-09-08 04:30:00,413289000,9324018,SILVER TRADER,BO331,Bulk Carrier,11.5,Ras Sem / Derna Offshore Approach (Libya),Cape Santa Maria di Leuca / Taranto Approach (Italy),33.76149,21.882288,12.7,331.8,330,0.1,Under way using engine,TARANTO,09-09 10:00,Normal,None,Crossing the Mediterranean Ridge along northbound fairway
2026-09-08 04:33:00,413289000,9324018,SILVER TRADER,BO331,Bulk Carrier,11.5,Ras Sem / Derna Offshore Approach (Libya),Cape Santa Maria di Leuca / Taranto Approach (Italy),33.770868,21.876321,12.8,332.4,331,-0.1,Under way using engine,TARANTO,09-09 10:00,Normal,None,Crossing the Mediterranean Ridge along northbound fairway
2026-09-08 04:36:00,413289000,9324018,SILVER TRADER,BO331,Bulk Carrier,11.5,Ras Sem / Derna Offshore Approach (Libya),Cape Santa Maria di Leuca / Taranto Approach (Italy),33.78028,21.870442,12.7,332.4,331,0.0,Under way using engine,TARANTO,09-09 10:00,Normal,None,Crossing the Mediterranean Ridge along northbound fairway
2026-09-08 04:39:00,413289000,9324018,SILVER TRADER,BO331,Bulk Carrier,11.5,Ras Sem / Derna Offshore Approach (Libya),Cape Santa Maria di Leuca / Taranto Approach (Italy),33.789671,21.864482,12.7,331.7,330,-0.1,Under way using engine,TARANTO,09-09 10:00,Normal,None,Crossing the Mediterranean Ridge along northbound fairway
2026-09-08 04:42:00,413289000,9324018,SILVER TRADER,BO331,Bulk Carrier,11.5,Ras Sem / Derna Offshore Approach (Libya),Cape Santa Maria di Leuca / Taranto Approach (Italy),33.799078,21.858561,12.8,332.7,331,-0.0,Under way using engine,TARANTO,09-09 10:00,Normal,None,Crossing the Mediterranean Ridge along northbound fairway
2026-09-08 04:45:00,413289000,9324018,SILVER TRADER,BO331,Bulk Carrier,11.5,Ras Sem / Derna Offshore Approach (Libya),Cape Santa Maria di Leuca / Taranto Approach (Italy),33.808517,21.852736,12.8,333.0,331,0.1,Under way using engine,TARANTO,09-09 10:00,Normal,None,Crossing the Mediterranean Ridge along northbound fairway
2026-09-08 04:48:00,413289000,9324018,SILVER TRADER,BO331,Bulk Carrier,11.5,Ras Sem / Derna Offshore Approach (Libya),Cape Santa Maria di Leuca / Taranto Approach (Italy),33.817905,21.846779,12.7,331.9,330,-0.1,Under way using engine,TARANTO,09-09 10:00,Normal,None,Crossing the Mediterranean Ridge along northbound fairway
2026-09-08 04:51:00,413289000,9324018,SILVER TRADER,BO331,Bulk Carrier,11.5,Ras Sem / Derna Offshore Approach (Libya),Cape Santa Maria di Leuca / Taranto Approach (Italy),33.827259,21.840792,12.7,332.2,331,-0.0,Under way using engine,TARANTO,09-09 10:00,Normal,None,Crossing the Mediterranean Ridge along northbound fairway
2026-09-08 04:54:00,413289000,9324018,SILVER TRADER,BO331,Bulk Carrier,11.5,Ras Sem / Derna Offshore Approach (Libya),Cape Santa Maria di Leuca / Taranto Approach (Italy),33.836584,21.83474,12.8,331.9,330,0.0,Under way using engine,TARANTO,09-09 10:00,Normal,None,Crossing the Mediterranean Ridge along northbound fairway
2026-09-08 04:57:00,413289000,9324018,SILVER TRADER,BO331,Bulk Carrier,11.5,Ras Sem / Derna Offshore Approach (Libya),Cape Santa Maria di Leuca / Taranto Approach (Italy),33.845946,21.828712,12.8,331.7,330,0.3,Under way using engine,TARANTO,09-09 10:00,Normal,None,Crossing the Mediterranean Ridge along northbound fairway
2026-09-08 05:00:00,413289000,9324018,SILVER TRADER,BO331,Bulk Carrier,11.5,Ras Sem / Derna Offshore Approach (Libya),Cape Santa Maria di Leuca / Taranto Approach (Italy),33.855294,21.822661,12.8,332.0,330,0.0,Under way using engine,TARANTO,09-09 10:00,Normal,None,Crossing the Mediterranean Ridge along northbound fairway
2026-09-08 05:03:00,413289000,9324018,SILVER TRADER,BO331,Bulk Carrier,11.5,Ras Sem / Derna Offshore Approach (Libya),Cape Santa Maria di Leuca / Taranto Approach (Italy),33.864659,21.81664,12.7,331.7,330,-0.0,Under way using engine,TARANTO,09-09 10:00,Normal,None,Crossing the Mediterranean Ridge along northbound fairway
2026-09-08 05:06:00,413289000,9324018,SILVER TRADER,BO331,Bulk Carrier,11.5,Ras Sem / Derna Offshore Approach (Libya),Cape Santa Maria di Leuca / Taranto Approach (Italy),33.873976,21.810535,12.7,331.5,330,0.1,Under way using engine,TARANTO,09-09 10:00,Normal,None,Crossing the Mediterranean Ridge along northbound fairway
2026-09-08 05:09:00,413289000,9324018,SILVER TRADER,BO331,Bulk Carrier,11.5,Ras Sem / Derna Offshore Approach (Libya),Cape Santa Maria di Leuca / Taranto Approach (Italy),33.883245,21.804304,12.7,331.2,330,-0.0,Under way using engine,TARANTO,09-09 10:00,Normal,None,Crossing the Mediterranean Ridge along northbound fairway
2026-09-08 05:12:00,413289000,9324018,SILVER TRADER,BO331,Bulk Carrier,11.5,Ras Sem / Derna Offshore Approach (Libya),Cape Santa Maria di Leuca / Taranto Approach (Italy),33.892602,21.798307,12.7,332.0,331,-0.1,Under way using engine,TARANTO,09-09 10:00,Normal,None,Crossing the Mediterranean Ridge along northbound fairway
2026-09-08 05:15:00,413289000,9324018,SILVER TRADER,BO331,Bulk Carrier,11.5,Ras Sem / Derna Offshore Approach (Libya),Cape Santa Maria di Leuca / Taranto Approach (Italy),33.901945,21.792252,12.7,331.2,330,-0.1,Under way using engine,TARANTO,09-09 10:00,Normal,None,Crossing the Mediterranean Ridge along northbound fairway
2026-09-08 05:18:00,413289000,9324018,SILVER TRADER,BO331,Bulk Carrier,11.5,Ras Sem / Derna Offshore Approach (Libya),Cape Santa Maria di Leuca / Taranto Approach (Italy),33.911166,21.785957,12.7,330.2,329,0.1,Under way using engine,TARANTO,09-09 10:00,Normal,None,Crossing the Mediterranean Ridge along northbound fairway
2026-09-08 05:21:00,413289000,9324018,SILVER TRADER,BO331,Bulk Carrier,11.5,Ras Sem / Derna Offshore Approach (Libya),Cape Santa Maria di Leuca / Taranto Approach (Italy),33.920341,21.779593,12.7,329.9,328,-0.1,Under way using engine,TARANTO,09-09 10:00,Normal,None,Crossing the Mediterranean Ridge along northbound fairway
2026-09-08 05:24:00,413289000,9324018,SILVER TRADER,BO331,Bulk Carrier,11.5,Ras Sem / Derna Offshore Approach (Libya),Cape Santa Maria di Leuca / Taranto Approach (Italy),33.929609,21.773385,12.7,332.0,331,0.2,Under way using engine,TARANTO,09-09 10:00,Normal,None,Crossing the Mediterranean Ridge along northbound fairway
2026-09-08 05:27:00,413289000,9324018,SILVER TRADER,BO331,Bulk Carrier,11.5,Ras Sem / Derna Offshore Approach (Libya),Cape Santa Maria di Leuca / Taranto Approach (Italy),33.938944,21.767332,12.7,331.2,330,0.0,Under way using engine,TARANTO,09-09 10:00,Normal,None,Crossing the Mediterranean Ridge along northbound fairway
2026-09-08 05:30:00,413289000,9324018,SILVER TRADER,BO331,Bulk Carrier,11.5,Ras Sem / Derna Offshore Approach (Libya),Cape Santa Maria di Leuca / Taranto Approach (Italy),33.948236,21.761194,12.7,330.6,329,-0.1,Under way using engine,TARANTO,09-09 10:00,Normal,None,Crossing the Mediterranean Ridge along northbound fairway
2026-09-08 05:33:00,413289000,9324018,SILVER TRADER,BO331,Bulk Carrier,11.5,Ras Sem / Derna Offshore Approach (Libya),Cape Santa Maria di Leuca / Taranto Approach (Italy),33.957466,21.754885,12.7,330.3,329,0.1,Under way using engine,TARANTO,09-09 10:00,Normal,None,Crossing the Mediterranean Ridge along northbound fairway
2026-09-08 05:36:00,413289000,9324018,SILVER TRADER,BO331,Bulk Carrier,11.5,Ras Sem / Derna Offshore Approach (Libya),Cape Santa Maria di Leuca / Taranto Approach (Italy),33.966757,21.748707,12.7,331.5,330,0.0,Under way using engine,TARANTO,09-09 10:00,Normal,None,Crossing the Mediterranean Ridge along northbound fairway
2026-09-08 05:39:00,413289000,9324018,SILVER TRADER,BO331,Bulk Carrier,11.5,Ras Sem / Derna Offshore Approach (Libya),Cape Santa Maria di Leuca / Taranto Approach (Italy),33.976097,21.742625,12.8,331.7,330,-0.2,Under way using engine,TARANTO,09-09 10:00,Normal,None,Crossing the Mediterranean Ridge along northbound fairway
2026-09-08 05:42:00,413289000,9324018,SILVER TRADER,BO331,Bulk Carrier,11.5,Ras Sem / Derna Offshore Approach (Libya),Cape Santa Maria di Leuca / Taranto Approach (Italy),33.985405,21.736536,12.7,331.3,330,-0.1,Under way using engine,TARANTO,09-09 10:00,Normal,None,Crossing the Mediterranean Ridge along northbound fairway
2026-09-08 05:45:00,413289000,9324018,SILVER TRADER,BO331,Bulk Carrier,11.5,Ras Sem / Derna Offshore Approach (Libya),Cape Santa Maria di Leuca / Taranto Approach (Italy),33.994653,21.73032,12.6,330.8,329,0.0,Under way using engine,TARANTO,09-09 10:00,Normal,None,Crossing the Mediterranean Ridge along northbound fairway
2026-09-08 05:48:00,413289000,9324018,SILVER TRADER,BO331,Bulk Carrier,11.5,Ras Sem / Derna Offshore Approach (Libya),Cape Santa Maria di Leuca / Taranto Approach (Italy),34.004028,21.724339,12.7,331.4,330,-0.3,Under way using engine,TARANTO,09-09 10:00,Normal,None,Crossing the Mediterranean Ridge along northbound fairway
2026-09-08 05:51:00,413289000,9324018,SILVER TRADER,BO331,Bulk Carrier,11.5,Ras Sem / Derna Offshore Approach (Libya),Cape Santa Maria di Leuca / Taranto Approach (Italy),34.013275,21.718149,12.7,330.6,329,0.2,Under way using engine,TARANTO,09-09 10:00,Normal,None,Crossing the Mediterranean Ridge along northbound fairway
2026-09-08 05:54:00,413289000,9324018,SILVER TRADER,BO331,Bulk Carrier,11.5,Ras Sem / Derna Offshore Approach (Libya),Cape Santa Maria di Leuca / Taranto Approach (Italy),34.022504,21.711885,12.7,330.9,330,-0.0,Under way using engine,TARANTO,09-09 10:00,Normal,None,Crossing the Mediterranean Ridge along northbound fairway
2026-09-08 05:57:00,413289000,9324018,SILVER TRADER,BO331,Bulk Carrier,11.5,Ras Sem / Derna Offshore Approach (Libya),Cape Santa Maria di Leuca / Taranto Approach (Italy),34.031776,21.705737,12.8,331.7,330,0.1,Under way using engine,TARANTO,09-09 10:00,Normal,None,Crossing the Mediterranean Ridge along northbound fairway
2026-09-08 06:00:00,413289000,9324018,SILVER TRADER,BO331,Bulk Carrier,11.5,Ras Sem / Derna Offshore Approach (Libya),Cape Santa Maria di Leuca / Taranto Approach (Italy),34.041029,21.699561,12.7,331.1,330,-0.3,Under way using engine,TARANTO,09-09 10:00,Normal,None,Crossing the Mediterranean Ridge along northbound fairway
2026-09-08 06:03:00,413289000,9324018,SILVER TRADER,BO331,Bulk Carrier,11.5,Ras Sem / Derna Offshore Approach (Libya),Cape Santa Maria di Leuca / Taranto Approach (Italy),34.0503,21.693409,12.7,331.1,330,0.0,Under way using engine,TARANTO,09-09 10:00,Normal,None,Crossing the Mediterranean Ridge along northbound fairway
2026-09-08 06:06:00,413289000,9324018,SILVER TRADER,BO331,Bulk Carrier,11.5,Ras Sem / Derna Offshore Approach (Libya),Cape Santa Maria di Leuca / Taranto Approach (Italy),34.059564,21.687227,12.7,331.4,330,0.1,Under way using engine,TARANTO,09-09 10:00,Normal,None,Crossing the Mediterranean Ridge along northbound fairway
2026-09-08 06:09:00,413289000,9324018,SILVER TRADER,BO331,Bulk Carrier,11.5,Ras Sem / Derna Offshore Approach (Libya),Cape Santa Maria di Leuca / Taranto Approach (Italy),34.068856,21.681114,12.7,331.3,330,-0.1,Under way using engine,TARANTO,09-09 10:00,Normal,None,Crossing the Mediterranean Ridge along northbound fairway
2026-09-08 06:12:00,413289000,9324018,SILVER TRADER,BO331,Bulk Carrier,11.5,Ras Sem / Derna Offshore Approach (Libya),Cape Santa Maria di Leuca / Taranto Approach (Italy),34.078143,21.67496,12.7,331.5,330,0.1,Under way using engine,TARANTO,09-09 10:00,Normal,None,Crossing the Mediterranean Ridge along northbound fairway
2026-09-08 06:15:00,413289000,9324018,SILVER TRADER,BO331,Bulk Carrier,11.5,Ras Sem / Derna Offshore Approach (Libya),Cape Santa Maria di Leuca / Taranto Approach (Italy),34.087466,21.668883,12.7,331.7,330,-0.2,Under way using engine,TARANTO,09-09 10:00,Normal,None,Crossing the Mediterranean Ridge along northbound fairway
2026-09-08 06:18:00,413289000,9324018,SILVER TRADER,BO331,Bulk Carrier,11.5,Ras Sem / Derna Offshore Approach (Libya),Cape Santa Maria di Leuca / Taranto Approach (Italy),34.096791,21.662762,12.7,331.5,330,0.1,Under way using engine,TARANTO,09-09 10:00,Normal,None,Crossing the Mediterranean Ridge along northbound fairway
2026-09-08 06:21:00,413289000,9324018,SILVER TRADER,BO331,Bulk Carrier,11.5,Ras Sem / Derna Offshore Approach (Libya),Cape Santa Maria di Leuca / Taranto Approach (Italy),34.106055,21.656587,12.7,330.9,330,-0.1,Under way using engine,TARANTO,09-09 10:00,Normal,None,Crossing the Mediterranean Ridge along northbound fairway
2026-09-08 06:24:00,413289000,9324018,SILVER TRADER,BO331,Bulk Carrier,11.5,Ras Sem / Derna Offshore Approach (Libya),Cape Santa Maria di Leuca / Taranto Approach (Italy),34.115362,21.650477,12.7,331.4,330,-0.0,Under way using engine,TARANTO,09-09 10:00,Normal,None,Crossing the Mediterranean Ridge along northbound fairway
2026-09-08 06:27:00,413289000,9324018,SILVER TRADER,BO331,Bulk Carrier,11.5,Ras Sem / Derna Offshore Approach (Libya),Cape Santa Maria di Leuca / Taranto Approach (Italy),34.124675,21.644394,12.7,332.0,331,0.0,Under way using engine,TARANTO,09-09 10:00,Normal,None,Crossing the Mediterranean Ridge along northbound fairway
2026-09-08 06:30:00,413289000,9324018,SILVER TRADER,BO331,Bulk Carrier,11.5,Ras Sem / Derna Offshore Approach (Libya),Cape Santa Maria di Leuca / Taranto Approach (Italy),34.13403,21.63841,12.7,331.7,330,-0.3,Under way using engine,TARANTO,09-09 10:00,Normal,None,Crossing the Mediterranean Ridge along northbound fairway
2026-09-08 06:33:00,413289000,9324018,SILVER TRADER,BO331,Bulk Carrier,11.5,Ras Sem / Derna Offshore Approach (Libya),Cape Santa Maria di Leuca / Taranto Approach (Italy),34.143351,21.63229,12.7,331.7,330,0.0,Under way using engine,TARANTO,09-09 10:00,Normal,None,Crossing the Mediterranean Ridge along northbound fairway
2026-09-08 06:36:00,413289000,9324018,SILVER TRADER,BO331,Bulk Carrier,11.5,Ras Sem / Derna Offshore Approach (Libya),Cape Santa Maria di Leuca / Taranto Approach (Italy),34.152612,21.626079,12.7,330.6,329,-0.0,Under way using engine,TARANTO,09-09 10:00,Normal,None,Crossing the Mediterranean Ridge along northbound fairway
2026-09-08 06:39:00,413289000,9324018,SILVER TRADER,BO331,Bulk Carrier,11.5,Ras Sem / Derna Offshore Approach (Libya),Cape Santa Maria di Leuca / Taranto Approach (Italy),34.161848,21.619777,12.7,330.9,330,0.1,Under way using engine,TARANTO,09-09 10:00,Normal,None,Crossing the Mediterranean Ridge along northbound fairway
2026-09-08 06:42:00,413289000,9324018,SILVER TRADER,BO331,Bulk Carrier,11.5,Ras Sem / Derna Offshore Approach (Libya),Cape Santa Maria di Leuca / Taranto Approach (Italy),34.171147,21.613642,12.7,331.3,330,-0.1,Under way using engine,TARANTO,09-09 10:00,Normal,None,Crossing the Mediterranean Ridge along northbound fairway
2026-09-08 06:45:00,413289000,9324018,SILVER TRADER,BO331,Bulk Carrier,11.5,Ras Sem / Derna Offshore Approach (Libya),Cape Santa Maria di Leuca / Taranto Approach (Italy),34.180435,21.607426,12.8,330.6,329,-0.0,Under way using engine,TARANTO,09-09 10:00,Normal,None,Crossing the Mediterranean Ridge along northbound fairway
2026-09-08 06:48:00,413289000,9324018,SILVER TRADER,BO331,Bulk Carrier,11.5,Ras Sem / Derna Offshore Approach (Libya),Cape Santa Maria di Leuca / Taranto Approach (Italy),34.189693,21.601179,12.7,331.3,330,0.1,Under way using engine,TARANTO,09-09 10:00,Normal,None,Crossing the Mediterranean Ridge along northbound fairway
2026-09-08 06:51:00,413289000,9324018,SILVER TRADER,BO331,Bulk Carrier,11.5,Ras Sem / Derna Offshore Approach (Libya),Cape Santa Maria di Leuca / Taranto Approach (Italy),34.198977,21.595028,12.7,330.8,329,0.0,Under way using engine,TARANTO,09-09 10:00,Normal,None,Crossing the Mediterranean Ridge along northbound fairway
2026-09-08 06:54:00,413289000,9324018,SILVER TRADER,BO331,Bulk Carrier,11.5,Ras Sem / Derna Offshore Approach (Libya),Cape Santa Maria di Leuca / Taranto Approach (Italy),34.208279,21.588894,12.7,331.5,330,-0.2,Under way using engine,TARANTO,09-09 10:00,Normal,None,Crossing the Mediterranean Ridge along northbound fairway
2026-09-08 06:57:00,413289000,9324018,SILVER TRADER,BO331,Bulk Carrier,11.5,Ras Sem / Derna Offshore Approach (Libya),Cape Santa Maria di Leuca / Taranto Approach (Italy),34.217496,21.582624,12.7,330.3,329,0.1,Under way using engine,TARANTO,09-09 10:00,Normal,None,Crossing the Mediterranean Ridge along northbound fairway
2026-09-08 07:00:00,413289000,9324018,SILVER TRADER,BO331,Bulk Carrier,11.5,Ras Sem / Derna Offshore Approach (Libya),Cape Santa Maria di Leuca / Taranto Approach (Italy),34.226673,21.576268,12.7,330.7,329,-0.1,Under way using engine,TARANTO,09-09 10:00,Normal,None,Crossing the Mediterranean Ridge along northbound fairway
2026-09-08 07:03:00,413289000,9324018,SILVER TRADER,BO331,Bulk Carrier,11.5,Ras Sem / Derna Offshore Approach (Libya),Cape Santa Maria di Leuca / Taranto Approach (Italy),34.235933,21.570053,12.7,330.9,330,-0.0,Under way using engine,TARANTO,09-09 10:00,Normal,None,Crossing the Mediterranean Ridge along northbound fairway
2026-09-08 07:06:00,413289000,9324018,SILVER TRADER,BO331,Bulk Carrier,11.5,Ras Sem / Derna Offshore Approach (Libya),Cape Santa Maria di Leuca / Taranto Approach (Italy),34.245115,21.563644,12.7,330.0,329,0.1,Under way using engine,TARANTO,09-09 10:00,Normal,None,Crossing the Mediterranean Ridge along northbound fairway
2026-09-08 07:09:00,413289000,9324018,SILVER TRADER,BO331,Bulk Carrier,11.5,Ras Sem / Derna Offshore Approach (Libya),Cape Santa Maria di Leuca / Taranto Approach (Italy),34.25428,21.55724,12.7,330.0,329,-0.1,Under way using engine,TARANTO,09-09 10:00,Normal,None,Crossing the Mediterranean Ridge along northbound fairway
2026-09-08 07:12:00,413289000,9324018,SILVER TRADER,BO331,Bulk Carrier,11.5,Ras Sem / Derna Offshore Approach (Libya),Cape Santa Maria di Leuca / Taranto Approach (Italy),34.263411,21.55079,12.7,329.7,328,0.2,Under way using engine,TARANTO,09-09 10:00,Normal,None,Crossing the Mediterranean Ridge along northbound fairway
2026-09-08 07:15:00,413289000,9324018,SILVER TRADER,BO331,Bulk Carrier,11.5,Ras Sem / Derna Offshore Approach (Libya),Cape Santa Maria di Leuca / Taranto Approach (Italy),34.272599,21.544403,12.7,330.0,329,0.0,Under way using engine,TARANTO,09-09 10:00,Normal,None,Crossing the Mediterranean Ridge along northbound fairway
2026-09-08 07:18:00,413289000,9324018,SILVER TRADER,BO331,Bulk Carrier,11.5,Ras Sem / Derna Offshore Approach (Libya),Cape Santa Maria di Leuca / Taranto Approach (Italy),34.281869,21.538191,12.7,331.0,330,0.0,Under way using engine,TARANTO,09-09 10:00,Normal,None,Crossing the Mediterranean Ridge along northbound fairway
2026-09-08 07:21:00,413289000,9324018,SILVER TRADER,BO331,Bulk Carrier,11.5,Ras Sem / Derna Offshore Approach (Libya),Cape Santa Maria di Leuca / Taranto Approach (Italy),34.2911,21.531955,12.7,330.2,329,-0.0,Under way using engine,TARANTO,09-09 10:00,Normal,None,Crossing the Mediterranean Ridge along northbound fairway
2026-09-08 07:24:00,413289000,9324018,SILVER TRADER,BO331,Bulk Carrier,11.5,Ras Sem / Derna Offshore Approach (Libya),Cape Santa Maria di Leuca / Taranto Approach (Italy),34.300308,21.525614,12.8,330.4,329,0.1,Under way using engine,TARANTO,09-09 10:00,Normal,None,Crossing the Mediterranean Ridge along northbound fairway
2026-09-08 07:27:00,413289000,9324018,SILVER TRADER,BO331,Bulk Carrier,11.5,Ras Sem / Derna Offshore Approach (Libya),Cape Santa Maria di Leuca / Taranto Approach (Italy),34.30957,21.519391,12.7,331.6,330,0.1,Under way using engine,TARANTO,09-09 10:00,Normal,None,Crossing the Mediterranean Ridge along northbound fairway
2026-09-08 07:30:00,413289000,9324018,SILVER TRADER,BO331,Bulk Carrier,11.5,Ras Sem / Derna Offshore Approach (Libya),Cape Santa Maria di Leuca / Taranto Approach (Italy),34.318841,21.513191,12.7,331.3,330,0.0,Under way using engine,TARANTO,09-09 10:00,Normal,None,Crossing the Mediterranean Ridge along northbound fairway
2026-09-08 07:33:00,413289000,9324018,SILVER TRADER,BO331,Bulk Carrier,11.5,Ras Sem / Derna Offshore Approach (Libya),Cape Santa Maria di Leuca / Taranto Approach (Italy),34.328089,21.506958,12.7,330.6,329,-0.2,Under way using engine,TARANTO,09-09 10:00,Normal,None,Crossing the Mediterranean Ridge along northbound fairway
2026-09-08 07:36:00,413289000,9324018,SILVER TRADER,BO331,Bulk Carrier,11.5,Ras Sem / Derna Offshore Approach (Libya),Cape Santa Maria di Leuca / Taranto Approach (Italy),34.337381,21.500768,12.8,331.6,330,-0.1,Under way using engine,TARANTO,09-09 10:00,Normal,None,Crossing the Mediterranean Ridge along northbound fairway
2026-09-08 07:39:00,413289000,9324018,SILVER TRADER,BO331,Bulk Carrier,11.5,Ras Sem / Derna Offshore Approach (Libya),Cape Santa Maria di Leuca / Taranto Approach (Italy),34.346663,21.494595,12.7,331.1,330,-0.1,Under way using engine,TARANTO,09-09 10:00,Normal,None,Crossing the Mediterranean Ridge along northbound fairway
2026-09-08 07:42:00,413289000,9324018,SILVER TRADER,BO331,Bulk Carrier,11.5,Ras Sem / Derna Offshore Approach (Libya),Cape Santa Maria di Leuca / Taranto Approach (Italy),34.355929,21.488361,12.8,331.3,330,0.1,Under way using engine,TARANTO,09-09 10:00,Normal,None,Crossing the Mediterranean Ridge along northbound fairway
2026-09-08 07:45:00,413289000,9324018,SILVER TRADER,BO331,Bulk Carrier,11.5,Ras Sem / Derna Offshore Approach (Libya),Cape Santa Maria di Leuca / Taranto Approach (Italy),34.365115,21.481981,12.7,329.4,328,0.0,Under way using engine,TARANTO,09-09 10:00,Normal,None,Crossing the Mediterranean Ridge along northbound fairway
2026-09-08 07:48:00,413289000,9324018,SILVER TRADER,BO331,Bulk Carrier,11.5,Ras Sem / Derna Offshore Approach (Libya),Cape Santa Maria di Leuca / Taranto Approach (Italy),34.37425,21.47548,12.7,330.4,329,0.1,Under way using engine,TARANTO,09-09 10:00,Normal,None,Crossing the Mediterranean Ridge along northbound fairway
2026-09-08 07:51:00,413289000,9324018,SILVER TRADER,BO331,Bulk Carrier,11.5,Ras Sem / Derna Offshore Approach (Libya),Cape Santa Maria di Leuca / Taranto Approach (Italy),34.383456,21.469136,12.7,330.7,329,-0.2,Under way using engine,TARANTO,09-09 10:00,Normal,None,Crossing the Mediterranean Ridge along northbound fairway
2026-09-08 07:54:00,413289000,9324018,SILVER TRADER,BO331,Bulk Carrier,11.5,Ras Sem / Derna Offshore Approach (Libya),Cape Santa Maria di Leuca / Taranto Approach (Italy),34.39267,21.462837,12.7,330.2,329,-0.0,Under way using engine,TARANTO,09-09 10:00,Normal,None,Crossing the Mediterranean Ridge along northbound fairway
2026-09-08 07:57:00,413289000,9324018,SILVER TRADER,BO331,Bulk Carrier,11.5,Ras Sem / Derna Offshore Approach (Libya),Cape Santa Maria di Leuca / Taranto Approach (Italy),34.401848,21.45647,12.7,331.0,330,0.2,Under way using engine,TARANTO,09-09 10:00,Normal,None,Crossing the Mediterranean Ridge along northbound fairway
2026-09-08 08:00:00,413289000,9324018,SILVER TRADER,BO331,Bulk Carrier,11.5,Ras Sem / Derna Offshore Approach (Libya),Cape Santa Maria di Leuca / Taranto Approach (Italy),34.411107,21.450247,12.7,330.7,329,-0.1,Under way using engine,TARANTO,09-09 10:00,Normal,None,Crossing the Mediterranean Ridge along northbound fairway
2026-09-08 08:03:00,413289000,9324018,SILVER TRADER,BO331,Bulk Carrier,11.5,Ras Sem / Derna Offshore Approach (Libya),Cape Santa Maria di Leuca / Taranto Approach (Italy),34.420346,21.443969,12.6,330.4,329,0.0,Under way using engine,TARANTO,09-09 10:00,Normal,None,Crossing the Mediterranean Ridge along northbound fairway
2026-09-08 08:06:00,413289000,9324018,SILVER TRADER,BO331,Bulk Carrier,11.5,Ras Sem / Derna Offshore Approach (Libya),Cape Santa Maria di Leuca / Taranto Approach (Italy),34.429543,21.437551,12.7,330.4,329,0.0,Under way using engine,TARANTO,09-09 10:00,Normal,None,Crossing the Mediterranean Ridge along northbound fairway
2026-09-08 08:09:00,413289000,9324018,SILVER TRADER,BO331,Bulk Carrier,11.5,Ras Sem / Derna Offshore Approach (Libya),Cape Santa Maria di Leuca / Taranto Approach (Italy),34.438754,21.431164,12.7,330.5,329,0.0,Under way using engine,TARANTO,09-09 10:00,Normal,None,Crossing the Mediterranean Ridge along northbound fairway
2026-09-08 08:12:00,413289000,9324018,SILVER TRADER,BO331,Bulk Carrier,11.5,Ras Sem / Derna Offshore Approach (Libya),Cape Santa Maria di Leuca / Taranto Approach (Italy),34.447952,21.424763,12.7,330.1,329,0.0,Under way using engine,TARANTO,09-09 10:00,Normal,None,Crossing the Mediterranean Ridge along northbound fairway
2026-09-08 08:15:00,413289000,9324018,SILVER TRADER,BO331,Bulk Carrier,11.5,Ras Sem / Derna Offshore Approach (Libya),Cape Santa Maria di Leuca / Taranto Approach (Italy),34.457105,21.418334,12.7,329.9,329,0.1,Under way using engine,TARANTO,09-09 10:00,Normal,None,Crossing the Mediterranean Ridge along northbound fairway
2026-09-08 08:18:00,413289000,9324018,SILVER TRADER,BO331,Bulk Carrier,11.5,Ras Sem / Derna Offshore Approach (Libya),Cape Santa Maria di Leuca / Taranto Approach (Italy),34.466303,21.411995,12.7,330.4,329,-0.1,Under way using engine,TARANTO,09-09 10:00,Normal,None,Crossing the Mediterranean Ridge along northbound fairway
2026-09-08 08:21:00,413289000,9324018,SILVER TRADER,BO331,Bulk Carrier,11.5,Ras Sem / Derna Offshore Approach (Libya),Cape Santa Maria di Leuca / Taranto Approach (Italy),34.475509,21.405627,12.7,330.7,329,-0.1,Under way using engine,TARANTO,09-09 10:00,Normal,None,Crossing the Mediterranean Ridge along northbound fairway
2026-09-08 08:24:00,413289000,9324018,SILVER TRADER,BO331,Bulk Carrier,11.5,Ras Sem / Derna Offshore Approach (Libya),Cape Santa Maria di Leuca / Taranto Approach (Italy),34.484771,21.399343,12.8,330.5,329,-0.0,Under way using engine,TARANTO,09-09 10:00,Normal,None,Crossing the Mediterranean Ridge along northbound fairway
2026-09-08 08:27:00,413289000,9324018,SILVER TRADER,BO331,Bulk Carrier,11.5,Ras Sem / Derna Offshore Approach (Libya),Cape Santa Maria di Leuca / Taranto Approach (Italy),34.49392,21.392877,12.7,329.2,328,-0.1,Under way using engine,TARANTO,09-09 10:00,Normal,None,Crossing the Mediterranean Ridge along northbound fairway
2026-09-08 08:30:00,413289000,9324018,SILVER TRADER,BO331,Bulk Carrier,11.5,Ras Sem / Derna Offshore Approach (Libya),Cape Santa Maria di Leuca / Taranto Approach (Italy),34.503085,21.386421,12.7,330.4,329,-0.1,Under way using engine,TARANTO,09-09 10:00,Normal,None,Crossing the Mediterranean Ridge along northbound fairway
2026-09-08 08:33:00,413289000,9324018,SILVER TRADER,BO331,Bulk Carrier,11.5,Ras Sem / Derna Offshore Approach (Libya),Cape Santa Maria di Leuca / Taranto Approach (Italy),34.512333,21.38015,12.7,330.9,330,-0.1,Under way using engine,TARANTO,09-09 10:00,Normal,None,Crossing the Mediterranean Ridge along northbound fairway
2026-09-08 08:36:00,413289000,9324018,SILVER TRADER,BO331,Bulk Carrier,11.5,Ras Sem / Derna Offshore Approach (Libya),Cape Santa Maria di Leuca / Taranto Approach (Italy),34.521551,21.373792,12.7,330.1,329,0.0,Under way using engine,TARANTO,09-09 10:00,Normal,None,Crossing the Mediterranean Ridge along northbound fairway
2026-09-08 08:39:00,413289000,9324018,SILVER TRADER,BO331,Bulk Carrier,11.5,Ras Sem / Derna Offshore Approach (Libya),Cape Santa Maria di Leuca / Taranto Approach (Italy),34.53077,21.367444,12.7,330.3,329,0.0,Under way using engine,TARANTO,09-09 10:00,Normal,None,Crossing the Mediterranean Ridge along northbound fairway
2026-09-08 08:42:00,413289000,9324018,SILVER TRADER,BO331,Bulk Carrier,11.5,Ras Sem / Derna Offshore Approach (Libya),Cape Santa Maria di Leuca / Taranto Approach (Italy),34.539962,21.361047,12.7,329.9,329,-0.2,Under way using engine,TARANTO,09-09 10:00,Normal,None,Crossing the Mediterranean Ridge along northbound fairway
2026-09-08 08:45:00,413289000,9324018,SILVER TRADER,BO331,Bulk Carrier,11.5,Ras Sem / Derna Offshore Approach (Libya),Cape Santa Maria di Leuca / Taranto Approach (Italy),34.549086,21.354516,12.7,329.2,328,-0.1,Under way using engine,TARANTO,09-09 10:00,Normal,None,Crossing the Mediterranean Ridge along northbound fairway
2026-09-08 08:48:00,413289000,9324018,SILVER TRADER,BO331,Bulk Carrier,11.5,Ras Sem / Derna Offshore Approach (Libya),Cape Santa Maria di Leuca / Taranto Approach (Italy),34.558271,21.348081,12.7,329.8,329,-0.1,Under way using engine,TARANTO,09-09 10:00,Normal,None,Crossing the Mediterranean Ridge along northbound fairway
2026-09-08 08:51:00,413289000,9324018,SILVER TRADER,BO331,Bulk Carrier,11.5,Ras Sem / Derna Offshore Approach (Libya),Cape Santa Maria di Leuca / Taranto Approach (Italy),34.567454,21.34164,12.7,329.5,328,0.0,Under way using engine,TARANTO,09-09 10:00,Normal,None,Crossing the Mediterranean Ridge along northbound fairway
2026-09-08 08:54:00,413289000,9324018,SILVER TRADER,BO331,Bulk Carrier,11.5,Ras Sem / Derna Offshore Approach (Libya),Cape Santa Maria di Leuca / Taranto Approach (Italy),34.576604,21.335196,12.7,330.0,329,-0.1,Under way using engine,TARANTO,09-09 10:00,Normal,None,Crossing the Mediterranean Ridge along northbound fairway
2026-09-08 08:57:00,413289000,9324018,SILVER TRADER,BO331,Bulk Carrier,11.5,Ras Sem / Derna Offshore Approach (Libya),Cape Santa Maria di Leuca / Taranto Approach (Italy),34.585839,21.328888,12.7,330.8,330,0.1,Under way using engine,TARANTO,09-09 10:00,Normal,None,Crossing the Mediterranean Ridge along northbound fairway
2026-09-08 09:00:00,413289000,9324018,SILVER TRADER,BO331,Bulk Carrier,11.5,Ras Sem / Derna Offshore Approach (Libya),Cape Santa Maria di Leuca / Taranto Approach (Italy),34.595045,21.322507,12.7,330.3,329,-0.0,Under way using engine,TARANTO,09-09 10:00,Normal,None,Crossing the Mediterranean Ridge along northbound fairway
2026-09-08 09:03:00,413289000,9324018,SILVER TRADER,BO331,Bulk Carrier,11.5,Ras Sem / Derna Offshore Approach (Libya),Cape Santa Maria di Leuca / Taranto Approach (Italy),34.604266,21.316132,12.8,330.2,329,-0.2,Under way using engine,TARANTO,09-09 10:00,Normal,None,Crossing the Mediterranean Ridge along northbound fairway
2026-09-08 09:06:00,413289000,9324018,SILVER TRADER,BO331,Bulk Carrier,11.5,Ras Sem / Derna Offshore Approach (Libya),Cape Santa Maria di Leuca / Taranto Approach (Italy),34.613387,21.309614,12.7,329.6,328,0.1,Under way using engine,TARANTO,09-09 10:00,Normal,None,Crossing the Mediterranean Ridge along northbound fairway
2026-09-08 09:09:00,413289000,9324018,SILVER TRADER,BO331,Bulk Carrier,11.5,Ras Sem / Derna Offshore Approach (Libya),Cape Santa Maria di Leuca / Taranto Approach (Italy),34.622522,21.303082,12.7,329.9,329,0.1,Under way using engine,TARANTO,09-09 10:00,Normal,None,Crossing the Mediterranean Ridge along northbound fairway
2026-09-08 09:12:00,413289000,9324018,SILVER TRADER,BO331,Bulk Carrier,11.5,Ras Sem / Derna Offshore Approach (Libya),Cape Santa Maria di Leuca / Taranto Approach (Italy),34.631739,21.296698,12.7,330.5,329,-0.0,Under way using engine,TARANTO,09-09 10:00,Normal,None,Crossing the Mediterranean Ridge along northbound fairway
2026-09-08 09:15:00,413289000,9324018,SILVER TRADER,BO331,Bulk Carrier,11.5,Ras Sem / Derna Offshore Approach (Libya),Cape Santa Maria di Leuca / Taranto Approach (Italy),34.640862,21.290196,12.7,329.4,328,0.1,Under way using engine,TARANTO,09-09 10:00,Normal,None,Crossing the Mediterranean Ridge along northbound fairway
2026-09-08 09:18:00,413289000,9324018,SILVER TRADER,BO331,Bulk Carrier,11.5,Ras Sem / Derna Offshore Approach (Libya),Cape Santa Maria di Leuca / Taranto Approach (Italy),34.650017,21.283687,12.8,330.1,329,-0.0,Under way using engine,TARANTO,09-09 10:00,Normal,None,Crossing the Mediterranean Ridge along northbound fairway
2026-09-08 09:21:00,413289000,9324018,SILVER TRADER,BO331,Bulk Carrier,11.5,Ras Sem / Derna Offshore Approach (Libya),Cape Santa Maria di Leuca / Taranto Approach (Italy),34.659159,21.277183,12.8,329.9,329,0.1,Under way using engine,TARANTO,09-09 10:00,Normal,None,Crossing the Mediterranean Ridge along northbound fairway
2026-09-08 09:24:00,413289000,9324018,SILVER TRADER,BO331,Bulk Carrier,11.5,Ras Sem / Derna Offshore Approach (Libya),Cape Santa Maria di Leuca / Taranto Approach (Italy),34.668357,21.270742,12.8,329.8,329,-0.1,Under way using engine,TARANTO,09-09 10:00,Normal,None,Crossing the Mediterranean Ridge along northbound fairway
2026-09-08 09:27:00,413289000,9324018,SILVER TRADER,BO331,Bulk Carrier,11.5,Ras Sem / Derna Offshore Approach (Libya),Cape Santa Maria di Leuca / Taranto Approach (Italy),34.677524,21.264276,12.7,329.8,329,-0.2,Under way using engine,TARANTO,09-09 10:00,Normal,None,Crossing the Mediterranean Ridge along northbound fairway
2026-09-08 09:30:00,413289000,9324018,SILVER TRADER,BO331,Bulk Carrier,11.5,Ras Sem / Derna Offshore Approach (Libya),Cape Santa Maria di Leuca / Taranto Approach (Italy),34.686679,21.257777,12.7,329.5,328,-0.0,Under way using engine,TARANTO,09-09 10:00,Normal,None,Crossing the Mediterranean Ridge along northbound fairway
2026-09-08 09:33:00,413289000,9324018,SILVER TRADER,BO331,Bulk Carrier,11.5,Ras Sem / Derna Offshore Approach (Libya),Cape Santa Maria di Leuca / Taranto Approach (Italy),34.695769,21.251099,12.8,328.5,327,0.2,Under way using engine,TARANTO,09-09 10:00,Normal,None,Crossing the Mediterranean Ridge along northbound fairway
2026-09-08 09:36:00,413289000,9324018,SILVER TRADER,BO331,Bulk Carrier,11.5,Ras Sem / Derna Offshore Approach (Libya),Cape Santa Maria di Leuca / Taranto Approach (Italy),34.704844,21.244417,12.7,329.1,328,0.2,Under way using engine,TARANTO,09-09 10:00,Normal,None,Crossing the Mediterranean Ridge along northbound fairway
2026-09-08 09:39:00,413289000,9324018,SILVER TRADER,BO331,Bulk Carrier,11.5,Ras Sem / Derna Offshore Approach (Libya),Cape Santa Maria di Leuca / Taranto Approach (Italy),34.713945,21.237747,12.7,328.8,328,0.1,Under way using engine,TARANTO,09-09 10:00,Normal,None,Crossing the Mediterranean Ridge along northbound fairway
2026-09-08 09:42:00,413289000,9324018,SILVER TRADER,BO331,Bulk Carrier,11.5,Ras Sem / Derna Offshore Approach (Libya),Cape Santa Maria di Leuca / Taranto Approach (Italy),34.723036,21.231072,12.7,329.0,328,-0.1,Under way using engine,TARANTO,09-09 10:00,Normal,None,Crossing the Mediterranean Ridge along northbound fairway
2026-09-08 09:45:00,413289000,9324018,SILVER TRADER,BO331,Bulk Carrier,11.5,Ras Sem / Derna Offshore Approach (Libya),Cape Santa Maria di Leuca / Taranto Approach (Italy),34.732196,21.224567,12.7,329.9,329,0.1,Under way using engine,TARANTO,09-09 10:00,Normal,None,Crossing the Mediterranean Ridge along northbound fairway
2026-09-08 09:48:00,413289000,9324018,SILVER TRADER,BO331,Bulk Carrier,11.5,Ras Sem / Derna Offshore Approach (Libya),Cape Santa Maria di Leuca / Taranto Approach (Italy),34.741324,21.21798,12.7,329.1,328,-0.1,Under way using engine,TARANTO,09-09 10:00,Normal,None,Crossing the Mediterranean Ridge along northbound fairway
2026-09-08 09:51:00,413289000,9324018,SILVER TRADER,BO331,Bulk Carrier,11.5,Ras Sem / Derna Offshore Approach (Libya),Cape Santa Maria di Leuca / Taranto Approach (Italy),34.750484,21.211452,12.7,329.0,328,-0.1,Under way using engine,TARANTO,09-09 10:00,Normal,None,Crossing the Mediterranean Ridge along northbound fairway
2026-09-08 09:54:00,413289000,9324018,SILVER TRADER,BO331,Bulk Carrier,11.5,Ras Sem / Derna Offshore Approach (Libya),Cape Santa Maria di Leuca / Taranto Approach (Italy),34.759567,21.204781,12.7,328.5,327,-0.0,Under way using engine,TARANTO,09-09 10:00,Normal,None,Crossing the Mediterranean Ridge along northbound fairway
2026-09-08 09:57:00,413289000,9324018,SILVER TRADER,BO331,Bulk Carrier,11.5,Ras Sem / Derna Offshore Approach (Libya),Cape Santa Maria di Leuca / Taranto Approach (Italy),34.768617,21.198032,12.7,329.3,328,0.0,Under way using engine,TARANTO,09-09 10:00,Normal,None,Crossing the Mediterranean Ridge along northbound fairway
2026-09-08 10:00:00,413289000,9324018,SILVER TRADER,BO331,Bulk Carrier,11.5,Ras Sem / Derna Offshore Approach (Libya),Cape Santa Maria di Leuca / Taranto Approach (Italy),34.777679,21.191327,12.8,329.0,328,0.0,Under way using engine,TARANTO,09-09 10:00,Normal,None,Crossing the Mediterranean Ridge along northbound fairway
2026-09-08 10:03:00,413289000,9324018,SILVER TRADER,BO331,Bulk Carrier,11.5,Ras Sem / Derna Offshore Approach (Libya),Cape Santa Maria di Leuca / Taranto Approach (Italy),34.786785,21.184704,12.7,328.9,328,0.1,Under way using engine,TARANTO,09-09 10:00,Normal,None,Crossing the Mediterranean Ridge along northbound fairway
2026-09-08 10:06:00,413289000,9324018,SILVER TRADER,BO331,Bulk Carrier,11.5,Ras Sem / Derna Offshore Approach (Libya),Cape Santa Maria di Leuca / Taranto Approach (Italy),34.795805,21.177883,12.7,328.3,327,-0.1,Under way using engine,TARANTO,09-09 10:00,Normal,None,Crossing the Mediterranean Ridge along northbound fairway
2026-09-08 10:09:00,413289000,9324018,SILVER TRADER,BO331,Bulk Carrier,11.5,Ras Sem / Derna Offshore Approach (Libya),Cape Santa Maria di Leuca / Taranto Approach (Italy),34.804866,21.171174,12.7,328.8,328,0.2,Under way using engine,TARANTO,09-09 10:00,Normal,None,Crossing the Mediterranean Ridge along northbound fairway
2026-09-08 10:12:00,413289000,9324018,SILVER TRADER,BO331,Bulk Carrier,11.5,Ras Sem / Derna Offshore Approach (Libya),Cape Santa Maria di Leuca / Taranto Approach (Italy),34.813911,21.164443,12.8,328.7,328,0.1,Under way using engine,TARANTO,09-09 10:00,Normal,None,Crossing the Mediterranean Ridge along northbound fairway
2026-09-08 10:15:00,413289000,9324018,SILVER TRADER,BO331,Bulk Carrier,11.5,Ras Sem / Derna Offshore Approach (Libya),Cape Santa Maria di Leuca / Taranto Approach (Italy),34.823068,21.157904,12.7,329.9,329,-0.1,Under way using engine,TARANTO,09-09 10:00,Normal,None,Crossing the Mediterranean Ridge along northbound fairway
2026-09-08 10:18:00,413289000,9324018,SILVER TRADER,BO331,Bulk Carrier,11.5,Ras Sem / Derna Offshore Approach (Libya),Cape Santa Maria di Leuca / Taranto Approach (Italy),34.832211,21.151347,12.7,328.9,328,0.2,Under way using engine,TARANTO,09-09 10:00,Normal,None,Crossing the Mediterranean Ridge along northbound fairway
2026-09-08 10:21:00,413289000,9324018,SILVER TRADER,BO331,Bulk Carrier,11.5,Ras Sem / Derna Offshore Approach (Libya),Cape Santa Maria di Leuca / Taranto Approach (Italy),34.841284,21.144598,12.8,327.9,327,-0.2,Under way using engine,TARANTO,09-09 10:00,Normal,None,Crossing the Mediterranean Ridge along northbound fairway
2026-09-08 10:24:00,413289000,9324018,SILVER TRADER,BO331,Bulk Carrier,11.5,Ras Sem / Derna Offshore Approach (Libya),Cape Santa Maria di Leuca / Taranto Approach (Italy),34.850307,21.137774,12.7,328.5,327,-0.2,Under way using engine,TARANTO,09-09 10:00,Normal,None,Crossing the Mediterranean Ridge along northbound fairway
2026-09-08 10:27:00,413289000,9324018,SILVER TRADER,BO331,Bulk Carrier,11.5,Ras Sem / Derna Offshore Approach (Libya),Cape Santa Maria di Leuca / Taranto Approach (Italy),34.859384,21.131051,12.7,328.8,328,-0.4,Under way using engine,TARANTO,09-09 10:00,Normal,None,Steady commercial bulk transit across central Ionian Sea
2026-09-08 10:30:00,413289000,9324018,SILVER TRADER,BO331,Bulk Carrier,11.5,Ras Sem / Derna Offshore Approach (Libya),Cape Santa Maria di Leuca / Taranto Approach (Italy),34.868347,21.124095,12.8,326.4,325,0.2,Under way using engine,TARANTO,09-09 10:00,Normal,None,Steady commercial bulk transit across central Ionian Sea
2026-09-08 10:33:00,413289000,9324018,SILVER TRADER,BO331,Bulk Carrier,11.5,Ras Sem / Derna Offshore Approach (Libya),Cape Santa Maria di Leuca / Taranto Approach (Italy),34.877239,21.117033,12.7,327.6,326,-0.0,Under way using engine,TARANTO,09-09 10:00,Normal,None,Steady commercial bulk transit across central Ionian Sea
2026-09-08 10:36:00,413289000,9324018,SILVER TRADER,BO331,Bulk Carrier,11.5,Ras Sem / Derna Offshore Approach (Libya),Cape Santa Maria di Leuca / Taranto Approach (Italy),34.886155,21.110035,12.7,327.2,326,0.0,Under way using engine,TARANTO,09-09 10:00,Normal,None,Steady commercial bulk transit across central Ionian Sea
2026-09-08 10:39:00,413289000,9324018,SILVER TRADER,BO331,Bulk Carrier,11.5,Ras Sem / Derna Offshore Approach (Libya),Cape Santa Maria di Leuca / Taranto Approach (Italy),34.895111,21.103113,12.7,327.2,326,-0.1,Under way using engine,TARANTO,09-09 10:00,Normal,None,Steady commercial bulk transit across central Ionian Sea
2026-09-08 10:42:00,413289000,9324018,SILVER TRADER,BO331,Bulk Carrier,11.5,Ras Sem / Derna Offshore Approach (Libya),Cape Santa Maria di Leuca / Taranto Approach (Italy),34.904098,21.096203,12.8,327.8,327,0.1,Under way using engine,TARANTO,09-09 10:00,Normal,None,Steady commercial bulk transit across central Ionian Sea
2026-09-08 10:45:00,413289000,9324018,SILVER TRADER,BO331,Bulk Carrier,11.5,Ras Sem / Derna Offshore Approach (Libya),Cape Santa Maria di Leuca / Taranto Approach (Italy),34.913102,21.089371,12.7,327.9,327,-0.1,Under way using engine,TARANTO,09-09 10:00,Normal,None,Steady commercial bulk transit across central Ionian Sea
2026-09-08 10:48:00,413289000,9324018,SILVER TRADER,BO331,Bulk Carrier,11.5,Ras Sem / Derna Offshore Approach (Libya),Cape Santa Maria di Leuca / Taranto Approach (Italy),34.922073,21.082472,12.8,328.2,327,0.2,Under way using engine,TARANTO,09-09 10:00,Normal,None,Steady commercial bulk transit across central Ionian Sea
2026-09-08 10:51:00,413289000,9324018,SILVER TRADER,BO331,Bulk Carrier,11.5,Ras Sem / Derna Offshore Approach (Libya),Cape Santa Maria di Leuca / Taranto Approach (Italy),34.931123,21.075669,12.8,328.1,327,-0.2,Under way using engine,TARANTO,09-09 10:00,Normal,None,Steady commercial bulk transit across central Ionian Sea
2026-09-08 10:54:00,413289000,9324018,SILVER TRADER,BO331,Bulk Carrier,11.5,Ras Sem / Derna Offshore Approach (Libya),Cape Santa Maria di Leuca / Taranto Approach (Italy),34.94014,21.068833,12.7,327.8,327,-0.1,Under way using engine,TARANTO,09-09 10:00,Normal,None,Steady commercial bulk transit across central Ionian Sea
2026-09-08 10:57:00,413289000,9324018,SILVER TRADER,BO331,Bulk Carrier,11.5,Ras Sem / Derna Offshore Approach (Libya),Cape Santa Maria di Leuca / Taranto Approach (Italy),34.949064,21.061808,12.8,327.1,326,0.2,Under way using engine,TARANTO,09-09 10:00,Normal,None,Steady commercial bulk transit across central Ionian Sea
2026-09-08 11:00:00,413289000,9324018,SILVER TRADER,BO331,Bulk Carrier,11.5,Ras Sem / Derna Offshore Approach (Libya),Cape Santa Maria di Leuca / Taranto Approach (Italy),34.957996,21.054841,12.7,327.4,326,0.1,Under way using engine,TARANTO,09-09 10:00,Normal,None,Steady commercial bulk transit across central Ionian Sea
2026-09-08 11:03:00,413289000,9324018,SILVER TRADER,BO331,Bulk Carrier,11.5,Ras Sem / Derna Offshore Approach (Libya),Cape Santa Maria di Leuca / Taranto Approach (Italy),34.966894,21.047778,12.7,327.0,326,-0.2,Under way using engine,TARANTO,09-09 10:00,Normal,None,Steady commercial bulk transit across central Ionian Sea
2026-09-08 11:06:00,413289000,9324018,SILVER TRADER,BO331,Bulk Carrier,11.5,Ras Sem / Derna Offshore Approach (Libya),Cape Santa Maria di Leuca / Taranto Approach (Italy),34.975825,21.040747,12.7,326.5,325,-0.2,Under way using engine,TARANTO,09-09 10:00,Normal,None,Steady commercial bulk transit across central Ionian Sea
2026-09-08 11:09:00,413289000,9324018,SILVER TRADER,BO331,Bulk Carrier,11.5,Ras Sem / Derna Offshore Approach (Libya),Cape Santa Maria di Leuca / Taranto Approach (Italy),34.984765,21.033696,12.8,327.1,326,0.0,Under way using engine,TARANTO,09-09 10:00,Normal,None,Steady commercial bulk transit across central Ionian Sea
2026-09-08 11:12:00,413289000,9324018,SILVER TRADER,BO331,Bulk Carrier,11.5,Ras Sem / Derna Offshore Approach (Libya),Cape Santa Maria di Leuca / Taranto Approach (Italy),34.993762,21.02682,12.7,328.2,327,0.2,Under way using engine,TARANTO,09-09 10:00,Normal,None,Steady commercial bulk transit across central Ionian Sea
2026-09-08 11:15:00,413289000,9324018,SILVER TRADER,BO331,Bulk Carrier,11.5,Ras Sem / Derna Offshore Approach (Libya),Cape Santa Maria di Leuca / Taranto Approach (Italy),35.002803,21.020005,12.7,328.0,327,-0.0,Under way using engine,TARANTO,09-09 10:00,Normal,None,Steady commercial bulk transit across central Ionian Sea
2026-09-08 11:18:00,413289000,9324018,SILVER TRADER,BO331,Bulk Carrier,11.5,Ras Sem / Derna Offshore Approach (Libya),Cape Santa Maria di Leuca / Taranto Approach (Italy),35.011775,21.013059,12.7,327.7,327,0.0,Under way using engine,TARANTO,09-09 10:00,Normal,None,Steady commercial bulk transit across central Ionian Sea
2026-09-08 11:21:00,413289000,9324018,SILVER TRADER,BO331,Bulk Carrier,11.5,Ras Sem / Derna Offshore Approach (Libya),Cape Santa Maria di Leuca / Taranto Approach (Italy),35.020763,21.006109,12.7,327.1,326,-0.1,Under way using engine,TARANTO,09-09 10:00,Normal,None,Steady commercial bulk transit across central Ionian Sea
2026-09-08 11:24:00,413289000,9324018,SILVER TRADER,BO331,Bulk Carrier,11.5,Ras Sem / Derna Offshore Approach (Libya),Cape Santa Maria di Leuca / Taranto Approach (Italy),35.029676,20.99905,12.8,327.3,326,0.0,Under way using engine,TARANTO,09-09 10:00,Normal,None,Steady commercial bulk transit across central Ionian Sea
2026-09-08 11:27:00,413289000,9324018,SILVER TRADER,BO331,Bulk Carrier,11.5,Ras Sem / Derna Offshore Approach (Libya),Cape Santa Maria di Leuca / Taranto Approach (Italy),35.038545,20.991923,12.7,326.0,325,0.1,Under way using engine,TARANTO,09-09 10:00,Normal,None,Steady commercial bulk transit across central Ionian Sea
2026-09-08 11:30:00,413289000,9324018,SILVER TRADER,BO331,Bulk Carrier,11.5,Ras Sem / Derna Offshore Approach (Libya),Cape Santa Maria di Leuca / Taranto Approach (Italy),35.047418,20.984776,12.7,327.5,326,0.0,Under way using engine,TARANTO,09-09 10:00,Normal,None,Steady commercial bulk transit across central Ionian Sea
2026-09-08 11:33:00,413289000,9324018,SILVER TRADER,BO331,Bulk Carrier,11.5,Ras Sem / Derna Offshore Approach (Libya),Cape Santa Maria di Leuca / Taranto Approach (Italy),35.056456,20.977952,12.7,328.5,327,-0.1,Under way using engine,TARANTO,09-09 10:00,Normal,None,Steady commercial bulk transit across central Ionian Sea
2026-09-08 11:36:00,413289000,9324018,SILVER TRADER,BO331,Bulk Carrier,11.5,Ras Sem / Derna Offshore Approach (Libya),Cape Santa Maria di Leuca / Taranto Approach (Italy),35.065449,20.970983,12.7,327.3,326,-0.0,Under way using engine,TARANTO,09-09 10:00,Normal,None,Steady commercial bulk transit across central Ionian Sea
2026-09-08 11:39:00,413289000,9324018,SILVER TRADER,BO331,Bulk Carrier,11.5,Ras Sem / Derna Offshore Approach (Libya),Cape Santa Maria di Leuca / Taranto Approach (Italy),35.07443,20.964049,12.8,327.2,326,-0.0,Under way using engine,TARANTO,09-09 10:00,Normal,None,Steady commercial bulk transit across central Ionian Sea
2026-09-08 11:42:00,413289000,9324018,SILVER TRADER,BO331,Bulk Carrier,11.5,Ras Sem / Derna Offshore Approach (Libya),Cape Santa Maria di Leuca / Taranto Approach (Italy),35.083358,20.956977,12.7,326.9,326,0.3,Under way using engine,TARANTO,09-09 10:00,Normal,None,Steady commercial bulk transit across central Ionian Sea
2026-09-08 11:45:00,413289000,9324018,SILVER TRADER,BO331,Bulk Carrier,11.5,Ras Sem / Derna Offshore Approach (Libya),Cape Santa Maria di Leuca / Taranto Approach (Italy),35.09227,20.949899,12.7,326.6,325,-0.1,Under way using engine,TARANTO,09-09 10:00,Normal,None,Steady commercial bulk transit across central Ionian Sea
2026-09-08 11:48:00,413289000,9324018,SILVER TRADER,BO331,Bulk Carrier,11.5,Ras Sem / Derna Offshore Approach (Libya),Cape Santa Maria di Leuca / Taranto Approach (Italy),35.101143,20.94273,12.8,326.8,326,0.2,Under way using engine,TARANTO,09-09 10:00,Normal,None,Steady commercial bulk transit across central Ionian Sea
2026-09-08 11:51:00,413289000,9324018,SILVER TRADER,BO331,Bulk Carrier,11.5,Ras Sem / Derna Offshore Approach (Libya),Cape Santa Maria di Leuca / Taranto Approach (Italy),35.110005,20.935541,12.7,326.4,325,-0.1,Under way using engine,TARANTO,09-09 10:00,Normal,None,Steady commercial bulk transit across central Ionian Sea
2026-09-08 11:54:00,413289000,9324018,SILVER TRADER,BO331,Bulk Carrier,11.5,Ras Sem / Derna Offshore Approach (Libya),Cape Santa Maria di Leuca / Taranto Approach (Italy),35.11895,20.928526,12.8,327.3,326,-0.0,Under way using engine,TARANTO,09-09 10:00,Normal,None,Steady commercial bulk transit across central Ionian Sea
2026-09-08 11:57:00,413289000,9324018,SILVER TRADER,BO331,Bulk Carrier,11.5,Ras Sem / Derna Offshore Approach (Libya),Cape Santa Maria di Leuca / Taranto Approach (Italy),35.127921,20.921526,12.8,327.1,326,-0.1,Under way using engine,TARANTO,09-09 10:00,Normal,None,Steady commercial bulk transit across central Ionian Sea
2026-09-08 12:00:00,413289000,9324018,SILVER TRADER,BO331,Bulk Carrier,11.5,Ras Sem / Derna Offshore Approach (Libya),Cape Santa Maria di Leuca / Taranto Approach (Italy),35.136816,20.914378,12.8,326.8,326,0.1,Under way using engine,TARANTO,09-09 10:00,Normal,None,Steady commercial bulk transit across central Ionian Sea
2026-09-08 12:03:00,413289000,9324018,SILVER TRADER,BO331,Bulk Carrier,11.5,Ras Sem / Derna Offshore Approach (Libya),Cape Santa Maria di Leuca / Taranto Approach (Italy),35.145753,20.907305,12.8,327.4,326,-0.1,Under way using engine,TARANTO,09-09 10:00,Normal,None,Steady commercial bulk transit across central Ionian Sea
2026-09-08 12:06:00,413289000,9324018,SILVER TRADER,BO331,Bulk Carrier,11.5,Ras Sem / Derna Offshore Approach (Libya),Cape Santa Maria di Leuca / Taranto Approach (Italy),35.154754,20.900343,12.8,327.7,327,-0.0,Under way using engine,TARANTO,09-09 10:00,Normal,None,Steady commercial bulk transit across central Ionian Sea
2026-09-08 12:09:00,413289000,9324018,SILVER TRADER,BO331,Bulk Carrier,11.5,Ras Sem / Derna Offshore Approach (Libya),Cape Santa Maria di Leuca / Taranto Approach (Italy),35.163726,20.893328,12.8,327.5,326,0.1,Under way using engine,TARANTO,09-09 10:00,Normal,None,Steady commercial bulk transit across central Ionian Sea
2026-09-08 12:12:00,413289000,9324018,SILVER TRADER,BO331,Bulk Carrier,11.5,Ras Sem / Derna Offshore Approach (Libya),Cape Santa Maria di Leuca / Taranto Approach (Italy),35.172727,20.886385,12.8,328.2,327,-0.1,Under way using engine,TARANTO,09-09 10:00,Normal,None,Steady commercial bulk transit across central Ionian Sea
2026-09-08 12:15:00,413289000,9324018,SILVER TRADER,BO331,Bulk Carrier,11.5,Ras Sem / Derna Offshore Approach (Libya),Cape Santa Maria di Leuca / Taranto Approach (Italy),35.181755,20.879497,12.8,328.2,327,-0.0,Under way using engine,TARANTO,09-09 10:00,Normal,None,Steady commercial bulk transit across central Ionian Sea
2026-09-08 12:18:00,413289000,9324018,SILVER TRADER,BO331,Bulk Carrier,11.5,Ras Sem / Derna Offshore Approach (Libya),Cape Santa Maria di Leuca / Taranto Approach (Italy),35.190745,20.872477,12.7,327.1,326,-0.1,Under way using engine,TARANTO,09-09 10:00,Normal,None,Steady commercial bulk transit across central Ionian Sea
2026-09-08 12:21:00,413289000,9324018,SILVER TRADER,BO331,Bulk Carrier,11.5,Ras Sem / Derna Offshore Approach (Libya),Cape Santa Maria di Leuca / Taranto Approach (Italy),35.199777,20.865632,12.8,328.8,328,-0.1,Under way using engine,TARANTO,09-09 10:00,Normal,None,Steady commercial bulk transit across central Ionian Sea
2026-09-08 12:24:00,413289000,9324018,SILVER TRADER,BO331,Bulk Carrier,11.5,Ras Sem / Derna Offshore Approach (Libya),Cape Santa Maria di Leuca / Taranto Approach (Italy),35.208837,20.858758,12.8,328.1,327,0.0,Under way using engine,TARANTO,09-09 10:00,Normal,None,Steady commercial bulk transit across central Ionian Sea
2026-09-08 12:27:00,413289000,9324018,SILVER TRADER,BO331,Bulk Carrier,11.5,Ras Sem / Derna Offshore Approach (Libya),Cape Santa Maria di Leuca / Taranto Approach (Italy),35.217824,20.851798,12.8,327.7,327,-0.1,Under way using engine,TARANTO,09-09 10:00,Normal,None,Steady commercial bulk transit across central Ionian Sea
2026-09-08 12:30:00,413289000,9324018,SILVER TRADER,BO331,Bulk Carrier,11.5,Ras Sem / Derna Offshore Approach (Libya),Cape Santa Maria di Leuca / Taranto Approach (Italy),35.226886,20.844956,12.8,329.1,328,0.1,Under way using engine,TARANTO,09-09 10:00,Normal,None,Steady commercial bulk transit across central Ionian Sea
2026-09-08 12:33:00,413289000,9324018,SILVER TRADER,BO331,Bulk Carrier,11.5,Ras Sem / Derna Offshore Approach (Libya),Cape Santa Maria di Leuca / Taranto Approach (Italy),35.235987,20.838147,12.8,328.6,327,0.0,Under way using engine,TARANTO,09-09 10:00,Normal,None,Steady commercial bulk transit across central Ionian Sea
2026-09-08 12:36:00,413289000,9324018,SILVER TRADER,BO331,Bulk Carrier,11.5,Ras Sem / Derna Offshore Approach (Libya),Cape Santa Maria di Leuca / Taranto Approach (Italy),35.245016,20.831238,12.8,327.3,326,-0.0,Under way using engine,TARANTO,09-09 10:00,Normal,None,Steady commercial bulk transit across central Ionian Sea
2026-09-08 12:39:00,413289000,9324018,SILVER TRADER,BO331,Bulk Carrier,11.5,Ras Sem / Derna Offshore Approach (Libya),Cape Santa Maria di Leuca / Taranto Approach (Italy),35.254029,20.824263,12.8,327.1,326,0.0,Under way using engine,TARANTO,09-09 10:00,Normal,None,Steady commercial bulk transit across central Ionian Sea
2026-09-08 12:42:00,413289000,9324018,SILVER TRADER,BO331,Bulk Carrier,11.5,Ras Sem / Derna Offshore Approach (Libya),Cape Santa Maria di Leuca / Taranto Approach (Italy),35.262948,20.817139,12.8,326.6,325,-0.1,Under way using engine,TARANTO,09-09 10:00,Normal,None,Steady commercial bulk transit across central Ionian Sea
2026-09-08 12:45:00,413289000,9324018,SILVER TRADER,BO331,Bulk Carrier,11.5,Ras Sem / Derna Offshore Approach (Libya),Cape Santa Maria di Leuca / Taranto Approach (Italy),35.271857,20.810033,12.8,327.0,326,-0.1,Under way using engine,TARANTO,09-09 10:00,Normal,None,Steady commercial bulk transit across central Ionian Sea
2026-09-08 12:48:00,413289000,9324018,SILVER TRADER,BO331,Bulk Carrier,11.5,Ras Sem / Derna Offshore Approach (Libya),Cape Santa Maria di Leuca / Taranto Approach (Italy),35.280699,20.802785,12.8,326.5,325,0.2,Under way using engine,TARANTO,09-09 10:00,Normal,None,Steady commercial bulk transit across central Ionian Sea
2026-09-08 12:51:00,413289000,9324018,SILVER TRADER,BO331,Bulk Carrier,11.5,Ras Sem / Derna Offshore Approach (Libya),Cape Santa Maria di Leuca / Taranto Approach (Italy),35.289656,20.795715,12.7,327.0,326,-0.1,Under way using engine,TARANTO,09-09 10:00,Normal,None,Steady commercial bulk transit across central Ionian Sea
2026-09-08 12:54:00,413289000,9324018,SILVER TRADER,BO331,Bulk Carrier,11.5,Ras Sem / Derna Offshore Approach (Libya),Cape Santa Maria di Leuca / Taranto Approach (Italy),35.298582,20.788587,12.8,327.1,326,0.1,Under way using engine,TARANTO,09-09 10:00,Normal,None,Steady commercial bulk transit across central Ionian Sea
2026-09-08 12:57:00,413289000,9324018,SILVER TRADER,BO331,Bulk Carrier,11.5,Ras Sem / Derna Offshore Approach (Libya),Cape Santa Maria di Leuca / Taranto Approach (Italy),35.307474,20.781373,12.8,326.5,325,-0.1,Under way using engine,TARANTO,09-09 10:00,Normal,None,Steady commercial bulk transit across central Ionian Sea
2026-09-08 13:00:00,413289000,9324018,SILVER TRADER,BO331,Bulk Carrier,11.5,Ras Sem / Derna Offshore Approach (Libya),Cape Santa Maria di Leuca / Taranto Approach (Italy),35.316366,20.774187,12.7,326.7,326,0.1,Under way using engine,TARANTO,09-09 10:00,Normal,None,Steady commercial bulk transit across central Ionian Sea
2026-09-08 13:03:00,413289000,9324018,SILVER TRADER,BO331,Bulk Carrier,11.5,Ras Sem / Derna Offshore Approach (Libya),Cape Santa Maria di Leuca / Taranto Approach (Italy),35.325313,20.767083,12.8,327.8,327,-0.0,Under way using engine,TARANTO,09-09 10:00,Normal,None,Steady commercial bulk transit across central Ionian Sea
2026-09-08 13:06:00,413289000,9324018,SILVER TRADER,BO331,Bulk Carrier,11.5,Ras Sem / Derna Offshore Approach (Libya),Cape Santa Maria di Leuca / Taranto Approach (Italy),35.334442,20.760296,12.8,329.1,328,-0.0,Under way using engine,TARANTO,09-09 10:00,Normal,None,Steady commercial bulk transit across central Ionian Sea
2026-09-08 13:09:00,413289000,9324018,SILVER TRADER,BO331,Bulk Carrier,11.5,Ras Sem / Derna Offshore Approach (Libya),Cape Santa Maria di Leuca / Taranto Approach (Italy),35.343544,20.75348,12.8,327.8,327,0.1,Under way using engine,TARANTO,09-09 10:00,Normal,None,Steady commercial bulk transit across central Ionian Sea
2026-09-08 13:12:00,413289000,9324018,SILVER TRADER,BO331,Bulk Carrier,11.5,Ras Sem / Derna Offshore Approach (Libya),Cape Santa Maria di Leuca / Taranto Approach (Italy),35.352566,20.746486,12.8,327.8,327,-0.2,Under way using engine,TARANTO,09-09 10:00,Normal,None,Steady commercial bulk transit across central Ionian Sea
2026-09-08 13:15:00,413289000,9324018,SILVER TRADER,BO331,Bulk Carrier,11.5,Ras Sem / Derna Offshore Approach (Libya),Cape Santa Maria di Leuca / Taranto Approach (Italy),35.361543,20.739419,12.8,327.0,326,0.1,Under way using engine,TARANTO,09-09 10:00,Normal,None,Steady commercial bulk transit across central Ionian Sea
2026-09-08 13:18:00,413289000,9324018,SILVER TRADER,BO331,Bulk Carrier,11.5,Ras Sem / Derna Offshore Approach (Libya),Cape Santa Maria di Leuca / Taranto Approach (Italy),35.370507,20.732327,12.8,327.2,326,-0.1,Under way using engine,TARANTO,09-09 10:00,Normal,None,Steady commercial bulk transit across central Ionian Sea
2026-09-08 13:21:00,413289000,9324018,SILVER TRADER,BO331,Bulk Carrier,11.5,Ras Sem / Derna Offshore Approach (Libya),Cape Santa Maria di Leuca / Taranto Approach (Italy),35.379464,20.725224,12.8,327.4,326,-0.0,Under way using engine,TARANTO,09-09 10:00,Normal,None,Steady commercial bulk transit across central Ionian Sea
2026-09-08 13:24:00,413289000,9324018,SILVER TRADER,BO331,Bulk Carrier,11.5,Ras Sem / Derna Offshore Approach (Libya),Cape Santa Maria di Leuca / Taranto Approach (Italy),35.38843,20.718174,12.7,327.0,326,0.0,Under way using engine,TARANTO,09-09 10:00,Normal,None,Steady commercial bulk transit across central Ionian Sea
2026-09-08 13:27:00,413289000,9324018,SILVER TRADER,BO331,Bulk Carrier,11.5,Ras Sem / Derna Offshore Approach (Libya),Cape Santa Maria di Leuca / Taranto Approach (Italy),35.397396,20.711092,12.8,327.5,326,0.1,Under way using engine,TARANTO,09-09 10:00,Normal,None,Steady commercial bulk transit across central Ionian Sea
2026-09-08 13:30:00,413289000,9324018,SILVER TRADER,BO331,Bulk Carrier,11.5,Ras Sem / Derna Offshore Approach (Libya),Cape Santa Maria di Leuca / Taranto Approach (Italy),35.406415,20.704075,12.8,327.4,326,-0.2,Under way using engine,TARANTO,09-09 10:00,Normal,None,Steady commercial bulk transit across central Ionian Sea
2026-09-08 13:33:00,413289000,9324018,SILVER TRADER,BO331,Bulk Carrier,11.5,Ras Sem / Derna Offshore Approach (Libya),Cape Santa Maria di Leuca / Taranto Approach (Italy),35.415375,20.696991,12.8,327.1,326,-0.0,Under way using engine,TARANTO,09-09 10:00,Normal,None,Steady commercial bulk transit across central Ionian Sea
2026-09-08 13:36:00,413289000,9324018,SILVER TRADER,BO331,Bulk Carrier,11.5,Ras Sem / Derna Offshore Approach (Libya),Cape Santa Maria di Leuca / Taranto Approach (Italy),35.424334,20.689865,12.8,326.8,326,0.1,Under way using engine,TARANTO,09-09 10:00,Normal,None,Steady commercial bulk transit across central Ionian Sea
2026-09-08 13:39:00,413289000,9324018,SILVER TRADER,BO331,Bulk Carrier,11.5,Ras Sem / Derna Offshore Approach (Libya),Cape Santa Maria di Leuca / Taranto Approach (Italy),35.433296,20.682792,12.8,327.7,327,-0.1,Under way using engine,TARANTO,09-09 10:00,Normal,None,Steady commercial bulk transit across central Ionian Sea
2026-09-08 13:42:00,413289000,9324018,SILVER TRADER,BO331,Bulk Carrier,11.5,Ras Sem / Derna Offshore Approach (Libya),Cape Santa Maria di Leuca / Taranto Approach (Italy),35.442319,20.675779,12.8,327.5,326,-0.0,Under way using engine,TARANTO,09-09 10:00,Normal,None,Steady commercial bulk transit across central Ionian Sea
2026-09-08 13:45:00,413289000,9324018,SILVER TRADER,BO331,Bulk Carrier,11.5,Ras Sem / Derna Offshore Approach (Libya),Cape Santa Maria di Leuca / Taranto Approach (Italy),35.451315,20.668739,12.9,327.1,326,-0.1,Under way using engine,TARANTO,09-09 10:00,Normal,None,Steady commercial bulk transit across central Ionian Sea
2026-09-08 13:48:00,413289000,9324018,SILVER TRADER,BO331,Bulk Carrier,11.5,Ras Sem / Derna Offshore Approach (Libya),Cape Santa Maria di Leuca / Taranto Approach (Italy),35.460294,20.661704,12.8,327.5,326,-0.0,Under way using engine,TARANTO,09-09 10:00,Normal,None,Steady commercial bulk transit across central Ionian Sea
2026-09-08 13:51:00,413289000,9324018,SILVER TRADER,BO331,Bulk Carrier,11.5,Ras Sem / Derna Offshore Approach (Libya),Cape Santa Maria di Leuca / Taranto Approach (Italy),35.469241,20.654553,12.8,326.5,325,-0.2,Under way using engine,TARANTO,09-09 10:00,Normal,None,Steady commercial bulk transit across central Ionian Sea
2026-09-08 13:54:00,413289000,9324018,SILVER TRADER,BO331,Bulk Carrier,11.5,Ras Sem / Derna Offshore Approach (Libya),Cape Santa Maria di Leuca / Taranto Approach (Italy),35.478192,20.647459,12.8,327.7,327,0.2,Under way using engine,TARANTO,09-09 10:00,Normal,None,Steady commercial bulk transit across central Ionian Sea
2026-09-08 13:57:00,413289000,9324018,SILVER TRADER,BO331,Bulk Carrier,11.5,Ras Sem / Derna Offshore Approach (Libya),Cape Santa Maria di Leuca / Taranto Approach (Italy),35.48726,20.640541,12.8,328.6,327,-0.1,Under way using engine,TARANTO,09-09 10:00,Normal,None,Steady commercial bulk transit across central Ionian Sea
2026-09-08 14:00:00,413289000,9324018,SILVER TRADER,BO331,Bulk Carrier,11.5,Ras Sem / Derna Offshore Approach (Libya),Cape Santa Maria di Leuca / Taranto Approach (Italy),35.49627,20.633521,12.9,327.2,326,0.1,Under way using engine,TARANTO,09-09 10:00,Normal,None,Steady commercial bulk transit across central Ionian Sea
2026-09-08 14:03:00,413289000,9324018,SILVER TRADER,BO331,Bulk Carrier,11.5,Ras Sem / Derna Offshore Approach (Libya),Cape Santa Maria di Leuca / Taranto Approach (Italy),35.505325,20.626571,12.8,327.9,327,-0.2,Under way using engine,TARANTO,09-09 10:00,Normal,None,Steady commercial bulk transit across central Ionian Sea
2026-09-08 14:06:00,413289000,9324018,SILVER TRADER,BO331,Bulk Carrier,11.5,Ras Sem / Derna Offshore Approach (Libya),Cape Santa Maria di Leuca / Taranto Approach (Italy),35.514374,20.6196,12.8,327.8,327,0.0,Under way using engine,TARANTO,09-09 10:00,Normal,None,Steady commercial bulk transit across central Ionian Sea
2026-09-08 14:09:00,413289000,9324018,SILVER TRADER,BO331,Bulk Carrier,11.5,Ras Sem / Derna Offshore Approach (Libya),Cape Santa Maria di Leuca / Taranto Approach (Italy),35.523394,20.612612,12.8,327.3,326,0.2,Under way using engine,TARANTO,09-09 10:00,Normal,None,Steady commercial bulk transit across central Ionian Sea
2026-09-08 14:12:00,413289000,9324018,SILVER TRADER,BO331,Bulk Carrier,11.5,Ras Sem / Derna Offshore Approach (Libya),Cape Santa Maria di Leuca / Taranto Approach (Italy),35.532228,20.605274,12.8,325.3,324,-0.0,Under way using engine,TARANTO,09-09 10:00,Normal,None,Steady commercial bulk transit across central Ionian Sea
2026-09-08 14:15:00,413289000,9324018,SILVER TRADER,BO331,Bulk Carrier,11.5,Ras Sem / Derna Offshore Approach (Libya),Cape Santa Maria di Leuca / Taranto Approach (Italy),35.541099,20.597988,12.8,326.9,326,-0.2,Under way using engine,TARANTO,09-09 10:00,Normal,None,Steady commercial bulk transit across central Ionian Sea
2026-09-08 14:18:00,413289000,9324018,SILVER TRADER,BO331,Bulk Carrier,11.5,Ras Sem / Derna Offshore Approach (Libya),Cape Santa Maria di Leuca / Taranto Approach (Italy),35.550023,20.59078,12.8,326.1,325,0.0,Under way using engine,TARANTO,09-09 10:00,Normal,None,Steady commercial bulk transit across central Ionian Sea
2026-09-08 14:21:00,413289000,9324018,SILVER TRADER,BO331,Bulk Carrier,11.5,Ras Sem / Derna Offshore Approach (Libya),Cape Santa Maria di Leuca / Taranto Approach (Italy),35.558978,20.583642,12.8,326.8,326,-0.0,Under way using engine,TARANTO,09-09 10:00,Normal,None,Steady commercial bulk transit across central Ionian Sea
2026-09-08 14:24:00,413289000,9324018,SILVER TRADER,BO331,Bulk Carrier,11.5,Ras Sem / Derna Offshore Approach (Libya),Cape Santa Maria di Leuca / Taranto Approach (Italy),35.567925,20.57649,12.8,326.7,326,-0.1,Under way using engine,TARANTO,09-09 10:00,Normal,None,Steady commercial bulk transit across central Ionian Sea
2026-09-08 14:27:00,413289000,9324018,SILVER TRADER,BO331,Bulk Carrier,11.5,Ras Sem / Derna Offshore Approach (Libya),Cape Santa Maria di Leuca / Taranto Approach (Italy),35.576911,20.569385,12.8,327.3,326,0.0,Under way using engine,TARANTO,09-09 10:00,Normal,None,Steady commercial bulk transit across central Ionian Sea
2026-09-08 14:30:00,413289000,9324018,SILVER TRADER,BO331,Bulk Carrier,11.5,Ras Sem / Derna Offshore Approach (Libya),Cape Santa Maria di Leuca / Taranto Approach (Italy),35.585801,20.562086,12.8,326.0,325,0.1,Under way using engine,TARANTO,09-09 10:00,Normal,None,Steady commercial bulk transit across central Ionian Sea
2026-09-08 14:33:00,413289000,9324018,SILVER TRADER,BO331,Bulk Carrier,11.5,Ras Sem / Derna Offshore Approach (Libya),Cape Santa Maria di Leuca / Taranto Approach (Italy),35.594659,20.55471,12.8,325.6,324,-0.2,Under way using engine,TARANTO,09-09 10:00,Normal,None,Steady commercial bulk transit across central Ionian Sea
2026-09-08 14:36:00,413289000,9324018,SILVER TRADER,BO331,Bulk Carrier,11.5,Ras Sem / Derna Offshore Approach (Libya),Cape Santa Maria di Leuca / Taranto Approach (Italy),35.603573,20.547451,12.8,326.5,325,-0.1,Under way using engine,TARANTO,09-09 10:00,Normal,None,Steady commercial bulk transit across central Ionian Sea
2026-09-08 14:39:00,413289000,9324018,SILVER TRADER,BO331,Bulk Carrier,11.5,Ras Sem / Derna Offshore Approach (Libya),Cape Santa Maria di Leuca / Taranto Approach (Italy),35.612544,20.540309,12.8,327.0,326,-0.1,Under way using engine,TARANTO,09-09 10:00,Normal,None,Steady commercial bulk transit across central Ionian Sea
2026-09-08 14:42:00,413289000,9324018,SILVER TRADER,BO331,Bulk Carrier,11.5,Ras Sem / Derna Offshore Approach (Libya),Cape Santa Maria di Leuca / Taranto Approach (Italy),35.621513,20.533152,12.8,327.2,326,-0.1,Under way using engine,TARANTO,09-09 10:00,Normal,None,Steady commercial bulk transit across central Ionian Sea
2026-09-08 14:45:00,413289000,9324018,SILVER TRADER,BO331,Bulk Carrier,11.5,Ras Sem / Derna Offshore Approach (Libya),Cape Santa Maria di Leuca / Taranto Approach (Italy),35.630497,20.525996,12.9,327.3,326,0.1,Under way using engine,TARANTO,09-09 10:00,Normal,None,Steady commercial bulk transit across central Ionian Sea
2026-09-08 14:48:00,413289000,9324018,SILVER TRADER,BO331,Bulk Carrier,11.5,Ras Sem / Derna Offshore Approach (Libya),Cape Santa Maria di Leuca / Taranto Approach (Italy),35.63953,20.518945,12.8,327.7,326,-0.0,Under way using engine,TARANTO,09-09 10:00,Normal,None,Steady commercial bulk transit across central Ionian Sea
2026-09-08 14:51:00,413289000,9324018,SILVER TRADER,BO331,Bulk Carrier,11.5,Ras Sem / Derna Offshore Approach (Libya),Cape Santa Maria di Leuca / Taranto Approach (Italy),35.648627,20.511987,12.8,328.4,327,-0.0,Under way using engine,TARANTO,09-09 10:00,Normal,None,Steady commercial bulk transit across central Ionian Sea
2026-09-08 14:54:00,413289000,9324018,SILVER TRADER,BO331,Bulk Carrier,11.5,Ras Sem / Derna Offshore Approach (Libya),Cape Santa Maria di Leuca / Taranto Approach (Italy),35.657668,20.504951,12.9,327.4,326,0.1,Under way using engine,TARANTO,09-09 10:00,Normal,None,Steady commercial bulk transit across central Ionian Sea
2026-09-08 14:57:00,413289000,9324018,SILVER TRADER,BO331,Bulk Carrier,11.5,Ras Sem / Derna Offshore Approach (Libya),Cape Santa Maria di Leuca / Taranto Approach (Italy),35.666594,20.497725,12.9,326.2,325,-0.2,Under way using engine,TARANTO,09-09 10:00,Normal,None,Steady commercial bulk transit across central Ionian Sea
2026-09-08 15:00:00,413289000,9324018,SILVER TRADER,BO331,Bulk Carrier,11.5,Ras Sem / Derna Offshore Approach (Libya),Cape Santa Maria di Leuca / Taranto Approach (Italy),35.675482,20.490387,12.9,325.9,325,0.0,Under way using engine,TARANTO,09-09 10:00,Normal,None,Steady commercial bulk transit across central Ionian Sea
2026-09-08 15:03:00,413289000,9324018,SILVER TRADER,BO331,Bulk Carrier,11.5,Ras Sem / Derna Offshore Approach (Libya),Cape Santa Maria di Leuca / Taranto Approach (Italy),35.684357,20.483036,12.8,326.5,325,0.1,Under way using engine,TARANTO,09-09 10:00,Normal,None,Steady commercial bulk transit across central Ionian Sea
2026-09-08 15:06:00,413289000,9324018,SILVER TRADER,BO331,Bulk Carrier,11.5,Ras Sem / Derna Offshore Approach (Libya),Cape Santa Maria di Leuca / Taranto Approach (Italy),35.693216,20.475661,12.9,325.6,324,0.1,Under way using engine,TARANTO,09-09 10:00,Normal,None,Steady commercial bulk transit across central Ionian Sea
2026-09-08 15:09:00,413289000,9324018,SILVER TRADER,BO331,Bulk Carrier,11.5,Ras Sem / Derna Offshore Approach (Libya),Cape Santa Maria di Leuca / Taranto Approach (Italy),35.702077,20.468272,12.9,326.5,325,0.2,Under way using engine,TARANTO,09-09 10:00,Normal,None,Steady commercial bulk transit across central Ionian Sea
2026-09-08 15:12:00,413289000,9324018,SILVER TRADER,BO331,Bulk Carrier,11.5,Ras Sem / Derna Offshore Approach (Libya),Cape Santa Maria di Leuca / Taranto Approach (Italy),35.710956,20.460905,12.9,325.9,325,0.0,Under way using engine,TARANTO,09-09 10:00,Normal,None,Steady commercial bulk transit across central Ionian Sea
2026-09-08 15:15:00,413289000,9324018,SILVER TRADER,BO331,Bulk Carrier,11.5,Ras Sem / Derna Offshore Approach (Libya),Cape Santa Maria di Leuca / Taranto Approach (Italy),35.719843,20.453581,12.8,325.8,325,-0.4,Under way using engine,TARANTO,09-09 10:00,Normal,None,Steady commercial bulk transit across central Ionian Sea
2026-09-08 15:18:00,413289000,9324018,SILVER TRADER,BO331,Bulk Carrier,11.5,Ras Sem / Derna Offshore Approach (Libya),Cape Santa Maria di Leuca / Taranto Approach (Italy),35.728746,20.446273,12.9,326.3,325,0.1,Under way using engine,TARANTO,09-09 10:00,Normal,None,Steady commercial bulk transit across central Ionian Sea
2026-09-08 15:21:00,413289000,9324018,SILVER TRADER,BO331,Bulk Carrier,11.5,Ras Sem / Derna Offshore Approach (Libya),Cape Santa Maria di Leuca / Taranto Approach (Italy),35.737705,20.439097,12.9,326.9,326,-0.2,Under way using engine,TARANTO,09-09 10:00,Normal,None,Steady commercial bulk transit across central Ionian Sea
2026-09-08 15:24:00,413289000,9324018,SILVER TRADER,BO331,Bulk Carrier,11.5,Ras Sem / Derna Offshore Approach (Libya),Cape Santa Maria di Leuca / Taranto Approach (Italy),35.746641,20.431878,12.8,327.2,326,-0.0,Under way using engine,TARANTO,09-09 10:00,Normal,None,Steady commercial bulk transit across central Ionian Sea
2026-09-08 15:27:00,413289000,9324018,SILVER TRADER,BO331,Bulk Carrier,11.5,Ras Sem / Derna Offshore Approach (Libya),Cape Santa Maria di Leuca / Taranto Approach (Italy),35.755707,20.424867,12.8,328.0,327,0.1,Under way using engine,TARANTO,09-09 10:00,Normal,None,Steady commercial bulk transit across central Ionian Sea
2026-09-08 15:30:00,413289000,9324018,SILVER TRADER,BO331,Bulk Carrier,11.5,Ras Sem / Derna Offshore Approach (Libya),Cape Santa Maria di Leuca / Taranto Approach (Italy),35.76477,20.417891,12.8,327.0,326,-0.1,Under way using engine,TARANTO,09-09 10:00,Normal,None,Steady commercial bulk transit across central Ionian Sea
2026-09-08 15:33:00,413289000,9324018,SILVER TRADER,BO331,Bulk Carrier,11.5,Ras Sem / Derna Offshore Approach (Libya),Cape Santa Maria di Leuca / Taranto Approach (Italy),35.773746,20.410704,12.9,326.8,326,-0.0,Under way using engine,TARANTO,09-09 10:00,Normal,None,Steady commercial bulk transit across central Ionian Sea
2026-09-08 15:36:00,413289000,9324018,SILVER TRADER,BO331,Bulk Carrier,11.5,Ras Sem / Derna Offshore Approach (Libya),Cape Santa Maria di Leuca / Taranto Approach (Italy),35.782623,20.40332,12.9,326.4,325,-0.0,Under way using engine,TARANTO,09-09 10:00,Normal,None,Steady commercial bulk transit across central Ionian Sea
2026-09-08 15:39:00,413289000,9324018,SILVER TRADER,BO331,Bulk Carrier,11.5,Ras Sem / Derna Offshore Approach (Libya),Cape Santa Maria di Leuca / Taranto Approach (Italy),35.791567,20.396056,12.9,327.0,326,0.1,Under way using engine,TARANTO,09-09 10:00,Normal,None,Steady commercial bulk transit across central Ionian Sea
2026-09-08 15:42:00,413289000,9324018,SILVER TRADER,BO331,Bulk Carrier,11.5,Ras Sem / Derna Offshore Approach (Libya),Cape Santa Maria di Leuca / Taranto Approach (Italy),35.800521,20.388803,12.9,326.7,325,-0.1,Under way using engine,TARANTO,09-09 10:00,Normal,None,Steady commercial bulk transit across central Ionian Sea
2026-09-08 15:45:00,413289000,9324018,SILVER TRADER,BO331,Bulk Carrier,11.5,Ras Sem / Derna Offshore Approach (Libya),Cape Santa Maria di Leuca / Taranto Approach (Italy),35.809523,20.381688,12.9,327.5,326,0.1,Under way using engine,TARANTO,09-09 10:00,Normal,None,Steady commercial bulk transit across central Ionian Sea
2026-09-08 15:48:00,413289000,9324018,SILVER TRADER,BO331,Bulk Carrier,11.5,Ras Sem / Derna Offshore Approach (Libya),Cape Santa Maria di Leuca / Taranto Approach (Italy),35.818467,20.374449,12.8,326.1,325,0.1,Under way using engine,TARANTO,09-09 10:00,Normal,None,Steady commercial bulk transit across central Ionian Sea
2026-09-08 15:51:00,413289000,9324018,SILVER TRADER,BO331,Bulk Carrier,11.5,Ras Sem / Derna Offshore Approach (Libya),Cape Santa Maria di Leuca / Taranto Approach (Italy),35.827299,20.367033,12.8,325.7,325,-0.0,Under way using engine,TARANTO,09-09 10:00,Normal,None,Steady commercial bulk transit across central Ionian Sea
2026-09-08 15:54:00,413289000,9324018,SILVER TRADER,BO331,Bulk Carrier,11.5,Ras Sem / Derna Offshore Approach (Libya),Cape Santa Maria di Leuca / Taranto Approach (Italy),35.836173,20.359651,12.9,326.6,325,0.1,Under way using engine,TARANTO,09-09 10:00,Normal,None,Steady commercial bulk transit across central Ionian Sea
2026-09-08 15:57:00,413289000,9324018,SILVER TRADER,BO331,Bulk Carrier,11.5,Ras Sem / Derna Offshore Approach (Libya),Cape Santa Maria di Leuca / Taranto Approach (Italy),35.845107,20.352388,12.8,326.4,325,0.0,Under way using engine,TARANTO,09-09 10:00,Normal,None,Steady commercial bulk transit across central Ionian Sea
2026-09-08 16:00:00,413289000,9324018,SILVER TRADER,BO331,Bulk Carrier,11.5,Ras Sem / Derna Offshore Approach (Libya),Cape Santa Maria di Leuca / Taranto Approach (Italy),35.853987,20.345024,12.8,326.9,326,0.1,Under way using engine,TARANTO,09-09 10:00,Normal,None,Steady commercial bulk transit across central Ionian Sea
2026-09-08 16:03:00,413289000,9324018,SILVER TRADER,BO331,Bulk Carrier,11.5,Ras Sem / Derna Offshore Approach (Libya),Cape Santa Maria di Leuca / Taranto Approach (Italy),35.862882,20.337652,12.8,326.0,325,0.1,Under way using engine,TARANTO,09-09 10:00,Normal,None,Steady commercial bulk transit across central Ionian Sea
2026-09-08 16:06:00,413289000,9324018,SILVER TRADER,BO331,Bulk Carrier,11.5,Ras Sem / Derna Offshore Approach (Libya),Cape Santa Maria di Leuca / Taranto Approach (Italy),35.87177,20.3303,12.8,326.2,325,-0.1,Under way using engine,TARANTO,09-09 10:00,Normal,None,Steady commercial bulk transit across central Ionian Sea
2026-09-08 16:09:00,413289000,9324018,SILVER TRADER,BO331,Bulk Carrier,11.5,Ras Sem / Derna Offshore Approach (Libya),Cape Santa Maria di Leuca / Taranto Approach (Italy),35.880702,20.323019,12.9,327.3,326,0.1,Under way using engine,TARANTO,09-09 10:00,Normal,None,Steady commercial bulk transit across central Ionian Sea
2026-09-08 16:12:00,413289000,9324018,SILVER TRADER,BO331,Bulk Carrier,11.5,Ras Sem / Derna Offshore Approach (Libya),Cape Santa Maria di Leuca / Taranto Approach (Italy),35.889608,20.315666,12.8,325.7,325,0.0,Under way using engine,TARANTO,09-09 10:00,Normal,None,Steady commercial bulk transit across central Ionian Sea
2026-09-08 16:15:00,413289000,9324018,SILVER TRADER,BO331,Bulk Carrier,11.5,Ras Sem / Derna Offshore Approach (Libya),Cape Santa Maria di Leuca / Taranto Approach (Italy),35.898498,20.308305,12.8,326.2,325,0.2,Under way using engine,TARANTO,09-09 10:00,Normal,None,Steady commercial bulk transit across central Ionian Sea
2026-09-08 16:18:00,413289000,9324018,SILVER TRADER,BO331,Bulk Carrier,11.5,Ras Sem / Derna Offshore Approach (Libya),Cape Santa Maria di Leuca / Taranto Approach (Italy),35.90739,20.300908,12.8,325.9,325,-0.1,Under way using engine,TARANTO,09-09 10:00,Normal,None,Steady commercial bulk transit across central Ionian Sea
2026-09-08 16:21:00,413289000,9324018,SILVER TRADER,BO331,Bulk Carrier,11.5,Ras Sem / Derna Offshore Approach (Libya),Cape Santa Maria di Leuca / Taranto Approach (Italy),35.916307,20.293554,12.9,326.4,325,-0.1,Under way using engine,TARANTO,09-09 10:00,Normal,None,Steady commercial bulk transit across central Ionian Sea
2026-09-08 16:24:00,413289000,9324018,SILVER TRADER,BO331,Bulk Carrier,11.5,Ras Sem / Derna Offshore Approach (Libya),Cape Santa Maria di Leuca / Taranto Approach (Italy),35.925257,20.286324,12.8,327.1,326,0.1,Under way using engine,TARANTO,09-09 10:00,Normal,None,Steady commercial bulk transit across central Ionian Sea
2026-09-08 16:27:00,413289000,9324018,SILVER TRADER,BO331,Bulk Carrier,11.5,Ras Sem / Derna Offshore Approach (Libya),Cape Santa Maria di Leuca / Taranto Approach (Italy),35.934223,20.279052,12.9,326.8,326,-0.1,Under way using engine,TARANTO,09-09 10:00,Normal,None,Steady commercial bulk transit across central Ionian Sea
2026-09-08 16:30:00,413289000,9324018,SILVER TRADER,BO331,Bulk Carrier,11.5,Ras Sem / Derna Offshore Approach (Libya),Cape Santa Maria di Leuca / Taranto Approach (Italy),35.943151,20.271733,12.9,326.4,325,-0.0,Under way using engine,TARANTO,09-09 10:00,Normal,None,Steady commercial bulk transit across central Ionian Sea
2026-09-08 16:33:00,413289000,9324018,SILVER TRADER,BO331,Bulk Carrier,11.5,Ras Sem / Derna Offshore Approach (Libya),Cape Santa Maria di Leuca / Taranto Approach (Italy),35.952084,20.264421,12.9,326.4,325,0.0,Under way using engine,TARANTO,09-09 10:00,Normal,None,Steady commercial bulk transit across central Ionian Sea
2026-09-08 16:36:00,413289000,9324018,SILVER TRADER,BO331,Bulk Carrier,11.5,Ras Sem / Derna Offshore Approach (Libya),Cape Santa Maria di Leuca / Taranto Approach (Italy),35.960975,20.257018,12.9,325.8,325,0.1,Under way using engine,TARANTO,09-09 10:00,Normal,None,Steady commercial bulk transit across central Ionian Sea
2026-09-08 16:39:00,413289000,9324018,SILVER TRADER,BO331,Bulk Carrier,11.5,Ras Sem / Derna Offshore Approach (Libya),Cape Santa Maria di Leuca / Taranto Approach (Italy),35.969813,20.249565,12.8,325.3,324,0.0,Under way using engine,TARANTO,09-09 10:00,Normal,None,Steady commercial bulk transit across central Ionian Sea
2026-09-08 16:42:00,413289000,9324018,SILVER TRADER,BO331,Bulk Carrier,11.5,Ras Sem / Derna Offshore Approach (Libya),Cape Santa Maria di Leuca / Taranto Approach (Italy),35.978756,20.242271,12.9,327.2,326,-0.2,Under way using engine,TARANTO,09-09 10:00,Normal,None,Steady commercial bulk transit across central Ionian Sea
2026-09-08 16:45:00,413289000,9324018,SILVER TRADER,BO331,Bulk Carrier,11.5,Ras Sem / Derna Offshore Approach (Libya),Cape Santa Maria di Leuca / Taranto Approach (Italy),35.987731,20.235054,12.8,326.6,325,0.1,Under way using engine,TARANTO,09-09 10:00,Normal,None,Steady commercial bulk transit across central Ionian Sea
2026-09-08 16:48:00,413289000,9324018,SILVER TRADER,BO331,Bulk Carrier,11.5,Ras Sem / Derna Offshore Approach (Libya),Cape Santa Maria di Leuca / Taranto Approach (Italy),35.996709,20.227849,12.8,327.2,326,-0.2,Under way using engine,TARANTO,09-09 10:00,Normal,None,Steady commercial bulk transit across central Ionian Sea
2026-09-08 16:51:00,413289000,9324018,SILVER TRADER,BO331,Bulk Carrier,11.5,Ras Sem / Derna Offshore Approach (Libya),Cape Santa Maria di Leuca / Taranto Approach (Italy),36.005673,20.220594,12.9,326.5,325,0.0,Under way using engine,TARANTO,09-09 10:00,Normal,None,Steady commercial bulk transit across central Ionian Sea
2026-09-08 16:54:00,413289000,9324018,SILVER TRADER,BO331,Bulk Carrier,11.5,Ras Sem / Derna Offshore Approach (Libya),Cape Santa Maria di Leuca / Taranto Approach (Italy),36.014584,20.213245,12.9,325.8,325,-0.1,Under way using engine,TARANTO,09-09 10:00,Normal,None,Steady commercial bulk transit across central Ionian Sea
2026-09-08 16:57:00,413289000,9324018,SILVER TRADER,BO331,Bulk Carrier,11.5,Ras Sem / Derna Offshore Approach (Libya),Cape Santa Maria di Leuca / Taranto Approach (Italy),36.023492,20.205884,12.8,326.9,326,0.1,Under way using engine,TARANTO,09-09 10:00,Normal,None,Steady commercial bulk transit across central Ionian Sea
2026-09-08 17:00:00,413289000,9324018,SILVER TRADER,BO331,Bulk Carrier,11.5,Ras Sem / Derna Offshore Approach (Libya),Cape Santa Maria di Leuca / Taranto Approach (Italy),36.032451,20.19862,12.8,326.8,326,-0.0,Under way using engine,TARANTO,09-09 10:00,Normal,None,Steady commercial bulk transit across central Ionian Sea
2026-09-08 17:03:00,413289000,9324018,SILVER TRADER,BO331,Bulk Carrier,11.5,Ras Sem / Derna Offshore Approach (Libya),Cape Santa Maria di Leuca / Taranto Approach (Italy),36.041365,20.191259,12.9,326.4,325,0.1,Under way using engine,TARANTO,09-09 10:00,Normal,None,Steady commercial bulk transit across central Ionian Sea
2026-09-08 17:06:00,413289000,9324018,SILVER TRADER,BO331,Bulk Carrier,11.5,Ras Sem / Derna Offshore Approach (Libya),Cape Santa Maria di Leuca / Taranto Approach (Italy),36.050257,20.183889,12.9,326.0,325,-0.0,Under way using engine,TARANTO,09-09 10:00,Normal,None,Steady commercial bulk transit across central Ionian Sea
2026-09-08 17:09:00,413289000,9324018,SILVER TRADER,BO331,Bulk Carrier,11.5,Ras Sem / Derna Offshore Approach (Libya),Cape Santa Maria di Leuca / Taranto Approach (Italy),36.059182,20.176595,12.8,327.2,326,0.1,Under way using engine,TARANTO,09-09 10:00,Normal,None,Steady commercial bulk transit across central Ionian Sea
2026-09-08 17:12:00,413289000,9324018,SILVER TRADER,BO331,Bulk Carrier,11.5,Ras Sem / Derna Offshore Approach (Libya),Cape Santa Maria di Leuca / Taranto Approach (Italy),36.068149,20.169333,12.9,327.2,326,-0.1,Under way using engine,TARANTO,09-09 10:00,Normal,None,Steady commercial bulk transit across central Ionian Sea
2026-09-08 17:15:00,413289000,9324018,SILVER TRADER,BO331,Bulk Carrier,11.5,Ras Sem / Derna Offshore Approach (Libya),Cape Santa Maria di Leuca / Taranto Approach (Italy),36.077155,20.16216,12.9,327.6,326,0.1,Under way using engine,TARANTO,09-09 10:00,Normal,None,Steady commercial bulk transit across central Ionian Sea
2026-09-08 17:18:00,413289000,9324018,SILVER TRADER,BO331,Bulk Carrier,11.5,Ras Sem / Derna Offshore Approach (Libya),Cape Santa Maria di Leuca / Taranto Approach (Italy),36.086222,20.155083,12.9,327.8,327,-0.1,Under way using engine,TARANTO,09-09 10:00,Normal,None,Steady commercial bulk transit across central Ionian Sea
2026-09-08 17:21:00,413289000,9324018,SILVER TRADER,BO331,Bulk Carrier,11.5,Ras Sem / Derna Offshore Approach (Libya),Cape Santa Maria di Leuca / Taranto Approach (Italy),36.095179,20.147822,12.9,326.8,326,-0.1,Under way using engine,TARANTO,09-09 10:00,Normal,None,Steady commercial bulk transit across central Ionian Sea
2026-09-08 17:24:00,413289000,9324018,SILVER TRADER,BO331,Bulk Carrier,11.5,Ras Sem / Derna Offshore Approach (Libya),Cape Santa Maria di Leuca / Taranto Approach (Italy),36.104137,20.14054,12.9,327.1,326,0.0,Under way using engine,TARANTO,09-09 10:00,Normal,None,Steady commercial bulk transit across central Ionian Sea
2026-09-08 17:27:00,413289000,9324018,SILVER TRADER,BO331,Bulk Carrier,11.5,Ras Sem / Derna Offshore Approach (Libya),Cape Santa Maria di Leuca / Taranto Approach (Italy),36.113003,20.13307,12.9,325.3,324,-0.2,Under way using engine,TARANTO,09-09 10:00,Normal,None,Steady commercial bulk transit across central Ionian Sea
2026-09-08 17:30:00,413289000,9324018,SILVER TRADER,BO331,Bulk Carrier,11.5,Ras Sem / Derna Offshore Approach (Libya),Cape Santa Maria di Leuca / Taranto Approach (Italy),36.121863,20.125614,12.9,326.1,325,0.2,Under way using engine,TARANTO,09-09 10:00,Normal,None,Steady commercial bulk transit across central Ionian Sea
2026-09-08 17:33:00,413289000,9324018,SILVER TRADER,BO331,Bulk Carrier,11.5,Ras Sem / Derna Offshore Approach (Libya),Cape Santa Maria di Leuca / Taranto Approach (Italy),36.13077,20.118235,12.8,325.8,325,-0.0,Under way using engine,TARANTO,09-09 10:00,Normal,None,Steady commercial bulk transit across central Ionian Sea
2026-09-08 17:36:00,413289000,9324018,SILVER TRADER,BO331,Bulk Carrier,11.5,Ras Sem / Derna Offshore Approach (Libya),Cape Santa Maria di Leuca / Taranto Approach (Italy),36.139556,20.11065,12.8,325.0,324,-0.1,Under way using engine,TARANTO,09-09 10:00,Normal,None,Steady commercial bulk transit across central Ionian Sea
2026-09-08 17:39:00,413289000,9324018,SILVER TRADER,BO331,Bulk Carrier,11.5,Ras Sem / Derna Offshore Approach (Libya),Cape Santa Maria di Leuca / Taranto Approach (Italy),36.148335,20.103064,12.8,325.4,324,-0.0,Under way using engine,TARANTO,09-09 10:00,Normal,None,Steady commercial bulk transit across central Ionian Sea
2026-09-08 17:42:00,413289000,9324018,SILVER TRADER,BO331,Bulk Carrier,11.5,Ras Sem / Derna Offshore Approach (Libya),Cape Santa Maria di Leuca / Taranto Approach (Italy),36.157143,20.095557,12.8,325.5,324,0.0,Under way using engine,TARANTO,09-09 10:00,Normal,None,Steady commercial bulk transit across central Ionian Sea
2026-09-08 17:45:00,413289000,9324018,SILVER TRADER,BO331,Bulk Carrier,11.5,Ras Sem / Derna Offshore Approach (Libya),Cape Santa Maria di Leuca / Taranto Approach (Italy),36.165945,20.087975,12.8,325.0,324,0.0,Under way using engine,TARANTO,09-09 10:00,Normal,None,Steady commercial bulk transit across central Ionian Sea
2026-09-08 17:48:00,413289000,9324018,SILVER TRADER,BO331,Bulk Carrier,11.5,Ras Sem / Derna Offshore Approach (Libya),Cape Santa Maria di Leuca / Taranto Approach (Italy),36.174789,20.080448,12.9,326.2,325,-0.1,Under way using engine,TARANTO,09-09 10:00,Normal,None,Steady commercial bulk transit across central Ionian Sea
2026-09-08 17:51:00,413289000,9324018,SILVER TRADER,BO331,Bulk Carrier,11.5,Ras Sem / Derna Offshore Approach (Libya),Cape Santa Maria di Leuca / Taranto Approach (Italy),36.183684,20.073056,12.9,326.4,325,0.0,Under way using engine,TARANTO,09-09 10:00,Normal,None,Steady commercial bulk transit across central Ionian Sea
2026-09-08 17:54:00,413289000,9324018,SILVER TRADER,BO331,Bulk Carrier,11.5,Ras Sem / Derna Offshore Approach (Libya),Cape Santa Maria di Leuca / Taranto Approach (Italy),36.192567,20.065627,12.9,326.1,325,0.1,Under way using engine,TARANTO,09-09 10:00,Normal,None,Steady commercial bulk transit across central Ionian Sea
2026-09-08 17:57:00,413289000,9324018,SILVER TRADER,BO331,Bulk Carrier,11.5,Ras Sem / Derna Offshore Approach (Libya),Cape Santa Maria di Leuca / Taranto Approach (Italy),36.201473,20.058223,12.9,326.2,325,-0.1,Under way using engine,TARANTO,09-09 10:00,Normal,None,Steady commercial bulk transit across central Ionian Sea
2026-09-08 18:00:00,413289000,9324018,SILVER TRADER,BO331,Bulk Carrier,11.5,Ras Sem / Derna Offshore Approach (Libya),Cape Santa Maria di Leuca / Taranto Approach (Italy),36.210321,20.050795,12.8,326.4,325,0.1,Under way using engine,TARANTO,09-09 10:00,Normal,None,Steady commercial bulk transit across central Ionian Sea
2026-09-08 18:03:00,413289000,9324018,SILVER TRADER,BO331,Bulk Carrier,11.5,Ras Sem / Derna Offshore Approach (Libya),Cape Santa Maria di Leuca / Taranto Approach (Italy),36.219281,20.043443,12.9,326.0,325,-0.2,Under way using engine,TARANTO,09-09 10:00,Normal,None,Steady commercial bulk transit across central Ionian Sea
2026-09-08 18:06:00,413289000,9324018,SILVER TRADER,BO331,Bulk Carrier,11.5,Ras Sem / Derna Offshore Approach (Libya),Cape Santa Maria di Leuca / Taranto Approach (Italy),36.228081,20.03587,12.9,324.9,324,0.1,Under way using engine,TARANTO,09-09 10:00,Normal,None,Steady commercial bulk transit across central Ionian Sea
2026-09-08 18:09:00,413289000,9324018,SILVER TRADER,BO331,Bulk Carrier,11.5,Ras Sem / Derna Offshore Approach (Libya),Cape Santa Maria di Leuca / Taranto Approach (Italy),36.236914,20.028372,12.8,326.2,325,0.1,Under way using engine,TARANTO,09-09 10:00,Normal,None,Steady commercial bulk transit across central Ionian Sea
2026-09-08 18:12:00,413289000,9324018,SILVER TRADER,BO331,Bulk Carrier,11.5,Ras Sem / Derna Offshore Approach (Libya),Cape Santa Maria di Leuca / Taranto Approach (Italy),36.245839,20.021002,12.9,326.3,325,-0.2,Under way using engine,TARANTO,09-09 10:00,Normal,None,Steady commercial bulk transit across central Ionian Sea
2026-09-08 18:15:00,413289000,9324018,SILVER TRADER,BO331,Bulk Carrier,11.5,Ras Sem / Derna Offshore Approach (Libya),Cape Santa Maria di Leuca / Taranto Approach (Italy),36.254722,20.013561,12.9,325.5,324,-0.0,Under way using engine,TARANTO,09-09 10:00,Normal,None,Steady commercial bulk transit across central Ionian Sea
2026-09-08 18:18:00,413289000,9324018,SILVER TRADER,BO331,Bulk Carrier,11.5,Ras Sem / Derna Offshore Approach (Libya),Cape Santa Maria di Leuca / Taranto Approach (Italy),36.263579,20.006052,12.9,326.1,325,-0.0,Under way using engine,TARANTO,09-09 10:00,Normal,None,Steady commercial bulk transit across central Ionian Sea
2026-09-08 18:21:00,413289000,9324018,SILVER TRADER,BO331,Bulk Carrier,11.5,Ras Sem / Derna Offshore Approach (Libya),Cape Santa Maria di Leuca / Taranto Approach (Italy),36.272541,19.99877,12.9,326.3,325,-0.0,Under way using engine,TARANTO,09-09 10:00,Normal,None,Steady commercial bulk transit across central Ionian Sea
2026-09-08 18:24:00,413289000,9324018,SILVER TRADER,BO331,Bulk Carrier,11.5,Ras Sem / Derna Offshore Approach (Libya),Cape Santa Maria di Leuca / Taranto Approach (Italy),36.281415,19.991365,12.8,325.7,325,-0.0,Under way using engine,TARANTO,09-09 10:00,Normal,None,Steady commercial bulk transit across central Ionian Sea
2026-09-08 18:27:00,413289000,9324018,SILVER TRADER,BO331,Bulk Carrier,11.5,Ras Sem / Derna Offshore Approach (Libya),Cape Santa Maria di Leuca / Taranto Approach (Italy),36.290236,19.983838,12.9,325.3,324,-0.1,Under way using engine,TARANTO,09-09 10:00,Normal,None,Steady commercial bulk transit across central Ionian Sea
2026-09-08 18:30:00,413289000,9324018,SILVER TRADER,BO331,Bulk Carrier,11.5,Ras Sem / Derna Offshore Approach (Libya),Cape Santa Maria di Leuca / Taranto Approach (Italy),36.299018,19.97624,12.8,325.3,324,-0.0,Under way using engine,TARANTO,09-09 10:00,Normal,None,Steady commercial bulk transit across central Ionian Sea
2026-09-08 18:33:00,413289000,9324018,SILVER TRADER,BO331,Bulk Carrier,11.5,Ras Sem / Derna Offshore Approach (Libya),Cape Santa Maria di Leuca / Taranto Approach (Italy),36.307814,19.968658,12.8,325.1,324,-0.1,Under way using engine,TARANTO,09-09 10:00,Normal,None,Steady commercial bulk transit across central Ionian Sea
2026-09-08 18:36:00,413289000,9324018,SILVER TRADER,BO331,Bulk Carrier,11.5,Ras Sem / Derna Offshore Approach (Libya),Cape Santa Maria di Leuca / Taranto Approach (Italy),36.316679,19.961217,12.8,325.8,325,-0.0,Under way using engine,TARANTO,09-09 10:00,Normal,None,Steady commercial bulk transit across central Ionian Sea
2026-09-08 18:39:00,413289000,9324018,SILVER TRADER,BO331,Bulk Carrier,11.5,Ras Sem / Derna Offshore Approach (Libya),Cape Santa Maria di Leuca / Taranto Approach (Italy),36.325461,19.953632,12.9,325.0,324,0.1,Under way using engine,TARANTO,09-09 10:00,Normal,None,Steady commercial bulk transit across central Ionian Sea
2026-09-08 18:42:00,413289000,9324018,SILVER TRADER,BO331,Bulk Carrier,11.5,Ras Sem / Derna Offshore Approach (Libya),Cape Santa Maria di Leuca / Taranto Approach (Italy),36.334263,19.946031,12.9,325.8,325,-0.0,Under way using engine,TARANTO,09-09 10:00,Normal,None,Steady commercial bulk transit across central Ionian Sea
2026-09-08 18:45:00,413289000,9324018,SILVER TRADER,BO331,Bulk Carrier,11.5,Ras Sem / Derna Offshore Approach (Libya),Cape Santa Maria di Leuca / Taranto Approach (Italy),36.343131,19.938616,12.9,325.8,325,0.0,Under way using engine,TARANTO,09-09 10:00,Normal,None,Steady commercial bulk transit across central Ionian Sea
2026-09-08 18:48:00,413289000,9324018,SILVER TRADER,BO331,Bulk Carrier,11.5,Ras Sem / Derna Offshore Approach (Libya),Cape Santa Maria di Leuca / Taranto Approach (Italy),36.351954,19.9311,12.8,325.7,325,-0.1,Under way using engine,TARANTO,09-09 10:00,Normal,None,Steady commercial bulk transit across central Ionian Sea
2026-09-08 18:51:00,413289000,9324018,SILVER TRADER,BO331,Bulk Carrier,11.5,Ras Sem / Derna Offshore Approach (Libya),Cape Santa Maria di Leuca / Taranto Approach (Italy),36.36079,19.923555,12.9,325.3,324,-0.2,Under way using engine,TARANTO,09-09 10:00,Normal,None,Steady commercial bulk transit across central Ionian Sea
2026-09-08 18:54:00,413289000,9324018,SILVER TRADER,BO331,Bulk Carrier,11.5,Ras Sem / Derna Offshore Approach (Libya),Cape Santa Maria di Leuca / Taranto Approach (Italy),36.369658,19.91606,12.8,326.0,325,-0.0,Under way using engine,TARANTO,09-09 10:00,Normal,None,Steady commercial bulk transit across central Ionian Sea
2026-09-08 18:57:00,413289000,9324018,SILVER TRADER,BO331,Bulk Carrier,11.5,Ras Sem / Derna Offshore Approach (Libya),Cape Santa Maria di Leuca / Taranto Approach (Italy),36.378479,19.908515,12.8,325.1,324,-0.1,Under way using engine,TARANTO,09-09 10:00,Normal,None,Steady commercial bulk transit across central Ionian Sea
2026-09-08 19:00:00,413289000,9324018,SILVER TRADER,BO331,Bulk Carrier,11.5,Ras Sem / Derna Offshore Approach (Libya),Cape Santa Maria di Leuca / Taranto Approach (Italy),36.387213,19.900827,12.9,324.8,324,-0.0,Under way using engine,TARANTO,09-09 10:00,Normal,None,Steady commercial bulk transit across central Ionian Sea
2026-09-08 19:03:00,413289000,9324018,SILVER TRADER,BO331,Bulk Carrier,11.5,Ras Sem / Derna Offshore Approach (Libya),Cape Santa Maria di Leuca / Taranto Approach (Italy),36.396009,19.893203,12.9,325.1,324,0.0,Under way using engine,TARANTO,09-09 10:00,Normal,None,Steady commercial bulk transit across central Ionian Sea
2026-09-08 19:06:00,413289000,9324018,SILVER TRADER,BO331,Bulk Carrier,11.5,Ras Sem / Derna Offshore Approach (Libya),Cape Santa Maria di Leuca / Taranto Approach (Italy),36.404798,19.885569,12.9,324.8,324,0.1,Under way using engine,TARANTO,09-09 10:00,Normal,None,Steady commercial bulk transit across central Ionian Sea
2026-09-08 19:09:00,413289000,9324018,SILVER TRADER,BO331,Bulk Carrier,11.5,Ras Sem / Derna Offshore Approach (Libya),Cape Santa Maria di Leuca / Taranto Approach (Italy),36.413642,19.878042,12.9,325.6,325,-0.2,Under way using engine,TARANTO,09-09 10:00,Normal,None,Steady commercial bulk transit across central Ionian Sea
2026-09-08 19:12:00,413289000,9324018,SILVER TRADER,BO331,Bulk Carrier,11.5,Ras Sem / Derna Offshore Approach (Libya),Cape Santa Maria di Leuca / Taranto Approach (Italy),36.422414,19.870445,12.8,324.3,323,-0.2,Under way using engine,TARANTO,09-09 10:00,Normal,None,Steady commercial bulk transit across central Ionian Sea
2026-09-08 19:15:00,413289000,9324018,SILVER TRADER,BO331,Bulk Carrier,11.5,Ras Sem / Derna Offshore Approach (Libya),Cape Santa Maria di Leuca / Taranto Approach (Italy),36.431211,19.862801,12.9,325.3,324,0.1,Under way using engine,TARANTO,09-09 10:00,Normal,None,Steady commercial bulk transit across central Ionian Sea
2026-09-08 19:18:00,413289000,9324018,SILVER TRADER,BO331,Bulk Carrier,11.5,Ras Sem / Derna Offshore Approach (Libya),Cape Santa Maria di Leuca / Taranto Approach (Italy),36.439983,19.855188,12.9,324.9,324,-0.1,Under way using engine,TARANTO,09-09 10:00,Normal,None,Steady commercial bulk transit across central Ionian Sea
2026-09-08 19:21:00,413289000,9324018,SILVER TRADER,BO331,Bulk Carrier,11.5,Ras Sem / Derna Offshore Approach (Libya),Cape Santa Maria di Leuca / Taranto Approach (Italy),36.44878,19.847547,12.9,324.5,323,-0.0,Under way using engine,TARANTO,09-09 10:00,Normal,None,Steady commercial bulk transit across central Ionian Sea
2026-09-08 19:24:00,413289000,9324018,SILVER TRADER,BO331,Bulk Carrier,11.5,Ras Sem / Derna Offshore Approach (Libya),Cape Santa Maria di Leuca / Taranto Approach (Italy),36.457428,19.839706,12.8,323.7,323,-0.2,Under way using engine,TARANTO,09-09 10:00,Normal,None,Steady commercial bulk transit across central Ionian Sea
2026-09-08 19:27:00,413289000,9324018,SILVER TRADER,BO331,Bulk Carrier,11.5,Ras Sem / Derna Offshore Approach (Libya),Cape Santa Maria di Leuca / Taranto Approach (Italy),36.466184,19.832298,12.6,329.1,328,2.5,Under way using engine,TARANTO,09-09 10:00,Normal,None,Approaching Gulf of Taranto / Salento Peninsula
2026-09-08 19:30:00,413289000,9324018,SILVER TRADER,BO331,Bulk Carrier,11.5,Ras Sem / Derna Offshore Approach (Libya),Cape Santa Maria di Leuca / Taranto Approach (Italy),36.475207,19.825479,12.7,328.1,327,-0.6,Under way using engine,TARANTO,09-09 10:00,Normal,None,Approaching Gulf of Taranto / Salento Peninsula
2026-09-08 19:33:00,413289000,9324018,SILVER TRADER,BO331,Bulk Carrier,11.5,Ras Sem / Derna Offshore Approach (Libya),Cape Santa Maria di Leuca / Taranto Approach (Italy),36.484238,19.818672,12.7,329.3,328,0.0,Under way using engine,TARANTO,09-09 10:00,Normal,None,Approaching Gulf of Taranto / Salento Peninsula
2026-09-08 19:36:00,413289000,9324018,SILVER TRADER,BO331,Bulk Carrier,11.5,Ras Sem / Derna Offshore Approach (Libya),Cape Santa Maria di Leuca / Taranto Approach (Italy),36.493271,19.811894,12.6,328.9,328,0.1,Under way using engine,TARANTO,09-09 10:00,Normal,None,Approaching Gulf of Taranto / Salento Peninsula
2026-09-08 19:39:00,413289000,9324018,SILVER TRADER,BO331,Bulk Carrier,11.5,Ras Sem / Derna Offshore Approach (Libya),Cape Santa Maria di Leuca / Taranto Approach (Italy),36.50228,19.805063,12.7,328.9,328,-0.0,Under way using engine,TARANTO,09-09 10:00,Normal,None,Approaching Gulf of Taranto / Salento Peninsula
2026-09-08 19:42:00,413289000,9324018,SILVER TRADER,BO331,Bulk Carrier,11.5,Ras Sem / Derna Offshore Approach (Libya),Cape Santa Maria di Leuca / Taranto Approach (Italy),36.511302,19.798242,12.7,328.1,327,-0.0,Under way using engine,TARANTO,09-09 10:00,Normal,None,Approaching Gulf of Taranto / Salento Peninsula
2026-09-08 19:45:00,413289000,9324018,SILVER TRADER,BO331,Bulk Carrier,11.5,Ras Sem / Derna Offshore Approach (Libya),Cape Santa Maria di Leuca / Taranto Approach (Italy),36.520313,19.791432,12.7,328.4,327,0.1,Under way using engine,TARANTO,09-09 10:00,Normal,None,Approaching Gulf of Taranto / Salento Peninsula
2026-09-08 19:48:00,413289000,9324018,SILVER TRADER,BO331,Bulk Carrier,11.5,Ras Sem / Derna Offshore Approach (Libya),Cape Santa Maria di Leuca / Taranto Approach (Italy),36.529363,19.784699,12.6,328.7,328,-0.1,Under way using engine,TARANTO,09-09 10:00,Normal,None,Approaching Gulf of Taranto / Salento Peninsula
2026-09-08 19:51:00,413289000,9324018,SILVER TRADER,BO331,Bulk Carrier,11.5,Ras Sem / Derna Offshore Approach (Libya),Cape Santa Maria di Leuca / Taranto Approach (Italy),36.538398,19.777912,12.7,329.3,328,0.1,Under way using engine,TARANTO,09-09 10:00,Normal,None,Approaching Gulf of Taranto / Salento Peninsula
2026-09-08 19:54:00,413289000,9324018,SILVER TRADER,BO331,Bulk Carrier,11.5,Ras Sem / Derna Offshore Approach (Libya),Cape Santa Maria di Leuca / Taranto Approach (Italy),36.547443,19.771104,12.7,328.4,327,-0.1,Under way using engine,TARANTO,09-09 10:00,Normal,None,Approaching Gulf of Taranto / Salento Peninsula
2026-09-08 19:57:00,413289000,9324018,SILVER TRADER,BO331,Bulk Carrier,11.5,Ras Sem / Derna Offshore Approach (Libya),Cape Santa Maria di Leuca / Taranto Approach (Italy),36.556436,19.764245,12.7,328.8,328,0.0,Under way using engine,TARANTO,09-09 10:00,Normal,None,Approaching Gulf of Taranto / Salento Peninsula
2026-09-08 20:00:00,413289000,9324018,SILVER TRADER,BO331,Bulk Carrier,11.5,Ras Sem / Derna Offshore Approach (Libya),Cape Santa Maria di Leuca / Taranto Approach (Italy),36.565474,19.757448,12.7,328.7,328,-0.1,Under way using engine,TARANTO,09-09 10:00,Normal,None,Approaching Gulf of Taranto / Salento Peninsula
2026-09-08 20:03:00,413289000,9324018,SILVER TRADER,BO331,Bulk Carrier,11.5,Ras Sem / Derna Offshore Approach (Libya),Cape Santa Maria di Leuca / Taranto Approach (Italy),36.574419,19.750469,12.6,327.8,327,0.0,Under way using engine,TARANTO,09-09 10:00,Normal,None,Approaching Gulf of Taranto / Salento Peninsula
2026-09-08 20:06:00,413289000,9324018,SILVER TRADER,BO331,Bulk Carrier,11.5,Ras Sem / Derna Offshore Approach (Libya),Cape Santa Maria di Leuca / Taranto Approach (Italy),36.583382,19.743539,12.6,328.4,327,0.0,Under way using engine,TARANTO,09-09 10:00,Normal,None,Approaching Gulf of Taranto / Salento Peninsula
2026-09-08 20:09:00,413289000,9324018,SILVER TRADER,BO331,Bulk Carrier,11.5,Ras Sem / Derna Offshore Approach (Libya),Cape Santa Maria di Leuca / Taranto Approach (Italy),36.592379,19.736731,12.6,328.3,327,-0.0,Under way using engine,TARANTO,09-09 10:00,Normal,None,Approaching Gulf of Taranto / Salento Peninsula
2026-09-08 20:12:00,413289000,9324018,SILVER TRADER,BO331,Bulk Carrier,11.5,Ras Sem / Derna Offshore Approach (Libya),Cape Santa Maria di Leuca / Taranto Approach (Italy),36.601333,19.729771,12.7,328.4,327,0.2,Under way using engine,TARANTO,09-09 10:00,Normal,None,Approaching Gulf of Taranto / Salento Peninsula
2026-09-08 20:15:00,413289000,9324018,SILVER TRADER,BO331,Bulk Carrier,11.5,Ras Sem / Derna Offshore Approach (Libya),Cape Santa Maria di Leuca / Taranto Approach (Italy),36.610292,19.722844,12.6,328.3,327,-0.1,Under way using engine,TARANTO,09-09 10:00,Normal,None,Approaching Gulf of Taranto / Salento Peninsula
2026-09-08 20:18:00,413289000,9324018,SILVER TRADER,BO331,Bulk Carrier,11.5,Ras Sem / Derna Offshore Approach (Libya),Cape Santa Maria di Leuca / Taranto Approach (Italy),36.6193,19.715995,12.7,329.1,328,0.1,Under way using engine,TARANTO,09-09 10:00,Normal,None,Approaching Gulf of Taranto / Salento Peninsula
2026-09-08 20:21:00,413289000,9324018,SILVER TRADER,BO331,Bulk Carrier,11.5,Ras Sem / Derna Offshore Approach (Libya),Cape Santa Maria di Leuca / Taranto Approach (Italy),36.628309,19.709181,12.7,329.0,328,-0.0,Under way using engine,TARANTO,09-09 10:00,Normal,None,Approaching Gulf of Taranto / Salento Peninsula
2026-09-08 20:24:00,413289000,9324018,SILVER TRADER,BO331,Bulk Carrier,11.5,Ras Sem / Derna Offshore Approach (Libya),Cape Santa Maria di Leuca / Taranto Approach (Italy),36.637362,19.702424,12.6,328.5,327,-0.1,Under way using engine,TARANTO,09-09 10:00,Normal,None,Approaching Gulf of Taranto / Salento Peninsula
2026-09-08 20:27:00,413289000,9324018,SILVER TRADER,BO331,Bulk Carrier,11.5,Ras Sem / Derna Offshore Approach (Libya),Cape Santa Maria di Leuca / Taranto Approach (Italy),36.646324,19.695488,12.7,328.0,327,0.0,Under way using engine,TARANTO,09-09 10:00,Normal,None,Approaching Gulf of Taranto / Salento Peninsula
2026-09-08 20:30:00,413289000,9324018,SILVER TRADER,BO331,Bulk Carrier,11.5,Ras Sem / Derna Offshore Approach (Libya),Cape Santa Maria di Leuca / Taranto Approach (Italy),36.655237,19.688485,12.7,327.1,326,-0.1,Under way using engine,TARANTO,09-09 10:00,Normal,None,Approaching Gulf of Taranto / Salento Peninsula
2026-09-08 20:33:00,413289000,9324018,SILVER TRADER,BO331,Bulk Carrier,11.5,Ras Sem / Derna Offshore Approach (Libya),Cape Santa Maria di Leuca / Taranto Approach (Italy),36.664081,19.681341,12.6,327.1,326,0.0,Under way using engine,TARANTO,09-09 10:00,Normal,None,Approaching Gulf of Taranto / Salento Peninsula
2026-09-08 20:36:00,413289000,9324018,SILVER TRADER,BO331,Bulk Carrier,11.5,Ras Sem / Derna Offshore Approach (Libya),Cape Santa Maria di Leuca / Taranto Approach (Italy),36.67299,19.674314,12.7,328.1,327,-0.3,Under way using engine,TARANTO,09-09 10:00,Normal,None,Approaching Gulf of Taranto / Salento Peninsula
2026-09-08 20:39:00,413289000,9324018,SILVER TRADER,BO331,Bulk Carrier,11.5,Ras Sem / Derna Offshore Approach (Libya),Cape Santa Maria di Leuca / Taranto Approach (Italy),36.681842,19.667204,12.7,327.1,326,-0.1,Under way using engine,TARANTO,09-09 10:00,Normal,None,Approaching Gulf of Taranto / Salento Peninsula
2026-09-08 20:42:00,413289000,9324018,SILVER TRADER,BO331,Bulk Carrier,11.5,Ras Sem / Derna Offshore Approach (Libya),Cape Santa Maria di Leuca / Taranto Approach (Italy),36.690708,19.660065,12.7,326.2,325,-0.0,Under way using engine,TARANTO,09-09 10:00,Normal,None,Approaching Gulf of Taranto / Salento Peninsula
2026-09-08 20:45:00,413289000,9324018,SILVER TRADER,BO331,Bulk Carrier,11.5,Ras Sem / Derna Offshore Approach (Libya),Cape Santa Maria di Leuca / Taranto Approach (Italy),36.699533,19.652886,12.6,327.1,326,-0.1,Under way using engine,TARANTO,09-09 10:00,Normal,None,Approaching Gulf of Taranto / Salento Peninsula
2026-09-08 20:48:00,413289000,9324018,SILVER TRADER,BO331,Bulk Carrier,11.5,Ras Sem / Derna Offshore Approach (Libya),Cape Santa Maria di Leuca / Taranto Approach (Italy),36.70842,19.64584,12.6,327.4,326,-0.0,Under way using engine,TARANTO,09-09 10:00,Normal,None,Approaching Gulf of Taranto / Salento Peninsula
2026-09-08 20:51:00,413289000,9324018,SILVER TRADER,BO331,Bulk Carrier,11.5,Ras Sem / Derna Offshore Approach (Libya),Cape Santa Maria di Leuca / Taranto Approach (Italy),36.717295,19.638776,12.7,327.9,327,-0.1,Under way using engine,TARANTO,09-09 10:00,Normal,None,Approaching Gulf of Taranto / Salento Peninsula
2026-09-08 20:54:00,413289000,9324018,SILVER TRADER,BO331,Bulk Carrier,11.5,Ras Sem / Derna Offshore Approach (Libya),Cape Santa Maria di Leuca / Taranto Approach (Italy),36.726241,19.631841,12.6,327.7,327,-0.0,Under way using engine,TARANTO,09-09 10:00,Normal,None,Approaching Gulf of Taranto / Salento Peninsula
2026-09-08 20:57:00,413289000,9324018,SILVER TRADER,BO331,Bulk Carrier,11.5,Ras Sem / Derna Offshore Approach (Libya),Cape Santa Maria di Leuca / Taranto Approach (Italy),36.735234,19.624967,12.6,328.6,327,0.1,Under way using engine,TARANTO,09-09 10:00,Normal,None,Approaching Gulf of Taranto / Salento Peninsula
2026-09-08 21:00:00,413289000,9324018,SILVER TRADER,BO331,Bulk Carrier,11.5,Ras Sem / Derna Offshore Approach (Libya),Cape Santa Maria di Leuca / Taranto Approach (Italy),36.744225,19.618077,12.7,327.9,327,0.0,Under way using engine,TARANTO,09-09 10:00,Normal,None,Approaching Gulf of Taranto / Salento Peninsula
2026-09-08 21:03:00,413289000,9324018,SILVER TRADER,BO331,Bulk Carrier,11.5,Ras Sem / Derna Offshore Approach (Libya),Cape Santa Maria di Leuca / Taranto Approach (Italy),36.753188,19.611114,12.7,327.7,327,-0.3,Under way using engine,TARANTO,09-09 10:00,Normal,None,Approaching Gulf of Taranto / Salento Peninsula
2026-09-08 21:06:00,413289000,9324018,SILVER TRADER,BO331,Bulk Carrier,11.5,Ras Sem / Derna Offshore Approach (Libya),Cape Santa Maria di Leuca / Taranto Approach (Italy),36.762078,19.604055,12.6,327.5,326,0.2,Under way using engine,TARANTO,09-09 10:00,Normal,None,Approaching Gulf of Taranto / Salento Peninsula
2026-09-08 21:09:00,413289000,9324018,SILVER TRADER,BO331,Bulk Carrier,11.5,Ras Sem / Derna Offshore Approach (Libya),Cape Santa Maria di Leuca / Taranto Approach (Italy),36.770986,19.597077,12.7,328.3,327,-0.0,Under way using engine,TARANTO,09-09 10:00,Normal,None,Approaching Gulf of Taranto / Salento Peninsula
2026-09-08 21:12:00,413289000,9324018,SILVER TRADER,BO331,Bulk Carrier,11.5,Ras Sem / Derna Offshore Approach (Libya),Cape Santa Maria di Leuca / Taranto Approach (Italy),36.779966,19.590158,12.7,328.3,327,0.0,Under way using engine,TARANTO,09-09 10:00,Normal,None,Approaching Gulf of Taranto / Salento Peninsula
2026-09-08 21:15:00,413289000,9324018,SILVER TRADER,BO331,Bulk Carrier,11.5,Ras Sem / Derna Offshore Approach (Libya),Cape Santa Maria di Leuca / Taranto Approach (Italy),36.788911,19.583228,12.6,328.3,327,0.0,Under way using engine,TARANTO,09-09 10:00,Normal,None,Approaching Gulf of Taranto / Salento Peninsula
2026-09-08 21:18:00,413289000,9324018,SILVER TRADER,BO331,Bulk Carrier,11.5,Ras Sem / Derna Offshore Approach (Libya),Cape Santa Maria di Leuca / Taranto Approach (Italy),36.797821,19.576217,12.6,327.6,326,0.0,Under way using engine,TARANTO,09-09 10:00,Normal,None,Approaching Gulf of Taranto / Salento Peninsula
2026-09-08 21:21:00,413289000,9324018,SILVER TRADER,BO331,Bulk Carrier,11.5,Ras Sem / Derna Offshore Approach (Libya),Cape Santa Maria di Leuca / Taranto Approach (Italy),36.806761,19.569255,12.7,328.1,327,-0.1,Under way using engine,TARANTO,09-09 10:00,Normal,None,Approaching Gulf of Taranto / Salento Peninsula
2026-09-08 21:24:00,413289000,9324018,SILVER TRADER,BO331,Bulk Carrier,11.5,Ras Sem / Derna Offshore Approach (Libya),Cape Santa Maria di Leuca / Taranto Approach (Italy),36.815736,19.562365,12.6,328.3,327,0.1,Under way using engine,TARANTO,09-09 10:00,Normal,None,Approaching Gulf of Taranto / Salento Peninsula
2026-09-08 21:27:00,413289000,9324018,SILVER TRADER,BO331,Bulk Carrier,11.5,Ras Sem / Derna Offshore Approach (Libya),Cape Santa Maria di Leuca / Taranto Approach (Italy),36.824651,19.55538,12.6,327.8,327,-0.1,Under way using engine,TARANTO,09-09 10:00,Normal,None,Approaching Gulf of Taranto / Salento Peninsula
2026-09-08 21:30:00,413289000,9324018,SILVER TRADER,BO331,Bulk Carrier,11.5,Ras Sem / Derna Offshore Approach (Libya),Cape Santa Maria di Leuca / Taranto Approach (Italy),36.833591,19.548433,12.7,328.2,327,0.0,Under way using engine,TARANTO,09-09 10:00,Normal,None,Approaching Gulf of Taranto / Salento Peninsula
2026-09-08 21:33:00,413289000,9324018,SILVER TRADER,BO331,Bulk Carrier,11.5,Ras Sem / Derna Offshore Approach (Libya),Cape Santa Maria di Leuca / Taranto Approach (Italy),36.84254,19.541538,12.6,328.8,328,0.1,Under way using engine,TARANTO,09-09 10:00,Normal,None,Approaching Gulf of Taranto / Salento Peninsula
2026-09-08 21:36:00,413289000,9324018,SILVER TRADER,BO331,Bulk Carrier,11.5,Ras Sem / Derna Offshore Approach (Libya),Cape Santa Maria di Leuca / Taranto Approach (Italy),36.85141,19.534442,12.7,327.1,326,-0.1,Under way using engine,TARANTO,09-09 10:00,Normal,None,Approaching Gulf of Taranto / Salento Peninsula
2026-09-08 21:39:00,413289000,9324018,SILVER TRADER,BO331,Bulk Carrier,11.5,Ras Sem / Derna Offshore Approach (Libya),Cape Santa Maria di Leuca / Taranto Approach (Italy),36.860267,19.527339,12.6,328.1,327,0.0,Under way using engine,TARANTO,09-09 10:00,Normal,None,Approaching Gulf of Taranto / Salento Peninsula
2026-09-08 21:42:00,413289000,9324018,SILVER TRADER,BO331,Bulk Carrier,11.5,Ras Sem / Derna Offshore Approach (Libya),Cape Santa Maria di Leuca / Taranto Approach (Italy),36.869183,19.520319,12.7,327.5,326,0.3,Under way using engine,TARANTO,09-09 10:00,Normal,None,Approaching Gulf of Taranto / Salento Peninsula
2026-09-08 21:45:00,413289000,9324018,SILVER TRADER,BO331,Bulk Carrier,11.5,Ras Sem / Derna Offshore Approach (Libya),Cape Santa Maria di Leuca / Taranto Approach (Italy),36.878065,19.513268,12.6,327.5,326,-0.2,Under way using engine,TARANTO,09-09 10:00,Normal,None,Approaching Gulf of Taranto / Salento Peninsula
2026-09-08 21:48:00,413289000,9324018,SILVER TRADER,BO331,Bulk Carrier,11.5,Ras Sem / Derna Offshore Approach (Libya),Cape Santa Maria di Leuca / Taranto Approach (Italy),36.886933,19.506173,12.6,327.3,326,0.1,Under way using engine,TARANTO,09-09 10:00,Normal,None,Approaching Gulf of Taranto / Salento Peninsula
2026-09-08 21:51:00,413289000,9324018,SILVER TRADER,BO331,Bulk Carrier,11.5,Ras Sem / Derna Offshore Approach (Libya),Cape Santa Maria di Leuca / Taranto Approach (Italy),36.895923,19.49929,12.6,328.4,327,0.0,Under way using engine,TARANTO,09-09 10:00,Normal,None,Approaching Gulf of Taranto / Salento Peninsula
2026-09-08 21:54:00,413289000,9324018,SILVER TRADER,BO331,Bulk Carrier,11.5,Ras Sem / Derna Offshore Approach (Libya),Cape Santa Maria di Leuca / Taranto Approach (Italy),36.904923,19.492449,12.7,328.9,328,0.0,Under way using engine,TARANTO,09-09 10:00,Normal,None,Approaching Gulf of Taranto / Salento Peninsula
2026-09-08 21:57:00,413289000,9324018,SILVER TRADER,BO331,Bulk Carrier,11.5,Ras Sem / Derna Offshore Approach (Libya),Cape Santa Maria di Leuca / Taranto Approach (Italy),36.913924,19.485626,12.6,328.5,327,0.0,Under way using engine,TARANTO,09-09 10:00,Normal,None,Approaching Gulf of Taranto / Salento Peninsula
2026-09-08 22:00:00,413289000,9324018,SILVER TRADER,BO331,Bulk Carrier,11.5,Ras Sem / Derna Offshore Approach (Libya),Cape Santa Maria di Leuca / Taranto Approach (Italy),36.922847,19.478673,12.6,327.9,327,-0.1,Under way using engine,TARANTO,09-09 10:00,Normal,None,Approaching Gulf of Taranto / Salento Peninsula
2026-09-08 22:03:00,413289000,9324018,SILVER TRADER,BO331,Bulk Carrier,11.5,Ras Sem / Derna Offshore Approach (Libya),Cape Santa Maria di Leuca / Taranto Approach (Italy),36.931836,19.471777,12.7,328.5,327,0.0,Under way using engine,TARANTO,09-09 10:00,Normal,None,Approaching Gulf of Taranto / Salento Peninsula
2026-09-08 22:06:00,413289000,9324018,SILVER TRADER,BO331,Bulk Carrier,11.5,Ras Sem / Derna Offshore Approach (Libya),Cape Santa Maria di Leuca / Taranto Approach (Italy),36.940716,19.46474,12.6,327.3,326,-0.0,Under way using engine,TARANTO,09-09 10:00,Normal,None,Approaching Gulf of Taranto / Salento Peninsula
2026-09-08 22:09:00,413289000,9324018,SILVER TRADER,BO331,Bulk Carrier,11.5,Ras Sem / Derna Offshore Approach (Libya),Cape Santa Maria di Leuca / Taranto Approach (Italy),36.949584,19.457654,12.6,327.6,327,-0.0,Under way using engine,TARANTO,09-09 10:00,Normal,None,Approaching Gulf of Taranto / Salento Peninsula
2026-09-08 22:12:00,413289000,9324018,SILVER TRADER,BO331,Bulk Carrier,11.5,Ras Sem / Derna Offshore Approach (Libya),Cape Santa Maria di Leuca / Taranto Approach (Italy),36.958437,19.450531,12.7,327.2,326,0.1,Under way using engine,TARANTO,09-09 10:00,Normal,None,Approaching Gulf of Taranto / Salento Peninsula
2026-09-08 22:15:00,413289000,9324018,SILVER TRADER,BO331,Bulk Carrier,11.5,Ras Sem / Derna Offshore Approach (Libya),Cape Santa Maria di Leuca / Taranto Approach (Italy),36.967201,19.443264,12.7,326.1,325,-0.1,Under way using engine,TARANTO,09-09 10:00,Normal,None,Approaching Gulf of Taranto / Salento Peninsula
2026-09-08 22:18:00,413289000,9324018,SILVER TRADER,BO331,Bulk Carrier,11.5,Ras Sem / Derna Offshore Approach (Libya),Cape Santa Maria di Leuca / Taranto Approach (Italy),36.975947,19.435959,12.6,326.8,326,0.1,Under way using engine,TARANTO,09-09 10:00,Normal,None,Approaching Gulf of Taranto / Salento Peninsula
2026-09-08 22:21:00,413289000,9324018,SILVER TRADER,BO331,Bulk Carrier,11.5,Ras Sem / Derna Offshore Approach (Libya),Cape Santa Maria di Leuca / Taranto Approach (Italy),36.984739,19.428759,12.6,326.8,326,-0.3,Under way using engine,TARANTO,09-09 10:00,Normal,None,Approaching Gulf of Taranto / Salento Peninsula
2026-09-08 22:24:00,413289000,9324018,SILVER TRADER,BO331,Bulk Carrier,11.5,Ras Sem / Derna Offshore Approach (Libya),Cape Santa Maria di Leuca / Taranto Approach (Italy),36.993537,19.421555,12.6,326.8,326,-0.1,Under way using engine,TARANTO,09-09 10:00,Normal,None,Approaching Gulf of Taranto / Salento Peninsula
2026-09-08 22:27:00,413289000,9324018,SILVER TRADER,BO331,Bulk Carrier,11.5,Ras Sem / Derna Offshore Approach (Libya),Cape Santa Maria di Leuca / Taranto Approach (Italy),37.00243,19.414491,12.6,327.4,326,0.1,Under way using engine,TARANTO,09-09 10:00,Normal,None,Approaching Gulf of Taranto / Salento Peninsula
2026-09-08 22:30:00,413289000,9324018,SILVER TRADER,BO331,Bulk Carrier,11.5,Ras Sem / Derna Offshore Approach (Libya),Cape Santa Maria di Leuca / Taranto Approach (Italy),37.01124,19.407291,12.7,326.0,325,-0.2,Under way using engine,TARANTO,09-09 10:00,Normal,None,Approaching Gulf of Taranto / Salento Peninsula
2026-09-08 22:33:00,413289000,9324018,SILVER TRADER,BO331,Bulk Carrier,11.5,Ras Sem / Derna Offshore Approach (Libya),Cape Santa Maria di Leuca / Taranto Approach (Italy),37.019989,19.399987,12.6,326.6,326,-0.0,Under way using engine,TARANTO,09-09 10:00,Normal,None,Approaching Gulf of Taranto / Salento Peninsula
2026-09-08 22:36:00,413289000,9324018,SILVER TRADER,BO331,Bulk Carrier,11.5,Ras Sem / Derna Offshore Approach (Libya),Cape Santa Maria di Leuca / Taranto Approach (Italy),37.028815,19.392851,12.6,327.4,326,-0.0,Under way using engine,TARANTO,09-09 10:00,Normal,None,Approaching Gulf of Taranto / Salento Peninsula
2026-09-08 22:39:00,413289000,9324018,SILVER TRADER,BO331,Bulk Carrier,11.5,Ras Sem / Derna Offshore Approach (Libya),Cape Santa Maria di Leuca / Taranto Approach (Italy),37.037725,19.385858,12.6,328.0,327,-0.0,Under way using engine,TARANTO,09-09 10:00,Normal,None,Approaching Gulf of Taranto / Salento Peninsula
2026-09-08 22:42:00,413289000,9324018,SILVER TRADER,BO331,Bulk Carrier,11.5,Ras Sem / Derna Offshore Approach (Libya),Cape Santa Maria di Leuca / Taranto Approach (Italy),37.046628,19.378866,12.6,327.8,327,-0.1,Under way using engine,TARANTO,09-09 10:00,Normal,None,Approaching Gulf of Taranto / Salento Peninsula
2026-09-08 22:45:00,413289000,9324018,SILVER TRADER,BO331,Bulk Carrier,11.5,Ras Sem / Derna Offshore Approach (Libya),Cape Santa Maria di Leuca / Taranto Approach (Italy),37.055535,19.371904,12.6,328.2,327,0.1,Under way using engine,TARANTO,09-09 10:00,Normal,None,Approaching Gulf of Taranto / Salento Peninsula
2026-09-08 22:48:00,413289000,9324018,SILVER TRADER,BO331,Bulk Carrier,11.5,Ras Sem / Derna Offshore Approach (Libya),Cape Santa Maria di Leuca / Taranto Approach (Italy),37.064443,19.364926,12.6,328.2,327,0.0,Under way using engine,TARANTO,09-09 10:00,Normal,None,Approaching Gulf of Taranto / Salento Peninsula
2026-09-08 22:51:00,413289000,9324018,SILVER TRADER,BO331,Bulk Carrier,11.5,Ras Sem / Derna Offshore Approach (Libya),Cape Santa Maria di Leuca / Taranto Approach (Italy),37.073425,19.358033,12.6,328.7,328,-0.2,Under way using engine,TARANTO,09-09 10:00,Normal,None,Approaching Gulf of Taranto / Salento Peninsula
2026-09-08 22:54:00,413289000,9324018,SILVER TRADER,BO331,Bulk Carrier,11.5,Ras Sem / Derna Offshore Approach (Libya),Cape Santa Maria di Leuca / Taranto Approach (Italy),37.082385,19.35115,12.6,328.5,327,0.2,Under way using engine,TARANTO,09-09 10:00,Normal,None,Approaching Gulf of Taranto / Salento Peninsula
2026-09-08 22:57:00,413289000,9324018,SILVER TRADER,BO331,Bulk Carrier,11.5,Ras Sem / Derna Offshore Approach (Libya),Cape Santa Maria di Leuca / Taranto Approach (Italy),37.091383,19.344367,12.6,328.6,328,-0.1,Under way using engine,TARANTO,09-09 10:00,Normal,None,Approaching Gulf of Taranto / Salento Peninsula
2026-09-08 23:00:00,413289000,9324018,SILVER TRADER,BO331,Bulk Carrier,11.5,Ras Sem / Derna Offshore Approach (Libya),Cape Santa Maria di Leuca / Taranto Approach (Italy),37.100329,19.33744,12.6,327.9,327,-0.0,Under way using engine,TARANTO,09-09 10:00,Normal,None,Approaching Gulf of Taranto / Salento Peninsula
2026-09-08 23:03:00,413289000,9324018,SILVER TRADER,BO331,Bulk Carrier,11.5,Ras Sem / Derna Offshore Approach (Libya),Cape Santa Maria di Leuca / Taranto Approach (Italy),37.109226,19.330402,12.6,328.1,327,-0.0,Under way using engine,TARANTO,09-09 10:00,Normal,None,Approaching Gulf of Taranto / Salento Peninsula
2026-09-08 23:06:00,413289000,9324018,SILVER TRADER,BO331,Bulk Carrier,11.5,Ras Sem / Derna Offshore Approach (Libya),Cape Santa Maria di Leuca / Taranto Approach (Italy),37.118106,19.323363,12.6,327.5,326,0.0,Under way using engine,TARANTO,09-09 10:00,Normal,None,Approaching Gulf of Taranto / Salento Peninsula
2026-09-08 23:09:00,413289000,9324018,SILVER TRADER,BO331,Bulk Carrier,11.5,Ras Sem / Derna Offshore Approach (Libya),Cape Santa Maria di Leuca / Taranto Approach (Italy),37.126916,19.316176,12.6,327.3,326,-0.1,Under way using engine,TARANTO,09-09 10:00,Normal,None,Approaching Gulf of Taranto / Salento Peninsula
2026-09-08 23:12:00,413289000,9324018,SILVER TRADER,BO331,Bulk Carrier,11.5,Ras Sem / Derna Offshore Approach (Libya),Cape Santa Maria di Leuca / Taranto Approach (Italy),37.13581,19.309163,12.6,328.1,327,0.2,Under way using engine,TARANTO,09-09 10:00,Normal,None,Approaching Gulf of Taranto / Salento Peninsula
2026-09-08 23:15:00,413289000,9324018,SILVER TRADER,BO331,Bulk Carrier,11.5,Ras Sem / Derna Offshore Approach (Libya),Cape Santa Maria di Leuca / Taranto Approach (Italy),37.144664,19.302108,12.6,327.2,326,-0.1,Under way using engine,TARANTO,09-09 10:00,Normal,None,Approaching Gulf of Taranto / Salento Peninsula
2026-09-08 23:18:00,413289000,9324018,SILVER TRADER,BO331,Bulk Carrier,11.5,Ras Sem / Derna Offshore Approach (Libya),Cape Santa Maria di Leuca / Taranto Approach (Italy),37.153485,19.294962,12.6,327.0,326,0.1,Under way using engine,TARANTO,09-09 10:00,Normal,None,Approaching Gulf of Taranto / Salento Peninsula
2026-09-08 23:21:00,413289000,9324018,SILVER TRADER,BO331,Bulk Carrier,11.5,Ras Sem / Derna Offshore Approach (Libya),Cape Santa Maria di Leuca / Taranto Approach (Italy),37.162332,19.287846,12.6,327.8,327,-0.1,Under way using engine,TARANTO,09-09 10:00,Normal,None,Approaching Gulf of Taranto / Salento Peninsula
2026-09-08 23:24:00,413289000,9324018,SILVER TRADER,BO331,Bulk Carrier,11.5,Ras Sem / Derna Offshore Approach (Libya),Cape Santa Maria di Leuca / Taranto Approach (Italy),37.171243,19.280861,12.5,327.5,326,-0.2,Under way using engine,TARANTO,09-09 10:00,Normal,None,Approaching Gulf of Taranto / Salento Peninsula
2026-09-08 23:27:00,413289000,9324018,SILVER TRADER,BO331,Bulk Carrier,11.5,Ras Sem / Derna Offshore Approach (Libya),Cape Santa Maria di Leuca / Taranto Approach (Italy),37.180057,19.273692,12.6,327.1,326,0.0,Under way using engine,TARANTO,09-09 10:00,Normal,None,Approaching Gulf of Taranto / Salento Peninsula
2026-09-08 23:30:00,413289000,9324018,SILVER TRADER,BO331,Bulk Carrier,11.5,Ras Sem / Derna Offshore Approach (Libya),Cape Santa Maria di Leuca / Taranto Approach (Italy),37.188889,19.266556,12.6,327.4,326,-0.2,Under way using engine,TARANTO,09-09 10:00,Normal,None,Approaching Gulf of Taranto / Salento Peninsula
2026-09-08 23:33:00,413289000,9324018,SILVER TRADER,BO331,Bulk Carrier,11.5,Ras Sem / Derna Offshore Approach (Libya),Cape Santa Maria di Leuca / Taranto Approach (Italy),37.197752,19.259472,12.6,327.8,327,0.0,Under way using engine,TARANTO,09-09 10:00,Normal,None,Approaching Gulf of Taranto / Salento Peninsula
2026-09-08 23:36:00,413289000,9324018,SILVER TRADER,BO331,Bulk Carrier,11.5,Ras Sem / Derna Offshore Approach (Libya),Cape Santa Maria di Leuca / Taranto Approach (Italy),37.206608,19.25235,12.6,327.2,326,-0.3,Under way using engine,TARANTO,09-09 10:00,Normal,None,Approaching Gulf of Taranto / Salento Peninsula
2026-09-08 23:39:00,413289000,9324018,SILVER TRADER,BO331,Bulk Carrier,11.5,Ras Sem / Derna Offshore Approach (Libya),Cape Santa Maria di Leuca / Taranto Approach (Italy),37.215469,19.245269,12.6,328.2,327,0.2,Under way using engine,TARANTO,09-09 10:00,Normal,None,Approaching Gulf of Taranto / Salento Peninsula
2026-09-08 23:42:00,413289000,9324018,SILVER TRADER,BO331,Bulk Carrier,11.5,Ras Sem / Derna Offshore Approach (Libya),Cape Santa Maria di Leuca / Taranto Approach (Italy),37.224397,19.238361,12.6,328.2,327,-0.1,Under way using engine,TARANTO,09-09 10:00,Normal,None,Approaching Gulf of Taranto / Salento Peninsula
2026-09-08 23:45:00,413289000,9324018,SILVER TRADER,BO331,Bulk Carrier,11.5,Ras Sem / Derna Offshore Approach (Libya),Cape Santa Maria di Leuca / Taranto Approach (Italy),37.233332,19.231434,12.6,328.6,328,0.2,Under way using engine,TARANTO,09-09 10:00,Normal,None,Approaching Gulf of Taranto / Salento Peninsula
2026-09-08 23:48:00,413289000,9324018,SILVER TRADER,BO331,Bulk Carrier,11.5,Ras Sem / Derna Offshore Approach (Libya),Cape Santa Maria di Leuca / Taranto Approach (Italy),37.242232,19.224429,12.6,327.6,327,-0.1,Under way using engine,TARANTO,09-09 10:00,Normal,None,Approaching Gulf of Taranto / Salento Peninsula
2026-09-08 23:51:00,413289000,9324018,SILVER TRADER,BO331,Bulk Carrier,11.5,Ras Sem / Derna Offshore Approach (Libya),Cape Santa Maria di Leuca / Taranto Approach (Italy),37.251062,19.2173,12.6,327.2,326,0.1,Under way using engine,TARANTO,09-09 10:00,Normal,None,Approaching Gulf of Taranto / Salento Peninsula
2026-09-08 23:54:00,413289000,9324018,SILVER TRADER,BO331,Bulk Carrier,11.5,Ras Sem / Derna Offshore Approach (Libya),Cape Santa Maria di Leuca / Taranto Approach (Italy),37.259864,19.210084,12.6,326.0,325,-0.0,Under way using engine,TARANTO,09-09 10:00,Normal,None,Approaching Gulf of Taranto / Salento Peninsula
2026-09-08 23:57:00,413289000,9324018,SILVER TRADER,BO331,Bulk Carrier,11.5,Ras Sem / Derna Offshore Approach (Libya),Cape Santa Maria di Leuca / Taranto Approach (Italy),37.268619,19.20283,12.5,326.8,326,0.2,Under way using engine,TARANTO,09-09 10:00,Normal,None,Approaching Gulf of Taranto / Salento Peninsula
2026-09-09 00:00:00,413289000,9324018,SILVER TRADER,BO331,Bulk Carrier,11.5,Ras Sem / Derna Offshore Approach (Libya),Cape Santa Maria di Leuca / Taranto Approach (Italy),37.277407,19.195665,12.5,326.5,325,0.1,Under way using engine,TARANTO,09-09 10:00,Normal,None,Approaching Gulf of Taranto / Salento Peninsula
2026-09-08 00:00:00,352911000,9537112,OCEAN PIONEER,HP5620,Product Tanker,10.4,"Catania/Augusta Offshore Fairway (Sicily, Italy)",Port Said Fairway / Suez Transit (Egypt),37.148873,15.451385,11.4,135.6,135,2.3,Under way using engine,PORT SAID,09-10 14:00,Normal,None,"Rounding southeastern Sicily, coming onto Suez transit line"
2026-09-08 00:03:00,352911000,9537112,OCEAN PIONEER,HP5620,Product Tanker,10.4,"Catania/Augusta Offshore Fairway (Sicily, Italy)",Port Said Fairway / Suez Transit (Egypt),37.140858,15.458798,12.4,150.8,151,6.3,Under way using engine,PORT SAID,09-10 14:00,Normal,None,"Rounding southeastern Sicily, coming onto Suez transit line"
2026-09-08 00:06:00,352911000,9537112,OCEAN PIONEER,HP5620,Product Tanker,10.4,"Catania/Augusta Offshore Fairway (Sicily, Italy)",Port Said Fairway / Suez Transit (Egypt),37.130841,15.463898,13.4,158.7,159,-1.5,Under way using engine,PORT SAID,09-10 14:00,Normal,None,"Rounding southeastern Sicily, coming onto Suez transit line"
2026-09-08 00:09:00,352911000,9537112,OCEAN PIONEER,HP5620,Product Tanker,10.4,"Catania/Augusta Offshore Fairway (Sicily, Italy)",Port Said Fairway / Suez Transit (Egypt),37.120088,15.469635,14.4,157.5,158,0.5,Under way using engine,PORT SAID,09-10 14:00,Normal,None,"Rounding southeastern Sicily, coming onto Suez transit line"
2026-09-08 00:12:00,352911000,9537112,OCEAN PIONEER,HP5620,Product Tanker,10.4,"Catania/Augusta Offshore Fairway (Sicily, Italy)",Port Said Fairway / Suez Transit (Egypt),37.10885,15.475293,14.6,157.7,158,-0.3,Under way using engine,PORT SAID,09-10 14:00,Normal,None,"Rounding southeastern Sicily, coming onto Suez transit line"
2026-09-08 00:15:00,352911000,9537112,OCEAN PIONEER,HP5620,Product Tanker,10.4,"Catania/Augusta Offshore Fairway (Sicily, Italy)",Port Said Fairway / Suez Transit (Egypt),37.097679,15.48117,14.5,156.9,157,-0.1,Under way using engine,PORT SAID,09-10 14:00,Normal,None,"Rounding southeastern Sicily, coming onto Suez transit line"
2026-09-08 00:18:00,352911000,9537112,OCEAN PIONEER,HP5620,Product Tanker,10.4,"Catania/Augusta Offshore Fairway (Sicily, Italy)",Port Said Fairway / Suez Transit (Egypt),37.086532,15.487182,14.6,157.4,157,-0.0,Under way using engine,PORT SAID,09-10 14:00,Normal,None,"Rounding southeastern Sicily, coming onto Suez transit line"
2026-09-08 00:21:00,352911000,9537112,OCEAN PIONEER,HP5620,Product Tanker,10.4,"Catania/Augusta Offshore Fairway (Sicily, Italy)",Port Said Fairway / Suez Transit (Egypt),37.075328,15.493008,14.5,157.4,157,-0.1,Under way using engine,PORT SAID,09-10 14:00,Normal,None,"Rounding southeastern Sicily, coming onto Suez transit line"
2026-09-08 00:24:00,352911000,9537112,OCEAN PIONEER,HP5620,Product Tanker,10.4,"Catania/Augusta Offshore Fairway (Sicily, Italy)",Port Said Fairway / Suez Transit (Egypt),37.0641,15.498723,14.6,158.4,158,0.0,Under way using engine,PORT SAID,09-10 14:00,Normal,None,"Rounding southeastern Sicily, coming onto Suez transit line"
2026-09-08 00:27:00,352911000,9537112,OCEAN PIONEER,HP5620,Product Tanker,10.4,"Catania/Augusta Offshore Fairway (Sicily, Italy)",Port Said Fairway / Suez Transit (Egypt),37.052876,15.504458,14.6,157.1,157,0.1,Under way using engine,PORT SAID,09-10 14:00,Normal,None,"Rounding southeastern Sicily, coming onto Suez transit line"
2026-09-08 00:30:00,352911000,9537112,OCEAN PIONEER,HP5620,Product Tanker,10.4,"Catania/Augusta Offshore Fairway (Sicily, Italy)",Port Said Fairway / Suez Transit (Egypt),37.041679,15.510185,14.5,158.2,158,0.0,Under way using engine,PORT SAID,09-10 14:00,Normal,None,"Rounding southeastern Sicily, coming onto Suez transit line"
2026-09-08 00:33:00,352911000,9537112,OCEAN PIONEER,HP5620,Product Tanker,10.4,"Catania/Augusta Offshore Fairway (Sicily, Italy)",Port Said Fairway / Suez Transit (Egypt),37.030406,15.515776,14.5,158.9,159,0.1,Under way using engine,PORT SAID,09-10 14:00,Normal,None,"Rounding southeastern Sicily, coming onto Suez transit line"
2026-09-08 00:36:00,352911000,9537112,OCEAN PIONEER,HP5620,Product Tanker,10.4,"Catania/Augusta Offshore Fairway (Sicily, Italy)",Port Said Fairway / Suez Transit (Egypt),37.019127,15.521341,14.6,158.3,158,-0.0,Under way using engine,PORT SAID,09-10 14:00,Normal,None,"Rounding southeastern Sicily, coming onto Suez transit line"
2026-09-08 00:39:00,352911000,9537112,OCEAN PIONEER,HP5620,Product Tanker,10.4,"Catania/Augusta Offshore Fairway (Sicily, Italy)",Port Said Fairway / Suez Transit (Egypt),37.007854,15.526955,14.6,158.4,158,0.1,Under way using engine,PORT SAID,09-10 14:00,Normal,None,"Rounding southeastern Sicily, coming onto Suez transit line"
2026-09-08 00:42:00,352911000,9537112,OCEAN PIONEER,HP5620,Product Tanker,10.4,"Catania/Augusta Offshore Fairway (Sicily, Italy)",Port Said Fairway / Suez Transit (Egypt),36.996556,15.532486,14.6,159.0,159,0.1,Under way using engine,PORT SAID,09-10 14:00,Normal,None,"Rounding southeastern Sicily, coming onto Suez transit line"
2026-09-08 00:45:00,352911000,9537112,OCEAN PIONEER,HP5620,Product Tanker,10.4,"Catania/Augusta Offshore Fairway (Sicily, Italy)",Port Said Fairway / Suez Transit (Egypt),36.985308,15.538098,14.5,158.5,159,-0.0,Under way using engine,PORT SAID,09-10 14:00,Normal,None,"Rounding southeastern Sicily, coming onto Suez transit line"
2026-09-08 00:48:00,352911000,9537112,OCEAN PIONEER,HP5620,Product Tanker,10.4,"Catania/Augusta Offshore Fairway (Sicily, Italy)",Port Said Fairway / Suez Transit (Egypt),36.97401,15.543521,14.5,158.5,159,-0.1,Under way using engine,PORT SAID,09-10 14:00,Normal,None,"Rounding southeastern Sicily, coming onto Suez transit line"
2026-09-08 00:51:00,352911000,9537112,OCEAN PIONEER,HP5620,Product Tanker,10.4,"Catania/Augusta Offshore Fairway (Sicily, Italy)",Port Said Fairway / Suez Transit (Egypt),36.962775,15.549255,14.5,157.8,158,0.2,Under way using engine,PORT SAID,09-10 14:00,Normal,None,"Rounding southeastern Sicily, coming onto Suez transit line"
2026-09-08 00:54:00,352911000,9537112,OCEAN PIONEER,HP5620,Product Tanker,10.4,"Catania/Augusta Offshore Fairway (Sicily, Italy)",Port Said Fairway / Suez Transit (Egypt),36.951521,15.554874,14.6,158.5,159,-0.0,Under way using engine,PORT SAID,09-10 14:00,Normal,None,"Rounding southeastern Sicily, coming onto Suez transit line"
2026-09-08 00:57:00,352911000,9537112,OCEAN PIONEER,HP5620,Product Tanker,10.4,"Catania/Augusta Offshore Fairway (Sicily, Italy)",Port Said Fairway / Suez Transit (Egypt),36.940258,15.560491,14.5,158.1,158,-0.0,Under way using engine,PORT SAID,09-10 14:00,Normal,None,"Rounding southeastern Sicily, coming onto Suez transit line"
2026-09-08 01:00:00,352911000,9537112,OCEAN PIONEER,HP5620,Product Tanker,10.4,"Catania/Augusta Offshore Fairway (Sicily, Italy)",Port Said Fairway / Suez Transit (Egypt),36.928998,15.566154,14.6,158.3,158,0.3,Under way using engine,PORT SAID,09-10 14:00,Normal,None,"Rounding southeastern Sicily, coming onto Suez transit line"
2026-09-08 01:03:00,352911000,9537112,OCEAN PIONEER,HP5620,Product Tanker,10.4,"Catania/Augusta Offshore Fairway (Sicily, Italy)",Port Said Fairway / Suez Transit (Egypt),36.917728,15.571723,14.5,158.7,159,-0.1,Under way using engine,PORT SAID,09-10 14:00,Normal,None,"Rounding southeastern Sicily, coming onto Suez transit line"
2026-09-08 01:06:00,352911000,9537112,OCEAN PIONEER,HP5620,Product Tanker,10.4,"Catania/Augusta Offshore Fairway (Sicily, Italy)",Port Said Fairway / Suez Transit (Egypt),36.906532,15.577501,14.5,157.3,157,0.2,Under way using engine,PORT SAID,09-10 14:00,Normal,None,"Rounding southeastern Sicily, coming onto Suez transit line"
2026-09-08 01:09:00,352911000,9537112,OCEAN PIONEER,HP5620,Product Tanker,10.4,"Catania/Augusta Offshore Fairway (Sicily, Italy)",Port Said Fairway / Suez Transit (Egypt),36.895281,15.583128,14.6,158.7,159,-0.0,Under way using engine,PORT SAID,09-10 14:00,Normal,None,"Rounding southeastern Sicily, coming onto Suez transit line"
2026-09-08 01:12:00,352911000,9537112,OCEAN PIONEER,HP5620,Product Tanker,10.4,"Catania/Augusta Offshore Fairway (Sicily, Italy)",Port Said Fairway / Suez Transit (Egypt),36.884006,15.588658,14.6,158.6,159,-0.1,Under way using engine,PORT SAID,09-10 14:00,Normal,None,"Rounding southeastern Sicily, coming onto Suez transit line"
2026-09-08 01:15:00,352911000,9537112,OCEAN PIONEER,HP5620,Product Tanker,10.4,"Catania/Augusta Offshore Fairway (Sicily, Italy)",Port Said Fairway / Suez Transit (Egypt),36.872718,15.594141,14.5,158.5,159,-0.1,Under way using engine,PORT SAID,09-10 14:00,Normal,None,"Rounding southeastern Sicily, coming onto Suez transit line"
2026-09-08 01:18:00,352911000,9537112,OCEAN PIONEER,HP5620,Product Tanker,10.4,"Catania/Augusta Offshore Fairway (Sicily, Italy)",Port Said Fairway / Suez Transit (Egypt),36.86146,15.599683,14.5,158.4,158,0.1,Under way using engine,PORT SAID,09-10 14:00,Normal,None,"Rounding southeastern Sicily, coming onto Suez transit line"
2026-09-08 01:21:00,352911000,9537112,OCEAN PIONEER,HP5620,Product Tanker,10.4,"Catania/Augusta Offshore Fairway (Sicily, Italy)",Port Said Fairway / Suez Transit (Egypt),36.850173,15.605126,14.5,159.1,159,-0.1,Under way using engine,PORT SAID,09-10 14:00,Normal,None,"Rounding southeastern Sicily, coming onto Suez transit line"
2026-09-08 01:24:00,352911000,9537112,OCEAN PIONEER,HP5620,Product Tanker,10.4,"Catania/Augusta Offshore Fairway (Sicily, Italy)",Port Said Fairway / Suez Transit (Egypt),36.838851,15.610508,14.5,158.7,159,-0.2,Under way using engine,PORT SAID,09-10 14:00,Normal,None,"Rounding southeastern Sicily, coming onto Suez transit line"
2026-09-08 01:27:00,352911000,9537112,OCEAN PIONEER,HP5620,Product Tanker,10.4,"Catania/Augusta Offshore Fairway (Sicily, Italy)",Port Said Fairway / Suez Transit (Egypt),36.827543,15.615977,14.5,158.5,159,-0.0,Under way using engine,PORT SAID,09-10 14:00,Normal,None,"Rounding southeastern Sicily, coming onto Suez transit line"
2026-09-08 01:30:00,352911000,9537112,OCEAN PIONEER,HP5620,Product Tanker,10.4,"Catania/Augusta Offshore Fairway (Sicily, Italy)",Port Said Fairway / Suez Transit (Egypt),36.816247,15.621452,14.5,158.9,159,0.1,Under way using engine,PORT SAID,09-10 14:00,Normal,None,"Rounding southeastern Sicily, coming onto Suez transit line"
2026-09-08 01:33:00,352911000,9537112,OCEAN PIONEER,HP5620,Product Tanker,10.4,"Catania/Augusta Offshore Fairway (Sicily, Italy)",Port Said Fairway / Suez Transit (Egypt),36.80497,15.626926,14.5,158.4,158,-0.0,Under way using engine,PORT SAID,09-10 14:00,Normal,None,"Rounding southeastern Sicily, coming onto Suez transit line"
2026-09-08 01:36:00,352911000,9537112,OCEAN PIONEER,HP5620,Product Tanker,10.4,"Catania/Augusta Offshore Fairway (Sicily, Italy)",Port Said Fairway / Suez Transit (Egypt),36.793771,15.632634,14.5,158.1,158,0.2,Under way using engine,PORT SAID,09-10 14:00,Normal,None,"Rounding southeastern Sicily, coming onto Suez transit line"
2026-09-08 01:39:00,352911000,9537112,OCEAN PIONEER,HP5620,Product Tanker,10.4,"Catania/Augusta Offshore Fairway (Sicily, Italy)",Port Said Fairway / Suez Transit (Egypt),36.782501,15.638096,14.5,159.0,159,0.1,Under way using engine,PORT SAID,09-10 14:00,Normal,None,"Rounding southeastern Sicily, coming onto Suez transit line"
2026-09-08 01:42:00,352911000,9537112,OCEAN PIONEER,HP5620,Product Tanker,10.4,"Catania/Augusta Offshore Fairway (Sicily, Italy)",Port Said Fairway / Suez Transit (Egypt),36.771156,15.643408,14.6,159.6,160,0.1,Under way using engine,PORT SAID,09-10 14:00,Normal,None,"Rounding southeastern Sicily, coming onto Suez transit line"
2026-09-08 01:45:00,352911000,9537112,OCEAN PIONEER,HP5620,Product Tanker,10.4,"Catania/Augusta Offshore Fairway (Sicily, Italy)",Port Said Fairway / Suez Transit (Egypt),36.75984,15.648716,14.5,158.8,159,-0.0,Under way using engine,PORT SAID,09-10 14:00,Normal,None,"Rounding southeastern Sicily, coming onto Suez transit line"
2026-09-08 01:48:00,352911000,9537112,OCEAN PIONEER,HP5620,Product Tanker,10.4,"Catania/Augusta Offshore Fairway (Sicily, Italy)",Port Said Fairway / Suez Transit (Egypt),36.748547,15.654171,14.5,158.3,158,-0.1,Under way using engine,PORT SAID,09-10 14:00,Normal,None,"Rounding southeastern Sicily, coming onto Suez transit line"
2026-09-08 01:51:00,352911000,9537112,OCEAN PIONEER,HP5620,Product Tanker,10.4,"Catania/Augusta Offshore Fairway (Sicily, Italy)",Port Said Fairway / Suez Transit (Egypt),36.737256,15.659668,14.6,159.4,160,0.2,Under way using engine,PORT SAID,09-10 14:00,Normal,None,"Rounding southeastern Sicily, coming onto Suez transit line"
2026-09-08 01:54:00,352911000,9537112,OCEAN PIONEER,HP5620,Product Tanker,10.4,"Catania/Augusta Offshore Fairway (Sicily, Italy)",Port Said Fairway / Suez Transit (Egypt),36.72593,15.665021,14.5,158.8,159,-0.2,Under way using engine,PORT SAID,09-10 14:00,Normal,None,"Rounding southeastern Sicily, coming onto Suez transit line"
2026-09-08 01:57:00,352911000,9537112,OCEAN PIONEER,HP5620,Product Tanker,10.4,"Catania/Augusta Offshore Fairway (Sicily, Italy)",Port Said Fairway / Suez Transit (Egypt),36.714638,15.670506,14.5,158.8,159,-0.1,Under way using engine,PORT SAID,09-10 14:00,Normal,None,"Rounding southeastern Sicily, coming onto Suez transit line"
2026-09-08 02:00:00,352911000,9537112,OCEAN PIONEER,HP5620,Product Tanker,10.4,"Catania/Augusta Offshore Fairway (Sicily, Italy)",Port Said Fairway / Suez Transit (Egypt),36.703375,15.675976,14.5,159.3,159,-0.0,Under way using engine,PORT SAID,09-10 14:00,Normal,None,"Rounding southeastern Sicily, coming onto Suez transit line"
2026-09-08 02:03:00,352911000,9537112,OCEAN PIONEER,HP5620,Product Tanker,10.4,"Catania/Augusta Offshore Fairway (Sicily, Italy)",Port Said Fairway / Suez Transit (Egypt),36.692013,15.681187,14.5,160.2,160,0.2,Under way using engine,PORT SAID,09-10 14:00,Normal,None,"Rounding southeastern Sicily, coming onto Suez transit line"
2026-09-08 02:06:00,352911000,9537112,OCEAN PIONEER,HP5620,Product Tanker,10.4,"Catania/Augusta Offshore Fairway (Sicily, Italy)",Port Said Fairway / Suez Transit (Egypt),36.680843,15.686971,14.5,152.3,152,-5.4,Under way using engine,PORT SAID,09-10 14:00,Normal,None,Eastbound fairway transit towards Egyptian approaches
2026-09-08 02:09:00,352911000,9537112,OCEAN PIONEER,HP5620,Product Tanker,10.4,"Catania/Augusta Offshore Fairway (Sicily, Italy)",Port Said Fairway / Suez Transit (Egypt),36.671433,15.696421,14.6,133.5,133,-6.4,Under way using engine,PORT SAID,09-10 14:00,Normal,None,Eastbound fairway transit towards Egyptian approaches
2026-09-08 02:12:00,352911000,9537112,OCEAN PIONEER,HP5620,Product Tanker,10.4,"Catania/Augusta Offshore Fairway (Sicily, Italy)",Port Said Fairway / Suez Transit (Egypt),36.664858,15.709137,14.6,118.0,118,-1.7,Under way using engine,PORT SAID,09-10 14:00,Normal,None,Eastbound fairway transit towards Egyptian approaches
2026-09-08 02:15:00,352911000,9537112,OCEAN PIONEER,HP5620,Product Tanker,10.4,"Catania/Augusta Offshore Fairway (Sicily, Italy)",Port Said Fairway / Suez Transit (Egypt),36.658801,15.722268,14.6,120.2,120,0.5,Under way using engine,PORT SAID,09-10 14:00,Normal,None,Eastbound fairway transit towards Egyptian approaches
2026-09-08 02:18:00,352911000,9537112,OCEAN PIONEER,HP5620,Product Tanker,10.4,"Catania/Augusta Offshore Fairway (Sicily, Italy)",Port Said Fairway / Suez Transit (Egypt),36.652841,15.73552,14.6,118.7,118,-0.2,Under way using engine,PORT SAID,09-10 14:00,Normal,None,Eastbound fairway transit towards Egyptian approaches
2026-09-08 02:21:00,352911000,9537112,OCEAN PIONEER,HP5620,Product Tanker,10.4,"Catania/Augusta Offshore Fairway (Sicily, Italy)",Port Said Fairway / Suez Transit (Egypt),36.646807,15.748725,14.6,119.7,119,0.2,Under way using engine,PORT SAID,09-10 14:00,Normal,None,Eastbound fairway transit towards Egyptian approaches
2026-09-08 02:24:00,352911000,9537112,OCEAN PIONEER,HP5620,Product Tanker,10.4,"Catania/Augusta Offshore Fairway (Sicily, Italy)",Port Said Fairway / Suez Transit (Egypt),36.640697,15.76183,14.5,120.6,120,0.1,Under way using engine,PORT SAID,09-10 14:00,Normal,None,Eastbound fairway transit towards Egyptian approaches
2026-09-08 02:27:00,352911000,9537112,OCEAN PIONEER,HP5620,Product Tanker,10.4,"Catania/Augusta Offshore Fairway (Sicily, Italy)",Port Said Fairway / Suez Transit (Egypt),36.634644,15.77497,14.6,119.0,119,-0.0,Under way using engine,PORT SAID,09-10 14:00,Normal,None,Eastbound fairway transit towards Egyptian approaches
2026-09-08 02:30:00,352911000,9537112,OCEAN PIONEER,HP5620,Product Tanker,10.4,"Catania/Augusta Offshore Fairway (Sicily, Italy)",Port Said Fairway / Suez Transit (Egypt),36.628738,15.788228,14.6,119.9,120,0.1,Under way using engine,PORT SAID,09-10 14:00,Normal,None,Eastbound fairway transit towards Egyptian approaches
2026-09-08 02:33:00,352911000,9537112,OCEAN PIONEER,HP5620,Product Tanker,10.4,"Catania/Augusta Offshore Fairway (Sicily, Italy)",Port Said Fairway / Suez Transit (Egypt),36.622669,15.80135,14.6,120.1,120,0.0,Under way using engine,PORT SAID,09-10 14:00,Normal,None,Eastbound fairway transit towards Egyptian approaches
2026-09-08 02:36:00,352911000,9537112,OCEAN PIONEER,HP5620,Product Tanker,10.4,"Catania/Augusta Offshore Fairway (Sicily, Italy)",Port Said Fairway / Suez Transit (Egypt),36.616599,15.814475,14.6,120.2,120,0.1,Under way using engine,PORT SAID,09-10 14:00,Normal,None,Eastbound fairway transit towards Egyptian approaches
2026-09-08 02:39:00,352911000,9537112,OCEAN PIONEER,HP5620,Product Tanker,10.4,"Catania/Augusta Offshore Fairway (Sicily, Italy)",Port Said Fairway / Suez Transit (Egypt),36.61056,15.82761,14.6,119.3,119,0.0,Under way using engine,PORT SAID,09-10 14:00,Normal,None,Eastbound fairway transit towards Egyptian approaches
2026-09-08 02:42:00,352911000,9537112,OCEAN PIONEER,HP5620,Product Tanker,10.4,"Catania/Augusta Offshore Fairway (Sicily, Italy)",Port Said Fairway / Suez Transit (Egypt),36.604555,15.840786,14.6,120.1,120,0.1,Under way using engine,PORT SAID,09-10 14:00,Normal,None,Eastbound fairway transit towards Egyptian approaches
2026-09-08 02:45:00,352911000,9537112,OCEAN PIONEER,HP5620,Product Tanker,10.4,"Catania/Augusta Offshore Fairway (Sicily, Italy)",Port Said Fairway / Suez Transit (Egypt),36.598481,15.853923,14.6,119.5,119,-0.0,Under way using engine,PORT SAID,09-10 14:00,Normal,None,Eastbound fairway transit towards Egyptian approaches
2026-09-08 02:48:00,352911000,9537112,OCEAN PIONEER,HP5620,Product Tanker,10.4,"Catania/Augusta Offshore Fairway (Sicily, Italy)",Port Said Fairway / Suez Transit (Egypt),36.592408,15.867063,14.6,120.5,120,0.3,Under way using engine,PORT SAID,09-10 14:00,Normal,None,Eastbound fairway transit towards Egyptian approaches
2026-09-08 02:51:00,352911000,9537112,OCEAN PIONEER,HP5620,Product Tanker,10.4,"Catania/Augusta Offshore Fairway (Sicily, Italy)",Port Said Fairway / Suez Transit (Egypt),36.586277,15.880158,14.6,120.3,120,0.0,Under way using engine,PORT SAID,09-10 14:00,Normal,None,Eastbound fairway transit towards Egyptian approaches
2026-09-08 02:54:00,352911000,9537112,OCEAN PIONEER,HP5620,Product Tanker,10.4,"Catania/Augusta Offshore Fairway (Sicily, Italy)",Port Said Fairway / Suez Transit (Egypt),36.580216,15.893294,14.6,119.3,119,-0.0,Under way using engine,PORT SAID,09-10 14:00,Normal,None,Eastbound fairway transit towards Egyptian approaches
2026-09-08 02:57:00,352911000,9537112,OCEAN PIONEER,HP5620,Product Tanker,10.4,"Catania/Augusta Offshore Fairway (Sicily, Italy)",Port Said Fairway / Suez Transit (Egypt),36.574181,15.906439,14.6,119.9,120,0.3,Under way using engine,PORT SAID,09-10 14:00,Normal,None,Eastbound fairway transit towards Egyptian approaches
2026-09-08 03:00:00,352911000,9537112,OCEAN PIONEER,HP5620,Product Tanker,10.4,"Catania/Augusta Offshore Fairway (Sicily, Italy)",Port Said Fairway / Suez Transit (Egypt),36.568046,15.919518,14.6,119.8,120,-0.0,Under way using engine,PORT SAID,09-10 14:00,Normal,None,Eastbound fairway transit towards Egyptian approaches
2026-09-08 03:03:00,352911000,9537112,OCEAN PIONEER,HP5620,Product Tanker,10.4,"Catania/Augusta Offshore Fairway (Sicily, Italy)",Port Said Fairway / Suez Transit (Egypt),36.56208,15.932695,14.6,119.2,119,-0.0,Under way using engine,PORT SAID,09-10 14:00,Normal,None,Eastbound fairway transit towards Egyptian approaches
2026-09-08 03:06:00,352911000,9537112,OCEAN PIONEER,HP5620,Product Tanker,10.4,"Catania/Augusta Offshore Fairway (Sicily, Italy)",Port Said Fairway / Suez Transit (Egypt),36.556084,15.945873,14.6,120.3,120,0.1,Under way using engine,PORT SAID,09-10 14:00,Normal,None,Eastbound fairway transit towards Egyptian approaches
2026-09-08 03:09:00,352911000,9537112,OCEAN PIONEER,HP5620,Product Tanker,10.4,"Catania/Augusta Offshore Fairway (Sicily, Italy)",Port Said Fairway / Suez Transit (Egypt),36.549891,15.958896,14.6,120.2,120,-0.0,Under way using engine,PORT SAID,09-10 14:00,Normal,None,Eastbound fairway transit towards Egyptian approaches
2026-09-08 03:12:00,352911000,9537112,OCEAN PIONEER,HP5620,Product Tanker,10.4,"Catania/Augusta Offshore Fairway (Sicily, Italy)",Port Said Fairway / Suez Transit (Egypt),36.543709,15.971954,14.7,120.5,120,-0.1,Under way using engine,PORT SAID,09-10 14:00,Normal,None,Eastbound fairway transit towards Egyptian approaches
2026-09-08 03:15:00,352911000,9537112,OCEAN PIONEER,HP5620,Product Tanker,10.4,"Catania/Augusta Offshore Fairway (Sicily, Italy)",Port Said Fairway / Suez Transit (Egypt),36.5376,15.985041,14.5,119.8,120,-0.0,Under way using engine,PORT SAID,09-10 14:00,Normal,None,Eastbound fairway transit towards Egyptian approaches
2026-09-08 03:18:00,352911000,9537112,OCEAN PIONEER,HP5620,Product Tanker,10.4,"Catania/Augusta Offshore Fairway (Sicily, Italy)",Port Said Fairway / Suez Transit (Egypt),36.531472,15.998105,14.6,120.6,120,0.2,Under way using engine,PORT SAID,09-10 14:00,Normal,None,Eastbound fairway transit towards Egyptian approaches
2026-09-08 03:21:00,352911000,9537112,OCEAN PIONEER,HP5620,Product Tanker,10.4,"Catania/Augusta Offshore Fairway (Sicily, Italy)",Port Said Fairway / Suez Transit (Egypt),36.52524,16.0111,14.6,120.6,120,0.0,Under way using engine,PORT SAID,09-10 14:00,Normal,None,Eastbound fairway transit towards Egyptian approaches
2026-09-08 03:24:00,352911000,9537112,OCEAN PIONEER,HP5620,Product Tanker,10.4,"Catania/Augusta Offshore Fairway (Sicily, Italy)",Port Said Fairway / Suez Transit (Egypt),36.519089,16.024145,14.6,119.7,119,0.0,Under way using engine,PORT SAID,09-10 14:00,Normal,None,Eastbound fairway transit towards Egyptian approaches
2026-09-08 03:27:00,352911000,9537112,OCEAN PIONEER,HP5620,Product Tanker,10.4,"Catania/Augusta Offshore Fairway (Sicily, Italy)",Port Said Fairway / Suez Transit (Egypt),36.513025,16.037293,14.6,120.0,120,0.0,Under way using engine,PORT SAID,09-10 14:00,Normal,None,Eastbound fairway transit towards Egyptian approaches
2026-09-08 03:30:00,352911000,9537112,OCEAN PIONEER,HP5620,Product Tanker,10.4,"Catania/Augusta Offshore Fairway (Sicily, Italy)",Port Said Fairway / Suez Transit (Egypt),36.506917,16.050384,14.6,120.4,120,-0.2,Under way using engine,PORT SAID,09-10 14:00,Normal,None,Eastbound fairway transit towards Egyptian approaches
2026-09-08 03:33:00,352911000,9537112,OCEAN PIONEER,HP5620,Product Tanker,10.4,"Catania/Augusta Offshore Fairway (Sicily, Italy)",Port Said Fairway / Suez Transit (Egypt),36.500768,16.06342,14.5,120.5,120,0.2,Under way using engine,PORT SAID,09-10 14:00,Normal,None,Eastbound fairway transit towards Egyptian approaches
2026-09-08 03:36:00,352911000,9537112,OCEAN PIONEER,HP5620,Product Tanker,10.4,"Catania/Augusta Offshore Fairway (Sicily, Italy)",Port Said Fairway / Suez Transit (Egypt),36.494683,16.076539,14.6,119.8,120,0.1,Under way using engine,PORT SAID,09-10 14:00,Normal,None,Eastbound fairway transit towards Egyptian approaches
2026-09-08 03:39:00,352911000,9537112,OCEAN PIONEER,HP5620,Product Tanker,10.4,"Catania/Augusta Offshore Fairway (Sicily, Italy)",Port Said Fairway / Suez Transit (Egypt),36.488507,16.089579,14.6,120.5,120,0.1,Under way using engine,PORT SAID,09-10 14:00,Normal,None,Eastbound fairway transit towards Egyptian approaches
2026-09-08 03:42:00,352911000,9537112,OCEAN PIONEER,HP5620,Product Tanker,10.4,"Catania/Augusta Offshore Fairway (Sicily, Italy)",Port Said Fairway / Suez Transit (Egypt),36.482263,16.102572,14.6,121.4,121,-0.1,Under way using engine,PORT SAID,09-10 14:00,Normal,None,Eastbound fairway transit towards Egyptian approaches
2026-09-08 03:45:00,352911000,9537112,OCEAN PIONEER,HP5620,Product Tanker,10.4,"Catania/Augusta Offshore Fairway (Sicily, Italy)",Port Said Fairway / Suez Transit (Egypt),36.475994,16.115567,14.7,120.4,120,0.0,Under way using engine,PORT SAID,09-10 14:00,Normal,None,Eastbound fairway transit towards Egyptian approaches
2026-09-08 03:48:00,352911000,9537112,OCEAN PIONEER,HP5620,Product Tanker,10.4,"Catania/Augusta Offshore Fairway (Sicily, Italy)",Port Said Fairway / Suez Transit (Egypt),36.469799,16.128574,14.6,120.7,120,-0.1,Under way using engine,PORT SAID,09-10 14:00,Normal,None,Eastbound fairway transit towards Egyptian approaches
2026-09-08 03:51:00,352911000,9537112,OCEAN PIONEER,HP5620,Product Tanker,10.4,"Catania/Augusta Offshore Fairway (Sicily, Italy)",Port Said Fairway / Suez Transit (Egypt),36.463602,16.141608,14.6,120.5,120,0.0,Under way using engine,PORT SAID,09-10 14:00,Normal,None,Eastbound fairway transit towards Egyptian approaches
2026-09-08 03:54:00,352911000,9537112,OCEAN PIONEER,HP5620,Product Tanker,10.4,"Catania/Augusta Offshore Fairway (Sicily, Italy)",Port Said Fairway / Suez Transit (Egypt),36.45749,16.154713,14.6,119.9,120,0.1,Under way using engine,PORT SAID,09-10 14:00,Normal,None,Eastbound fairway transit towards Egyptian approaches
2026-09-08 03:57:00,352911000,9537112,OCEAN PIONEER,HP5620,Product Tanker,10.4,"Catania/Augusta Offshore Fairway (Sicily, Italy)",Port Said Fairway / Suez Transit (Egypt),36.451264,16.167734,14.6,120.7,121,0.0,Under way using engine,PORT SAID,09-10 14:00,Normal,None,Eastbound fairway transit towards Egyptian approaches
2026-09-08 04:00:00,352911000,9537112,OCEAN PIONEER,HP5620,Product Tanker,10.4,"Catania/Augusta Offshore Fairway (Sicily, Italy)",Port Said Fairway / Suez Transit (Egypt),36.445156,16.180833,14.6,119.8,120,0.0,Under way using engine,PORT SAID,09-10 14:00,Normal,None,Eastbound fairway transit towards Egyptian approaches
2026-09-08 04:03:00,352911000,9537112,OCEAN PIONEER,HP5620,Product Tanker,10.4,"Catania/Augusta Offshore Fairway (Sicily, Italy)",Port Said Fairway / Suez Transit (Egypt),36.439094,16.193932,14.6,120.2,120,0.0,Under way using engine,PORT SAID,09-10 14:00,Normal,None,Eastbound fairway transit towards Egyptian approaches
2026-09-08 04:06:00,352911000,9537112,OCEAN PIONEER,HP5620,Product Tanker,10.4,"Catania/Augusta Offshore Fairway (Sicily, Italy)",Port Said Fairway / Suez Transit (Egypt),36.432971,16.207025,14.6,120.0,120,-0.1,Under way using engine,PORT SAID,09-10 14:00,Normal,None,Eastbound fairway transit towards Egyptian approaches
2026-09-08 04:09:00,352911000,9537112,OCEAN PIONEER,HP5620,Product Tanker,10.4,"Catania/Augusta Offshore Fairway (Sicily, Italy)",Port Said Fairway / Suez Transit (Egypt),36.426704,16.219997,14.7,121.6,121,0.0,Under way using engine,PORT SAID,09-10 14:00,Normal,None,Eastbound fairway transit towards Egyptian approaches
2026-09-08 04:12:00,352911000,9537112,OCEAN PIONEER,HP5620,Product Tanker,10.4,"Catania/Augusta Offshore Fairway (Sicily, Italy)",Port Said Fairway / Suez Transit (Egypt),36.420383,16.232917,14.6,121.6,121,0.1,Under way using engine,PORT SAID,09-10 14:00,Normal,None,Eastbound fairway transit towards Egyptian approaches
2026-09-08 04:15:00,352911000,9537112,OCEAN PIONEER,HP5620,Product Tanker,10.4,"Catania/Augusta Offshore Fairway (Sicily, Italy)",Port Said Fairway / Suez Transit (Egypt),36.414016,16.245859,14.7,121.3,121,0.0,Under way using engine,PORT SAID,09-10 14:00,Normal,None,Eastbound fairway transit towards Egyptian approaches
2026-09-08 04:18:00,352911000,9537112,OCEAN PIONEER,HP5620,Product Tanker,10.4,"Catania/Augusta Offshore Fairway (Sicily, Italy)",Port Said Fairway / Suez Transit (Egypt),36.407753,16.258829,14.6,120.6,120,0.0,Under way using engine,PORT SAID,09-10 14:00,Normal,None,Eastbound fairway transit towards Egyptian approaches
2026-09-08 04:21:00,352911000,9537112,OCEAN PIONEER,HP5620,Product Tanker,10.4,"Catania/Augusta Offshore Fairway (Sicily, Italy)",Port Said Fairway / Suez Transit (Egypt),36.401664,16.271929,14.6,120.1,120,0.0,Under way using engine,PORT SAID,09-10 14:00,Normal,None,Eastbound fairway transit towards Egyptian approaches
2026-09-08 04:24:00,352911000,9537112,OCEAN PIONEER,HP5620,Product Tanker,10.4,"Catania/Augusta Offshore Fairway (Sicily, Italy)",Port Said Fairway / Suez Transit (Egypt),36.395461,16.284938,14.6,121.0,121,0.1,Under way using engine,PORT SAID,09-10 14:00,Normal,None,Eastbound fairway transit towards Egyptian approaches
2026-09-08 04:27:00,352911000,9537112,OCEAN PIONEER,HP5620,Product Tanker,10.4,"Catania/Augusta Offshore Fairway (Sicily, Italy)",Port Said Fairway / Suez Transit (Egypt),36.389209,16.297896,14.6,121.4,121,0.1,Under way using engine,PORT SAID,09-10 14:00,Normal,None,Eastbound fairway transit towards Egyptian approaches
2026-09-08 04:30:00,352911000,9537112,OCEAN PIONEER,HP5620,Product Tanker,10.4,"Catania/Augusta Offshore Fairway (Sicily, Italy)",Port Said Fairway / Suez Transit (Egypt),36.382861,16.310803,14.6,121.3,121,-0.1,Under way using engine,PORT SAID,09-10 14:00,Normal,None,Eastbound fairway transit towards Egyptian approaches
2026-09-08 04:33:00,352911000,9537112,OCEAN PIONEER,HP5620,Product Tanker,10.4,"Catania/Augusta Offshore Fairway (Sicily, Italy)",Port Said Fairway / Suez Transit (Egypt),36.376578,16.323764,14.6,120.5,120,-0.1,Under way using engine,PORT SAID,09-10 14:00,Normal,None,Eastbound fairway transit towards Egyptian approaches
2026-09-08 04:36:00,352911000,9537112,OCEAN PIONEER,HP5620,Product Tanker,10.4,"Catania/Augusta Offshore Fairway (Sicily, Italy)",Port Said Fairway / Suez Transit (Egypt),36.370364,16.336792,14.6,120.5,120,0.0,Under way using engine,PORT SAID,09-10 14:00,Normal,None,Eastbound fairway transit towards Egyptian approaches
2026-09-08 04:39:00,352911000,9537112,OCEAN PIONEER,HP5620,Product Tanker,10.4,"Catania/Augusta Offshore Fairway (Sicily, Italy)",Port Said Fairway / Suez Transit (Egypt),36.364164,16.349824,14.6,120.5,120,-0.0,Under way using engine,PORT SAID,09-10 14:00,Normal,None,Eastbound fairway transit towards Egyptian approaches
2026-09-08 04:42:00,352911000,9537112,OCEAN PIONEER,HP5620,Product Tanker,10.4,"Catania/Augusta Offshore Fairway (Sicily, Italy)",Port Said Fairway / Suez Transit (Egypt),36.357967,16.362836,14.6,120.5,120,0.0,Under way using engine,PORT SAID,09-10 14:00,Normal,None,Eastbound fairway transit towards Egyptian approaches
2026-09-08 04:45:00,352911000,9537112,OCEAN PIONEER,HP5620,Product Tanker,10.4,"Catania/Augusta Offshore Fairway (Sicily, Italy)",Port Said Fairway / Suez Transit (Egypt),36.351896,16.375951,14.6,119.9,120,-0.1,Under way using engine,PORT SAID,09-10 14:00,Normal,None,Eastbound fairway transit towards Egyptian approaches
2026-09-08 04:48:00,352911000,9537112,OCEAN PIONEER,HP5620,Product Tanker,10.4,"Catania/Augusta Offshore Fairway (Sicily, Italy)",Port Said Fairway / Suez Transit (Egypt),36.345741,16.388992,14.6,120.9,121,0.0,Under way using engine,PORT SAID,09-10 14:00,Normal,None,Eastbound fairway transit towards Egyptian approaches
2026-09-08 04:51:00,352911000,9537112,OCEAN PIONEER,HP5620,Product Tanker,10.4,"Catania/Augusta Offshore Fairway (Sicily, Italy)",Port Said Fairway / Suez Transit (Egypt),36.339463,16.401948,14.6,120.7,120,-0.0,Under way using engine,PORT SAID,09-10 14:00,Normal,None,Eastbound fairway transit towards Egyptian approaches
2026-09-08 04:54:00,352911000,9537112,OCEAN PIONEER,HP5620,Product Tanker,10.4,"Catania/Augusta Offshore Fairway (Sicily, Italy)",Port Said Fairway / Suez Transit (Egypt),36.333225,16.41498,14.7,120.1,120,0.0,Under way using engine,PORT SAID,09-10 14:00,Normal,None,Eastbound fairway transit towards Egyptian approaches
2026-09-08 04:57:00,352911000,9537112,OCEAN PIONEER,HP5620,Product Tanker,10.4,"Catania/Augusta Offshore Fairway (Sicily, Italy)",Port Said Fairway / Suez Transit (Egypt),36.327183,16.42812,14.6,119.4,119,0.1,Under way using engine,PORT SAID,09-10 14:00,Normal,None,Eastbound fairway transit towards Egyptian approaches
2026-09-08 05:00:00,352911000,9537112,OCEAN PIONEER,HP5620,Product Tanker,10.4,"Catania/Augusta Offshore Fairway (Sicily, Italy)",Port Said Fairway / Suez Transit (Egypt),36.321115,16.441257,14.6,120.5,120,-0.1,Under way using engine,PORT SAID,09-10 14:00,Normal,None,Eastbound fairway transit towards Egyptian approaches
2026-09-08 05:03:00,352911000,9537112,OCEAN PIONEER,HP5620,Product Tanker,10.4,"Catania/Augusta Offshore Fairway (Sicily, Italy)",Port Said Fairway / Suez Transit (Egypt),36.3149,16.45426,14.6,120.2,120,-0.0,Under way using engine,PORT SAID,09-10 14:00,Normal,None,Eastbound fairway transit towards Egyptian approaches
2026-09-08 05:06:00,352911000,9537112,OCEAN PIONEER,HP5620,Product Tanker,10.4,"Catania/Augusta Offshore Fairway (Sicily, Italy)",Port Said Fairway / Suez Transit (Egypt),36.308869,16.467422,14.7,119.5,119,0.0,Under way using engine,PORT SAID,09-10 14:00,Normal,None,Eastbound fairway transit towards Egyptian approaches
2026-09-08 05:09:00,352911000,9537112,OCEAN PIONEER,HP5620,Product Tanker,10.4,"Catania/Augusta Offshore Fairway (Sicily, Italy)",Port Said Fairway / Suez Transit (Egypt),36.30271,16.480475,14.6,121.1,121,0.0,Under way using engine,PORT SAID,09-10 14:00,Normal,None,Eastbound fairway transit towards Egyptian approaches
2026-09-08 05:12:00,352911000,9537112,OCEAN PIONEER,HP5620,Product Tanker,10.4,"Catania/Augusta Offshore Fairway (Sicily, Italy)",Port Said Fairway / Suez Transit (Egypt),36.296482,16.49346,14.6,120.8,121,-0.0,Under way using engine,PORT SAID,09-10 14:00,Normal,None,Eastbound fairway transit towards Egyptian approaches
2026-09-08 05:15:00,352911000,9537112,OCEAN PIONEER,HP5620,Product Tanker,10.4,"Catania/Augusta Offshore Fairway (Sicily, Italy)",Port Said Fairway / Suez Transit (Egypt),36.290123,16.506389,14.6,121.9,122,-0.1,Under way using engine,PORT SAID,09-10 14:00,Normal,None,Eastbound fairway transit towards Egyptian approaches
2026-09-08 05:18:00,352911000,9537112,OCEAN PIONEER,HP5620,Product Tanker,10.4,"Catania/Augusta Offshore Fairway (Sicily, Italy)",Port Said Fairway / Suez Transit (Egypt),36.283774,16.519291,14.6,121.9,122,0.0,Under way using engine,PORT SAID,09-10 14:00,Normal,None,Eastbound fairway transit towards Egyptian approaches
2026-09-08 05:21:00,352911000,9537112,OCEAN PIONEER,HP5620,Product Tanker,10.4,"Catania/Augusta Offshore Fairway (Sicily, Italy)",Port Said Fairway / Suez Transit (Egypt),36.27747,16.532225,14.6,120.6,120,0.3,Under way using engine,PORT SAID,09-10 14:00,Normal,None,Eastbound fairway transit towards Egyptian approaches
2026-09-08 05:24:00,352911000,9537112,OCEAN PIONEER,HP5620,Product Tanker,10.4,"Catania/Augusta Offshore Fairway (Sicily, Italy)",Port Said Fairway / Suez Transit (Egypt),36.271247,16.545234,14.7,120.8,121,-0.1,Under way using engine,PORT SAID,09-10 14:00,Normal,None,Eastbound fairway transit towards Egyptian approaches
2026-09-08 05:27:00,352911000,9537112,OCEAN PIONEER,HP5620,Product Tanker,10.4,"Catania/Augusta Offshore Fairway (Sicily, Italy)",Port Said Fairway / Suez Transit (Egypt),36.265014,16.558226,14.6,120.7,121,0.1,Under way using engine,PORT SAID,09-10 14:00,Normal,None,Eastbound fairway transit towards Egyptian approaches
2026-09-08 05:30:00,352911000,9537112,OCEAN PIONEER,HP5620,Product Tanker,10.4,"Catania/Augusta Offshore Fairway (Sicily, Italy)",Port Said Fairway / Suez Transit (Egypt),36.258719,16.5712,14.7,120.6,121,-0.1,Under way using engine,PORT SAID,09-10 14:00,Normal,None,Eastbound fairway transit towards Egyptian approaches
2026-09-08 05:33:00,352911000,9537112,OCEAN PIONEER,HP5620,Product Tanker,10.4,"Catania/Augusta Offshore Fairway (Sicily, Italy)",Port Said Fairway / Suez Transit (Egypt),36.252405,16.584149,14.6,121.3,121,-0.0,Under way using engine,PORT SAID,09-10 14:00,Normal,None,Eastbound fairway transit towards Egyptian approaches
2026-09-08 05:36:00,352911000,9537112,OCEAN PIONEER,HP5620,Product Tanker,10.4,"Catania/Augusta Offshore Fairway (Sicily, Italy)",Port Said Fairway / Suez Transit (Egypt),36.246079,16.597094,14.7,121.6,121,0.0,Under way using engine,PORT SAID,09-10 14:00,Normal,None,Eastbound fairway transit towards Egyptian approaches
2026-09-08 05:39:00,352911000,9537112,OCEAN PIONEER,HP5620,Product Tanker,10.4,"Catania/Augusta Offshore Fairway (Sicily, Italy)",Port Said Fairway / Suez Transit (Egypt),36.239739,16.610043,14.7,121.2,121,0.0,Under way using engine,PORT SAID,09-10 14:00,Normal,None,Eastbound fairway transit towards Egyptian approaches
2026-09-08 05:42:00,352911000,9537112,OCEAN PIONEER,HP5620,Product Tanker,10.4,"Catania/Augusta Offshore Fairway (Sicily, Italy)",Port Said Fairway / Suez Transit (Egypt),36.233405,16.622986,14.6,121.0,121,-0.2,Under way using engine,PORT SAID,09-10 14:00,Normal,None,Eastbound fairway transit towards Egyptian approaches
2026-09-08 05:45:00,352911000,9537112,OCEAN PIONEER,HP5620,Product Tanker,10.4,"Catania/Augusta Offshore Fairway (Sicily, Italy)",Port Said Fairway / Suez Transit (Egypt),36.227216,16.636028,14.6,120.3,120,0.2,Under way using engine,PORT SAID,09-10 14:00,Normal,None,Eastbound fairway transit towards Egyptian approaches
2026-09-08 05:48:00,352911000,9537112,OCEAN PIONEER,HP5620,Product Tanker,10.4,"Catania/Augusta Offshore Fairway (Sicily, Italy)",Port Said Fairway / Suez Transit (Egypt),36.221045,16.649093,14.7,120.0,120,0.0,Under way using engine,PORT SAID,09-10 14:00,Normal,None,Eastbound fairway transit towards Egyptian approaches
2026-09-08 05:51:00,352911000,9537112,OCEAN PIONEER,HP5620,Product Tanker,10.4,"Catania/Augusta Offshore Fairway (Sicily, Italy)",Port Said Fairway / Suez Transit (Egypt),36.214596,16.661941,14.6,122.0,122,-0.0,Under way using engine,PORT SAID,09-10 14:00,Normal,None,Eastbound fairway transit towards Egyptian approaches
2026-09-08 05:54:00,352911000,9537112,OCEAN PIONEER,HP5620,Product Tanker,10.4,"Catania/Augusta Offshore Fairway (Sicily, Italy)",Port Said Fairway / Suez Transit (Egypt),36.20827,16.674876,14.7,120.5,120,-0.2,Under way using engine,PORT SAID,09-10 14:00,Normal,None,Eastbound fairway transit towards Egyptian approaches
2026-09-08 05:57:00,352911000,9537112,OCEAN PIONEER,HP5620,Product Tanker,10.4,"Catania/Augusta Offshore Fairway (Sicily, Italy)",Port Said Fairway / Suez Transit (Egypt),36.202017,16.687882,14.7,121.6,121,0.0,Under way using engine,PORT SAID,09-10 14:00,Normal,None,Eastbound fairway transit towards Egyptian approaches
2026-09-08 06:00:00,352911000,9537112,OCEAN PIONEER,HP5620,Product Tanker,10.4,"Catania/Augusta Offshore Fairway (Sicily, Italy)",Port Said Fairway / Suez Transit (Egypt),36.195783,16.70089,14.7,120.5,120,0.1,Under way using engine,PORT SAID,09-10 14:00,Normal,None,Eastbound fairway transit towards Egyptian approaches
2026-09-08 06:03:00,352911000,9537112,OCEAN PIONEER,HP5620,Product Tanker,10.4,"Catania/Augusta Offshore Fairway (Sicily, Italy)",Port Said Fairway / Suez Transit (Egypt),36.1896,16.71395,14.7,121.2,121,-0.0,Under way using engine,PORT SAID,09-10 14:00,Normal,None,Eastbound fairway transit towards Egyptian approaches
2026-09-08 06:06:00,352911000,9537112,OCEAN PIONEER,HP5620,Product Tanker,10.4,"Catania/Augusta Offshore Fairway (Sicily, Italy)",Port Said Fairway / Suez Transit (Egypt),36.183241,16.726865,14.7,121.4,121,0.1,Under way using engine,PORT SAID,09-10 14:00,Normal,None,Eastbound fairway transit towards Egyptian approaches
2026-09-08 06:09:00,352911000,9537112,OCEAN PIONEER,HP5620,Product Tanker,10.4,"Catania/Augusta Offshore Fairway (Sicily, Italy)",Port Said Fairway / Suez Transit (Egypt),36.176862,16.739765,14.7,121.5,121,0.0,Under way using engine,PORT SAID,09-10 14:00,Normal,None,Eastbound fairway transit towards Egyptian approaches
2026-09-08 06:12:00,352911000,9537112,OCEAN PIONEER,HP5620,Product Tanker,10.4,"Catania/Augusta Offshore Fairway (Sicily, Italy)",Port Said Fairway / Suez Transit (Egypt),36.170616,16.752807,14.7,120.7,121,-0.1,Under way using engine,PORT SAID,09-10 14:00,Normal,None,Eastbound fairway transit towards Egyptian approaches
2026-09-08 06:15:00,352911000,9537112,OCEAN PIONEER,HP5620,Product Tanker,10.4,"Catania/Augusta Offshore Fairway (Sicily, Italy)",Port Said Fairway / Suez Transit (Egypt),36.16432,16.76579,14.7,121.1,121,0.1,Under way using engine,PORT SAID,09-10 14:00,Normal,None,Eastbound fairway transit towards Egyptian approaches
2026-09-08 06:18:00,352911000,9537112,OCEAN PIONEER,HP5620,Product Tanker,10.4,"Catania/Augusta Offshore Fairway (Sicily, Italy)",Port Said Fairway / Suez Transit (Egypt),36.158084,16.778822,14.7,120.8,121,0.1,Under way using engine,PORT SAID,09-10 14:00,Normal,None,Eastbound fairway transit towards Egyptian approaches
2026-09-08 06:21:00,352911000,9537112,OCEAN PIONEER,HP5620,Product Tanker,10.4,"Catania/Augusta Offshore Fairway (Sicily, Italy)",Port Said Fairway / Suez Transit (Egypt),36.151805,16.791808,14.7,120.6,121,-0.0,Under way using engine,PORT SAID,09-10 14:00,Normal,None,Eastbound fairway transit towards Egyptian approaches
2026-09-08 06:24:00,352911000,9537112,OCEAN PIONEER,HP5620,Product Tanker,10.4,"Catania/Augusta Offshore Fairway (Sicily, Italy)",Port Said Fairway / Suez Transit (Egypt),36.145541,16.804787,14.7,120.7,121,-0.0,Under way using engine,PORT SAID,09-10 14:00,Normal,None,Eastbound fairway transit towards Egyptian approaches
2026-09-08 06:27:00,352911000,9537112,OCEAN PIONEER,HP5620,Product Tanker,10.4,"Catania/Augusta Offshore Fairway (Sicily, Italy)",Port Said Fairway / Suez Transit (Egypt),36.139388,16.81786,14.6,120.2,120,0.0,Under way using engine,PORT SAID,09-10 14:00,Normal,None,Eastbound fairway transit towards Egyptian approaches
2026-09-08 06:30:00,352911000,9537112,OCEAN PIONEER,HP5620,Product Tanker,10.4,"Catania/Augusta Offshore Fairway (Sicily, Italy)",Port Said Fairway / Suez Transit (Egypt),36.133175,16.830887,14.7,120.9,121,-0.0,Under way using engine,PORT SAID,09-10 14:00,Normal,None,Eastbound fairway transit towards Egyptian approaches
2026-09-08 06:33:00,352911000,9537112,OCEAN PIONEER,HP5620,Product Tanker,10.4,"Catania/Augusta Offshore Fairway (Sicily, Italy)",Port Said Fairway / Suez Transit (Egypt),36.126873,16.843851,14.6,121.2,121,-0.0,Under way using engine,PORT SAID,09-10 14:00,Normal,None,Eastbound fairway transit towards Egyptian approaches
2026-09-08 06:36:00,352911000,9537112,OCEAN PIONEER,HP5620,Product Tanker,10.4,"Catania/Augusta Offshore Fairway (Sicily, Italy)",Port Said Fairway / Suez Transit (Egypt),36.120455,16.856735,14.7,121.1,121,-0.2,Under way using engine,PORT SAID,09-10 14:00,Normal,None,Eastbound fairway transit towards Egyptian approaches
2026-09-08 06:39:00,352911000,9537112,OCEAN PIONEER,HP5620,Product Tanker,10.4,"Catania/Augusta Offshore Fairway (Sicily, Italy)",Port Said Fairway / Suez Transit (Egypt),36.114149,16.869715,14.7,121.0,121,0.1,Under way using engine,PORT SAID,09-10 14:00,Normal,None,Eastbound fairway transit towards Egyptian approaches
2026-09-08 06:42:00,352911000,9537112,OCEAN PIONEER,HP5620,Product Tanker,10.4,"Catania/Augusta Offshore Fairway (Sicily, Italy)",Port Said Fairway / Suez Transit (Egypt),36.10781,16.882674,14.7,121.0,121,0.1,Under way using engine,PORT SAID,09-10 14:00,Normal,None,Eastbound fairway transit towards Egyptian approaches
2026-09-08 06:45:00,352911000,9537112,OCEAN PIONEER,HP5620,Product Tanker,10.4,"Catania/Augusta Offshore Fairway (Sicily, Italy)",Port Said Fairway / Suez Transit (Egypt),36.101549,16.895676,14.7,120.7,121,0.1,Under way using engine,PORT SAID,09-10 14:00,Normal,None,Eastbound fairway transit towards Egyptian approaches
2026-09-08 06:48:00,352911000,9537112,OCEAN PIONEER,HP5620,Product Tanker,10.4,"Catania/Augusta Offshore Fairway (Sicily, Italy)",Port Said Fairway / Suez Transit (Egypt),36.095324,16.908712,14.7,119.9,120,0.0,Under way using engine,PORT SAID,09-10 14:00,Normal,None,Eastbound fairway transit towards Egyptian approaches
2026-09-08 06:51:00,352911000,9537112,OCEAN PIONEER,HP5620,Product Tanker,10.4,"Catania/Augusta Offshore Fairway (Sicily, Italy)",Port Said Fairway / Suez Transit (Egypt),36.08911,16.921768,14.7,121.3,121,-0.0,Under way using engine,PORT SAID,09-10 14:00,Normal,None,Eastbound fairway transit towards Egyptian approaches
2026-09-08 06:54:00,352911000,9537112,OCEAN PIONEER,HP5620,Product Tanker,10.4,"Catania/Augusta Offshore Fairway (Sicily, Italy)",Port Said Fairway / Suez Transit (Egypt),36.082706,16.934681,14.7,121.4,121,-0.1,Under way using engine,PORT SAID,09-10 14:00,Normal,None,Eastbound fairway transit towards Egyptian approaches
2026-09-08 06:57:00,352911000,9537112,OCEAN PIONEER,HP5620,Product Tanker,10.4,"Catania/Augusta Offshore Fairway (Sicily, Italy)",Port Said Fairway / Suez Transit (Egypt),36.076299,16.947548,14.7,121.5,121,0.1,Under way using engine,PORT SAID,09-10 14:00,Normal,None,Eastbound fairway transit towards Egyptian approaches
2026-09-08 07:00:00,352911000,9537112,OCEAN PIONEER,HP5620,Product Tanker,10.4,"Catania/Augusta Offshore Fairway (Sicily, Italy)",Port Said Fairway / Suez Transit (Egypt),36.06995,16.960491,14.7,121.4,121,-0.1,Under way using engine,PORT SAID,09-10 14:00,Sudden Speed Reduction,Medium,Rapid unannounced throttle reduction from 14.4 kt to 1.2 kt
2026-09-08 07:03:00,352911000,9537112,OCEAN PIONEER,HP5620,Product Tanker,10.4,"Catania/Augusta Offshore Fairway (Sicily, Italy)",Port Said Fairway / Suez Transit (Egypt),36.063633,16.97282,13.8,122.9,123,0.9,Under way using engine,PORT SAID,09-10 14:00,Sudden Speed Reduction,Medium,Rapid unannounced throttle reduction from 14.4 kt to 1.2 kt
2026-09-08 07:06:00,352911000,9537112,OCEAN PIONEER,HP5620,Product Tanker,10.4,"Catania/Augusta Offshore Fairway (Sicily, Italy)",Port Said Fairway / Suez Transit (Egypt),36.057398,16.984092,12.9,125.3,125,0.6,Under way using engine,PORT SAID,09-10 14:00,Sudden Speed Reduction,Medium,Rapid unannounced throttle reduction from 14.4 kt to 1.2 kt
2026-09-08 07:09:00,352911000,9537112,OCEAN PIONEER,HP5620,Product Tanker,10.4,"Catania/Augusta Offshore Fairway (Sicily, Italy)",Port Said Fairway / Suez Transit (Egypt),36.05143,16.994452,12.0,126.0,126,0.7,Under way using engine,PORT SAID,09-10 14:00,Sudden Speed Reduction,Medium,Rapid unannounced throttle reduction from 14.4 kt to 1.2 kt
2026-09-08 07:12:00,352911000,9537112,OCEAN PIONEER,HP5620,Product Tanker,10.4,"Catania/Augusta Offshore Fairway (Sicily, Italy)",Port Said Fairway / Suez Transit (Egypt),36.045686,17.003904,11.1,127.6,128,0.6,Under way using engine,PORT SAID,09-10 14:00,Sudden Speed Reduction,Medium,Rapid unannounced throttle reduction from 14.4 kt to 1.2 kt
2026-09-08 07:15:00,352911000,9537112,OCEAN PIONEER,HP5620,Product Tanker,10.4,"Catania/Augusta Offshore Fairway (Sicily, Italy)",Port Said Fairway / Suez Transit (Egypt),36.040151,17.012339,10.2,129.6,130,0.7,Under way using engine,PORT SAID,09-10 14:00,Sudden Speed Reduction,Medium,Rapid unannounced throttle reduction from 14.4 kt to 1.2 kt
2026-09-08 07:18:00,352911000,9537112,OCEAN PIONEER,HP5620,Product Tanker,10.4,"Catania/Augusta Offshore Fairway (Sicily, Italy)",Port Said Fairway / Suez Transit (Egypt),36.03491,17.019863,9.2,131.5,132,0.6,Under way using engine,PORT SAID,09-10 14:00,Sudden Speed Reduction,Medium,Rapid unannounced throttle reduction from 14.4 kt to 1.2 kt
2026-09-08 07:21:00,352911000,9537112,OCEAN PIONEER,HP5620,Product Tanker,10.4,"Catania/Augusta Offshore Fairway (Sicily, Italy)",Port Said Fairway / Suez Transit (Egypt),36.030002,17.026508,8.3,132.9,134,0.7,Under way using engine,PORT SAID,09-10 14:00,Sudden Speed Reduction,Medium,Rapid unannounced throttle reduction from 14.4 kt to 1.2 kt
2026-09-08 07:24:00,352911000,9537112,OCEAN PIONEER,HP5620,Product Tanker,10.4,"Catania/Augusta Offshore Fairway (Sicily, Italy)",Port Said Fairway / Suez Transit (Egypt),36.02545,17.032278,7.4,135.0,136,0.7,Under way using engine,PORT SAID,09-10 14:00,Sudden Speed Reduction,Medium,Rapid unannounced throttle reduction from 14.4 kt to 1.2 kt
2026-09-08 07:27:00,352911000,9537112,OCEAN PIONEER,HP5620,Product Tanker,10.4,"Catania/Augusta Offshore Fairway (Sicily, Italy)",Port Said Fairway / Suez Transit (Egypt),36.02132,17.037244,6.5,137.1,138,0.9,Under way using engine,PORT SAID,09-10 14:00,Sudden Speed Reduction,Medium,Rapid unannounced throttle reduction from 14.4 kt to 1.2 kt
2026-09-08 07:30:00,352911000,9537112,OCEAN PIONEER,HP5620,Product Tanker,10.4,"Catania/Augusta Offshore Fairway (Sicily, Italy)",Port Said Fairway / Suez Transit (Egypt),36.017584,17.041352,5.7,138.7,140,0.9,Not under command,PORT SAID,09-10 14:00,Sudden Speed Reduction,Critical,"Vessel dead in the water, drifting at 1.1-1.4 kt; unauthorized bilge/sludge discharge event"
2026-09-08 07:33:00,352911000,9537112,OCEAN PIONEER,HP5620,Product Tanker,10.4,"Catania/Augusta Offshore Fairway (Sicily, Italy)",Port Said Fairway / Suez Transit (Egypt),36.014339,17.044771,4.7,140.8,143,0.3,Not under command,PORT SAID,09-10 14:00,Sudden Speed Reduction,Critical,"Vessel dead in the water, drifting at 1.1-1.4 kt; unauthorized bilge/sludge discharge event"
2026-09-08 07:36:00,352911000,9537112,OCEAN PIONEER,HP5620,Product Tanker,10.4,"Catania/Augusta Offshore Fairway (Sicily, Italy)",Port Said Fairway / Suez Transit (Egypt),36.011627,17.047514,3.8,140.9,144,0.3,Not under command,PORT SAID,09-10 14:00,Sudden Speed Reduction,Critical,"Vessel dead in the water, drifting at 1.1-1.4 kt; unauthorized bilge/sludge discharge event"
2026-09-08 07:39:00,352911000,9537112,OCEAN PIONEER,HP5620,Product Tanker,10.4,"Catania/Augusta Offshore Fairway (Sicily, Italy)",Port Said Fairway / Suez Transit (Egypt),36.009467,17.049627,2.9,141.9,146,0.2,Not under command,PORT SAID,09-10 14:00,Sudden Speed Reduction,Critical,"Vessel dead in the water, drifting at 1.1-1.4 kt; unauthorized bilge/sludge discharge event"
2026-09-08 07:42:00,352911000,9537112,OCEAN PIONEER,HP5620,Product Tanker,10.4,"Catania/Augusta Offshore Fairway (Sicily, Italy)",Port Said Fairway / Suez Transit (Egypt),36.007909,17.051209,2.0,139.7,145,0.2,Not under command,PORT SAID,09-10 14:00,Sudden Speed Reduction,Critical,"Vessel dead in the water, drifting at 1.1-1.4 kt; unauthorized bilge/sludge discharge event"
2026-09-08 07:45:00,352911000,9537112,OCEAN PIONEER,HP5620,Product Tanker,10.4,"Catania/Augusta Offshore Fairway (Sicily, Italy)",Port Said Fairway / Suez Transit (Egypt),36.006888,17.052328,1.5,137.6,146,0.1,Not under command,PORT SAID,09-10 14:00,Sudden Speed Reduction,Critical,"Vessel dead in the water, drifting at 1.1-1.4 kt; unauthorized bilge/sludge discharge event"
2026-09-08 07:48:00,352911000,9537112,OCEAN PIONEER,HP5620,Product Tanker,10.4,"Catania/Augusta Offshore Fairway (Sicily, Italy)",Port Said Fairway / Suez Transit (Egypt),36.005917,17.053406,1.6,138.7,147,0.1,Not under command,PORT SAID,09-10 14:00,Sudden Speed Reduction,Critical,"Vessel dead in the water, drifting at 1.1-1.4 kt; unauthorized bilge/sludge discharge event"
2026-09-08 07:51:00,352911000,9537112,OCEAN PIONEER,HP5620,Product Tanker,10.4,"Catania/Augusta Offshore Fairway (Sicily, Italy)",Port Said Fairway / Suez Transit (Egypt),36.004925,17.054487,1.6,138.3,146,-0.2,Not under command,PORT SAID,09-10 14:00,Sudden Speed Reduction,Critical,"Vessel dead in the water, drifting at 1.1-1.4 kt; unauthorized bilge/sludge discharge event"
2026-09-08 07:54:00,352911000,9537112,OCEAN PIONEER,HP5620,Product Tanker,10.4,"Catania/Augusta Offshore Fairway (Sicily, Italy)",Port Said Fairway / Suez Transit (Egypt),36.003934,17.055605,1.6,137.6,145,0.2,Not under command,PORT SAID,09-10 14:00,Sudden Speed Reduction,Critical,"Vessel dead in the water, drifting at 1.1-1.4 kt; unauthorized bilge/sludge discharge event"
2026-09-08 07:57:00,352911000,9537112,OCEAN PIONEER,HP5620,Product Tanker,10.4,"Catania/Augusta Offshore Fairway (Sicily, Italy)",Port Said Fairway / Suez Transit (Egypt),36.002927,17.056713,1.6,138.5,146,-0.2,Not under command,PORT SAID,09-10 14:00,Sudden Speed Reduction,Critical,"Vessel dead in the water, drifting at 1.1-1.4 kt; unauthorized bilge/sludge discharge event"
2026-09-08 08:00:00,352911000,9537112,OCEAN PIONEER,HP5620,Product Tanker,10.4,"Catania/Augusta Offshore Fairway (Sicily, Italy)",Port Said Fairway / Suez Transit (Egypt),36.001929,17.057846,1.6,137.0,144,-0.0,Not under command,PORT SAID,09-10 14:00,Sudden Speed Reduction,Critical,"Vessel dead in the water, drifting at 1.1-1.4 kt; unauthorized bilge/sludge discharge event"
2026-09-08 08:03:00,352911000,9537112,OCEAN PIONEER,HP5620,Product Tanker,10.4,"Catania/Augusta Offshore Fairway (Sicily, Italy)",Port Said Fairway / Suez Transit (Egypt),36.000926,17.058979,1.6,137.1,144,-0.3,Not under command,PORT SAID,09-10 14:00,Sudden Speed Reduction,Critical,"Vessel dead in the water, drifting at 1.1-1.4 kt; unauthorized bilge/sludge discharge event"
2026-09-08 08:06:00,352911000,9537112,OCEAN PIONEER,HP5620,Product Tanker,10.4,"Catania/Augusta Offshore Fairway (Sicily, Italy)",Port Said Fairway / Suez Transit (Egypt),35.999926,17.060129,1.6,137.1,144,-0.2,Not under command,PORT SAID,09-10 14:00,Sudden Speed Reduction,Critical,"Vessel dead in the water, drifting at 1.1-1.4 kt; unauthorized bilge/sludge discharge event"
2026-09-08 08:09:00,352911000,9537112,OCEAN PIONEER,HP5620,Product Tanker,10.4,"Catania/Augusta Offshore Fairway (Sicily, Italy)",Port Said Fairway / Suez Transit (Egypt),35.998932,17.061284,1.6,136.7,144,-0.1,Not under command,PORT SAID,09-10 14:00,Sudden Speed Reduction,Critical,"Vessel dead in the water, drifting at 1.1-1.4 kt; unauthorized bilge/sludge discharge event"
2026-09-08 08:12:00,352911000,9537112,OCEAN PIONEER,HP5620,Product Tanker,10.4,"Catania/Augusta Offshore Fairway (Sicily, Italy)",Port Said Fairway / Suez Transit (Egypt),35.997954,17.062443,1.6,136.2,143,-0.1,Not under command,PORT SAID,09-10 14:00,Sudden Speed Reduction,Critical,"Vessel dead in the water, drifting at 1.1-1.4 kt; unauthorized bilge/sludge discharge event"
2026-09-08 08:15:00,352911000,9537112,OCEAN PIONEER,HP5620,Product Tanker,10.4,"Catania/Augusta Offshore Fairway (Sicily, Italy)",Port Said Fairway / Suez Transit (Egypt),35.996985,17.063598,1.6,135.9,143,-0.3,Not under command,PORT SAID,09-10 14:00,Sudden Speed Reduction,Critical,"Vessel dead in the water, drifting at 1.1-1.4 kt; unauthorized bilge/sludge discharge event"
2026-09-08 08:18:00,352911000,9537112,OCEAN PIONEER,HP5620,Product Tanker,10.4,"Catania/Augusta Offshore Fairway (Sicily, Italy)",Port Said Fairway / Suez Transit (Egypt),35.996045,17.064763,1.6,134.1,141,-0.1,Not under command,PORT SAID,09-10 14:00,Sudden Speed Reduction,Critical,"Vessel dead in the water, drifting at 1.1-1.4 kt; unauthorized bilge/sludge discharge event"
2026-09-08 08:21:00,352911000,9537112,OCEAN PIONEER,HP5620,Product Tanker,10.4,"Catania/Augusta Offshore Fairway (Sicily, Italy)",Port Said Fairway / Suez Transit (Egypt),35.995128,17.065933,1.6,134.2,141,-0.1,Not under command,PORT SAID,09-10 14:00,Sudden Speed Reduction,Critical,"Vessel dead in the water, drifting at 1.1-1.4 kt; unauthorized bilge/sludge discharge event"
2026-09-08 08:24:00,352911000,9537112,OCEAN PIONEER,HP5620,Product Tanker,10.4,"Catania/Augusta Offshore Fairway (Sicily, Italy)",Port Said Fairway / Suez Transit (Egypt),35.994218,17.067083,1.5,134.4,142,-0.1,Not under command,PORT SAID,09-10 14:00,Sudden Speed Reduction,Critical,"Vessel dead in the water, drifting at 1.1-1.4 kt; unauthorized bilge/sludge discharge event"
2026-09-08 08:27:00,352911000,9537112,OCEAN PIONEER,HP5620,Product Tanker,10.4,"Catania/Augusta Offshore Fairway (Sicily, Italy)",Port Said Fairway / Suez Transit (Egypt),35.993326,17.068204,1.5,134.6,142,-0.3,Not under command,PORT SAID,09-10 14:00,Sudden Speed Reduction,Critical,"Vessel dead in the water, drifting at 1.1-1.4 kt; unauthorized bilge/sludge discharge event"
2026-09-08 08:30:00,352911000,9537112,OCEAN PIONEER,HP5620,Product Tanker,10.4,"Catania/Augusta Offshore Fairway (Sicily, Italy)",Port Said Fairway / Suez Transit (Egypt),35.992449,17.069307,1.5,134.3,142,0.1,Not under command,PORT SAID,09-10 14:00,Sudden Speed Reduction,Critical,"Vessel dead in the water, drifting at 1.1-1.4 kt; unauthorized bilge/sludge discharge event"
2026-09-08 08:33:00,352911000,9537112,OCEAN PIONEER,HP5620,Product Tanker,10.4,"Catania/Augusta Offshore Fairway (Sicily, Italy)",Port Said Fairway / Suez Transit (Egypt),35.991608,17.070392,1.4,133.5,141,0.0,Not under command,PORT SAID,09-10 14:00,Sudden Speed Reduction,Critical,"Vessel dead in the water, drifting at 1.1-1.4 kt; unauthorized bilge/sludge discharge event"
2026-09-08 08:36:00,352911000,9537112,OCEAN PIONEER,HP5620,Product Tanker,10.4,"Catania/Augusta Offshore Fairway (Sicily, Italy)",Port Said Fairway / Suez Transit (Egypt),35.990794,17.071468,1.4,133.2,141,-0.0,Not under command,PORT SAID,09-10 14:00,Sudden Speed Reduction,Critical,"Vessel dead in the water, drifting at 1.1-1.4 kt; unauthorized bilge/sludge discharge event"
2026-09-08 08:39:00,352911000,9537112,OCEAN PIONEER,HP5620,Product Tanker,10.4,"Catania/Augusta Offshore Fairway (Sicily, Italy)",Port Said Fairway / Suez Transit (Egypt),35.989992,17.072526,1.4,133.4,142,-0.1,Not under command,PORT SAID,09-10 14:00,Sudden Speed Reduction,Critical,"Vessel dead in the water, drifting at 1.1-1.4 kt; unauthorized bilge/sludge discharge event"
2026-09-08 08:42:00,352911000,9537112,OCEAN PIONEER,HP5620,Product Tanker,10.4,"Catania/Augusta Offshore Fairway (Sicily, Italy)",Port Said Fairway / Suez Transit (Egypt),35.989224,17.07356,1.3,132.8,141,0.0,Not under command,PORT SAID,09-10 14:00,Sudden Speed Reduction,Critical,"Vessel dead in the water, drifting at 1.1-1.4 kt; unauthorized bilge/sludge discharge event"
2026-09-08 08:45:00,352911000,9537112,OCEAN PIONEER,HP5620,Product Tanker,10.4,"Catania/Augusta Offshore Fairway (Sicily, Italy)",Port Said Fairway / Suez Transit (Egypt),35.988474,17.074577,1.3,131.7,140,-0.1,Not under command,PORT SAID,09-10 14:00,Sudden Speed Reduction,Critical,"Vessel dead in the water, drifting at 1.1-1.4 kt; unauthorized bilge/sludge discharge event"
2026-09-08 08:48:00,352911000,9537112,OCEAN PIONEER,HP5620,Product Tanker,10.4,"Catania/Augusta Offshore Fairway (Sicily, Italy)",Port Said Fairway / Suez Transit (Egypt),35.987758,17.075591,1.3,130.8,139,-0.2,Not under command,PORT SAID,09-10 14:00,Sudden Speed Reduction,Critical,"Vessel dead in the water, drifting at 1.1-1.4 kt; unauthorized bilge/sludge discharge event"
2026-09-08 08:51:00,352911000,9537112,OCEAN PIONEER,HP5620,Product Tanker,10.4,"Catania/Augusta Offshore Fairway (Sicily, Italy)",Port Said Fairway / Suez Transit (Egypt),35.98707,17.07659,1.3,129.9,138,-0.2,Not under command,PORT SAID,09-10 14:00,Sudden Speed Reduction,Critical,"Vessel dead in the water, drifting at 1.1-1.4 kt; unauthorized bilge/sludge discharge event"
2026-09-08 08:54:00,352911000,9537112,OCEAN PIONEER,HP5620,Product Tanker,10.4,"Catania/Augusta Offshore Fairway (Sicily, Italy)",Port Said Fairway / Suez Transit (Egypt),35.986401,17.07758,1.3,129.6,138,-0.4,Not under command,PORT SAID,09-10 14:00,Sudden Speed Reduction,Critical,"Vessel dead in the water, drifting at 1.1-1.4 kt; unauthorized bilge/sludge discharge event"
2026-09-08 08:57:00,352911000,9537112,OCEAN PIONEER,HP5620,Product Tanker,10.4,"Catania/Augusta Offshore Fairway (Sicily, Italy)",Port Said Fairway / Suez Transit (Egypt),35.985761,17.078556,1.2,128.8,138,-0.4,Not under command,PORT SAID,09-10 14:00,Sudden Speed Reduction,Critical,"Vessel dead in the water, drifting at 1.1-1.4 kt; unauthorized bilge/sludge discharge event"
2026-09-08 09:00:00,352911000,9537112,OCEAN PIONEER,HP5620,Product Tanker,10.4,"Catania/Augusta Offshore Fairway (Sicily, Italy)",Port Said Fairway / Suez Transit (Egypt),35.985135,17.079522,1.2,128.1,137,-0.1,Not under command,PORT SAID,09-10 14:00,Sudden Speed Reduction,Critical,"Vessel dead in the water, drifting at 1.1-1.4 kt; unauthorized bilge/sludge discharge event"
2026-09-08 09:03:00,352911000,9537112,OCEAN PIONEER,HP5620,Product Tanker,10.4,"Catania/Augusta Offshore Fairway (Sicily, Italy)",Port Said Fairway / Suez Transit (Egypt),35.984531,17.080497,1.2,127.4,136,-0.3,Not under command,PORT SAID,09-10 14:00,Sudden Speed Reduction,Critical,"Vessel dead in the water, drifting at 1.1-1.4 kt; unauthorized bilge/sludge discharge event"
2026-09-08 09:06:00,352911000,9537112,OCEAN PIONEER,HP5620,Product Tanker,10.4,"Catania/Augusta Offshore Fairway (Sicily, Italy)",Port Said Fairway / Suez Transit (Egypt),35.983946,17.081482,1.2,125.8,134,-0.4,Not under command,PORT SAID,09-10 14:00,Sudden Speed Reduction,Critical,"Vessel dead in the water, drifting at 1.1-1.4 kt; unauthorized bilge/sludge discharge event"
2026-09-08 09:09:00,352911000,9537112,OCEAN PIONEER,HP5620,Product Tanker,10.4,"Catania/Augusta Offshore Fairway (Sicily, Italy)",Port Said Fairway / Suez Transit (Egypt),35.983371,17.08246,1.2,125.7,134,-0.5,Not under command,PORT SAID,09-10 14:00,Sudden Speed Reduction,Critical,"Vessel dead in the water, drifting at 1.1-1.4 kt; unauthorized bilge/sludge discharge event"
2026-09-08 09:12:00,352911000,9537112,OCEAN PIONEER,HP5620,Product Tanker,10.4,"Catania/Augusta Offshore Fairway (Sicily, Italy)",Port Said Fairway / Suez Transit (Egypt),35.982805,17.083456,1.2,124.9,133,-0.5,Not under command,PORT SAID,09-10 14:00,Sudden Speed Reduction,Critical,"Vessel dead in the water, drifting at 1.1-1.4 kt; unauthorized bilge/sludge discharge event"
2026-09-08 09:15:00,352911000,9537112,OCEAN PIONEER,HP5620,Product Tanker,10.4,"Catania/Augusta Offshore Fairway (Sicily, Italy)",Port Said Fairway / Suez Transit (Egypt),35.982253,17.084463,1.2,123.8,131,-0.5,Not under command,PORT SAID,09-10 14:00,Sudden Speed Reduction,Critical,"Vessel dead in the water, drifting at 1.1-1.4 kt; unauthorized bilge/sludge discharge event"
2026-09-08 09:18:00,352911000,9537112,OCEAN PIONEER,HP5620,Product Tanker,10.4,"Catania/Augusta Offshore Fairway (Sicily, Italy)",Port Said Fairway / Suez Transit (Egypt),35.981714,17.085486,1.2,122.8,130,-0.5,Not under command,PORT SAID,09-10 14:00,Sudden Speed Reduction,Critical,"Vessel dead in the water, drifting at 1.1-1.4 kt; unauthorized bilge/sludge discharge event"
2026-09-08 09:21:00,352911000,9537112,OCEAN PIONEER,HP5620,Product Tanker,10.4,"Catania/Augusta Offshore Fairway (Sicily, Italy)",Port Said Fairway / Suez Transit (Egypt),35.981181,17.086539,1.2,121.8,129,-0.6,Not under command,PORT SAID,09-10 14:00,Sudden Speed Reduction,Critical,"Vessel dead in the water, drifting at 1.1-1.4 kt; unauthorized bilge/sludge discharge event"
2026-09-08 09:24:00,352911000,9537112,OCEAN PIONEER,HP5620,Product Tanker,10.4,"Catania/Augusta Offshore Fairway (Sicily, Italy)",Port Said Fairway / Suez Transit (Egypt),35.980645,17.087621,1.2,120.6,127,-0.5,Not under command,PORT SAID,09-10 14:00,Sudden Speed Reduction,Critical,"Vessel dead in the water, drifting at 1.1-1.4 kt; unauthorized bilge/sludge discharge event"
2026-09-08 09:27:00,352911000,9537112,OCEAN PIONEER,HP5620,Product Tanker,10.4,"Catania/Augusta Offshore Fairway (Sicily, Italy)",Port Said Fairway / Suez Transit (Egypt),35.980127,17.088738,1.3,119.0,124,-0.6,Not under command,PORT SAID,09-10 14:00,Sudden Speed Reduction,Critical,"Vessel dead in the water, drifting at 1.1-1.4 kt; unauthorized bilge/sludge discharge event"
2026-09-08 09:30:00,352911000,9537112,OCEAN PIONEER,HP5620,Product Tanker,10.4,"Catania/Augusta Offshore Fairway (Sicily, Italy)",Port Said Fairway / Suez Transit (Egypt),35.979626,17.089907,1.3,117.2,122,-0.3,Not under command,PORT SAID,09-10 14:00,Sudden Speed Reduction,Critical,"Vessel dead in the water, drifting at 1.1-1.4 kt; unauthorized bilge/sludge discharge event"
2026-09-08 09:33:00,352911000,9537112,OCEAN PIONEER,HP5620,Product Tanker,10.4,"Catania/Augusta Offshore Fairway (Sicily, Italy)",Port Said Fairway / Suez Transit (Egypt),35.979126,17.091117,1.3,116.6,121,-0.7,Not under command,PORT SAID,09-10 14:00,Sudden Speed Reduction,Critical,"Vessel dead in the water, drifting at 1.1-1.4 kt; unauthorized bilge/sludge discharge event"
2026-09-08 09:36:00,352911000,9537112,OCEAN PIONEER,HP5620,Product Tanker,10.4,"Catania/Augusta Offshore Fairway (Sicily, Italy)",Port Said Fairway / Suez Transit (Egypt),35.978632,17.09235,1.4,115.9,120,-0.4,Not under command,PORT SAID,09-10 14:00,Sudden Speed Reduction,Critical,"Vessel dead in the water, drifting at 1.1-1.4 kt; unauthorized bilge/sludge discharge event"
2026-09-08 09:39:00,352911000,9537112,OCEAN PIONEER,HP5620,Product Tanker,10.4,"Catania/Augusta Offshore Fairway (Sicily, Italy)",Port Said Fairway / Suez Transit (Egypt),35.978132,17.093627,1.4,115.5,119,-0.2,Not under command,PORT SAID,09-10 14:00,Sudden Speed Reduction,Critical,"Vessel dead in the water, drifting at 1.1-1.4 kt; unauthorized bilge/sludge discharge event"
2026-09-08 09:42:00,352911000,9537112,OCEAN PIONEER,HP5620,Product Tanker,10.4,"Catania/Augusta Offshore Fairway (Sicily, Italy)",Port Said Fairway / Suez Transit (Egypt),35.977641,17.094959,1.4,114.1,117,-0.3,Not under command,PORT SAID,09-10 14:00,Sudden Speed Reduction,Critical,"Vessel dead in the water, drifting at 1.1-1.4 kt; unauthorized bilge/sludge discharge event"
2026-09-08 09:45:00,352911000,9537112,OCEAN PIONEER,HP5620,Product Tanker,10.4,"Catania/Augusta Offshore Fairway (Sicily, Italy)",Port Said Fairway / Suez Transit (Egypt),35.977139,17.096319,1.5,114.9,118,-0.2,Not under command,PORT SAID,09-10 14:00,Sudden Speed Reduction,Critical,"Vessel dead in the water, drifting at 1.1-1.4 kt; unauthorized bilge/sludge discharge event"
2026-09-08 09:48:00,352911000,9537112,OCEAN PIONEER,HP5620,Product Tanker,10.4,"Catania/Augusta Offshore Fairway (Sicily, Italy)",Port Said Fairway / Suez Transit (Egypt),35.976627,17.097704,1.5,114.5,118,-0.2,Not under command,PORT SAID,09-10 14:00,Sudden Speed Reduction,Critical,"Vessel dead in the water, drifting at 1.1-1.4 kt; unauthorized bilge/sludge discharge event"
2026-09-08 09:51:00,352911000,9537112,OCEAN PIONEER,HP5620,Product Tanker,10.4,"Catania/Augusta Offshore Fairway (Sicily, Italy)",Port Said Fairway / Suez Transit (Egypt),35.976113,17.099131,1.5,114.4,118,0.1,Not under command,PORT SAID,09-10 14:00,Sudden Speed Reduction,Critical,"Vessel dead in the water, drifting at 1.1-1.4 kt; unauthorized bilge/sludge discharge event"
2026-09-08 09:54:00,352911000,9537112,OCEAN PIONEER,HP5620,Product Tanker,10.4,"Catania/Augusta Offshore Fairway (Sicily, Italy)",Port Said Fairway / Suez Transit (Egypt),35.975582,17.100589,1.6,113.9,117,0.1,Not under command,PORT SAID,09-10 14:00,Sudden Speed Reduction,Critical,"Vessel dead in the water, drifting at 1.1-1.4 kt; unauthorized bilge/sludge discharge event"
2026-09-08 09:57:00,352911000,9537112,OCEAN PIONEER,HP5620,Product Tanker,10.4,"Catania/Augusta Offshore Fairway (Sicily, Italy)",Port Said Fairway / Suez Transit (Egypt),35.975051,17.102075,1.6,114.5,118,0.4,Not under command,PORT SAID,09-10 14:00,Sudden Speed Reduction,Critical,"Vessel dead in the water, drifting at 1.1-1.4 kt; unauthorized bilge/sludge discharge event"
2026-09-08 10:00:00,352911000,9537112,OCEAN PIONEER,HP5620,Product Tanker,10.4,"Catania/Augusta Offshore Fairway (Sicily, Italy)",Port Said Fairway / Suez Transit (Egypt),35.974487,17.103578,1.6,114.9,118,0.2,Not under command,PORT SAID,09-10 14:00,Sudden Speed Reduction,Critical,"Vessel dead in the water, drifting at 1.1-1.4 kt; unauthorized bilge/sludge discharge event"
2026-09-08 10:03:00,352911000,9537112,OCEAN PIONEER,HP5620,Product Tanker,10.4,"Catania/Augusta Offshore Fairway (Sicily, Italy)",Port Said Fairway / Suez Transit (Egypt),35.973888,17.105078,1.6,117.2,121,0.7,Not under command,PORT SAID,09-10 14:00,Sudden Speed Reduction,Critical,"Vessel dead in the water, drifting at 1.1-1.4 kt; unauthorized bilge/sludge discharge event"
2026-09-08 10:06:00,352911000,9537112,OCEAN PIONEER,HP5620,Product Tanker,10.4,"Catania/Augusta Offshore Fairway (Sicily, Italy)",Port Said Fairway / Suez Transit (Egypt),35.973245,17.106587,1.7,118.0,122,0.5,Not under command,PORT SAID,09-10 14:00,Sudden Speed Reduction,Critical,"Vessel dead in the water, drifting at 1.1-1.4 kt; unauthorized bilge/sludge discharge event"
2026-09-08 10:09:00,352911000,9537112,OCEAN PIONEER,HP5620,Product Tanker,10.4,"Catania/Augusta Offshore Fairway (Sicily, Italy)",Port Said Fairway / Suez Transit (Egypt),35.97257,17.10809,1.7,120.2,124,0.7,Not under command,PORT SAID,09-10 14:00,Sudden Speed Reduction,Critical,"Vessel dead in the water, drifting at 1.1-1.4 kt; unauthorized bilge/sludge discharge event"
2026-09-08 10:12:00,352911000,9537112,OCEAN PIONEER,HP5620,Product Tanker,10.4,"Catania/Augusta Offshore Fairway (Sicily, Italy)",Port Said Fairway / Suez Transit (Egypt),35.971852,17.109577,1.7,121.6,126,0.7,Not under command,PORT SAID,09-10 14:00,Sudden Speed Reduction,Critical,"Vessel dead in the water, drifting at 1.1-1.4 kt; unauthorized bilge/sludge discharge event"
2026-09-08 10:15:00,352911000,9537112,OCEAN PIONEER,HP5620,Product Tanker,10.4,"Catania/Augusta Offshore Fairway (Sicily, Italy)",Port Said Fairway / Suez Transit (Egypt),35.971099,17.111055,1.7,123.5,128,0.7,Not under command,PORT SAID,09-10 14:00,Sudden Speed Reduction,Critical,"Vessel dead in the water, drifting at 1.1-1.4 kt; unauthorized bilge/sludge discharge event"
2026-09-08 10:18:00,352911000,9537112,OCEAN PIONEER,HP5620,Product Tanker,10.4,"Catania/Augusta Offshore Fairway (Sicily, Italy)",Port Said Fairway / Suez Transit (Egypt),35.970301,17.112487,1.7,125.8,131,0.9,Not under command,PORT SAID,09-10 14:00,Sudden Speed Reduction,Critical,"Vessel dead in the water, drifting at 1.1-1.4 kt; unauthorized bilge/sludge discharge event"
2026-09-08 10:21:00,352911000,9537112,OCEAN PIONEER,HP5620,Product Tanker,10.4,"Catania/Augusta Offshore Fairway (Sicily, Italy)",Port Said Fairway / Suez Transit (Egypt),35.969462,17.113867,1.7,128.0,134,0.8,Not under command,PORT SAID,09-10 14:00,Sudden Speed Reduction,Critical,"Vessel dead in the water, drifting at 1.1-1.4 kt; unauthorized bilge/sludge discharge event"
2026-09-08 10:24:00,352911000,9537112,OCEAN PIONEER,HP5620,Product Tanker,10.4,"Catania/Augusta Offshore Fairway (Sicily, Italy)",Port Said Fairway / Suez Transit (Egypt),35.968583,17.11519,1.7,130.8,137,0.9,Not under command,PORT SAID,09-10 14:00,Sudden Speed Reduction,Critical,"Vessel dead in the water, drifting at 1.1-1.4 kt; unauthorized bilge/sludge discharge event"
2026-09-08 10:27:00,352911000,9537112,OCEAN PIONEER,HP5620,Product Tanker,10.4,"Catania/Augusta Offshore Fairway (Sicily, Italy)",Port Said Fairway / Suez Transit (Egypt),35.967667,17.116467,1.7,132.0,138,1.0,Not under command,PORT SAID,09-10 14:00,Sudden Speed Reduction,Critical,"Vessel dead in the water, drifting at 1.1-1.4 kt; unauthorized bilge/sludge discharge event"
2026-09-08 10:30:00,352911000,9537112,OCEAN PIONEER,HP5620,Product Tanker,10.4,"Catania/Augusta Offshore Fairway (Sicily, Italy)",Port Said Fairway / Suez Transit (Egypt),35.966734,17.117691,1.6,134.4,141,0.6,Not under command,PORT SAID,09-10 14:00,Sudden Speed Reduction,Critical,"Vessel dead in the water, drifting at 1.1-1.4 kt; unauthorized bilge/sludge discharge event"
2026-09-08 10:33:00,352911000,9537112,OCEAN PIONEER,HP5620,Product Tanker,10.4,"Catania/Augusta Offshore Fairway (Sicily, Italy)",Port Said Fairway / Suez Transit (Egypt),35.965781,17.118856,1.6,136.6,144,1.1,Not under command,PORT SAID,09-10 14:00,Sudden Speed Reduction,Critical,"Vessel dead in the water, drifting at 1.1-1.4 kt; unauthorized bilge/sludge discharge event"
2026-09-08 10:36:00,352911000,9537112,OCEAN PIONEER,HP5620,Product Tanker,10.4,"Catania/Augusta Offshore Fairway (Sicily, Italy)",Port Said Fairway / Suez Transit (Egypt),35.964822,17.119952,1.6,137.6,146,0.3,Not under command,PORT SAID,09-10 14:00,Sudden Speed Reduction,Critical,"Vessel dead in the water, drifting at 1.1-1.4 kt; unauthorized bilge/sludge discharge event"
2026-09-08 10:39:00,352911000,9537112,OCEAN PIONEER,HP5620,Product Tanker,10.4,"Catania/Augusta Offshore Fairway (Sicily, Italy)",Port Said Fairway / Suez Transit (Egypt),35.963848,17.121,1.5,139.7,148,0.8,Not under command,PORT SAID,09-10 14:00,Sudden Speed Reduction,Critical,"Vessel dead in the water, drifting at 1.1-1.4 kt; unauthorized bilge/sludge discharge event"
2026-09-08 10:42:00,352911000,9537112,OCEAN PIONEER,HP5620,Product Tanker,10.4,"Catania/Augusta Offshore Fairway (Sicily, Italy)",Port Said Fairway / Suez Transit (Egypt),35.962883,17.121993,1.5,140.8,150,0.4,Not under command,PORT SAID,09-10 14:00,Sudden Speed Reduction,Critical,"Vessel dead in the water, drifting at 1.1-1.4 kt; unauthorized bilge/sludge discharge event"
2026-09-08 10:45:00,352911000,9537112,OCEAN PIONEER,HP5620,Product Tanker,10.4,"Catania/Augusta Offshore Fairway (Sicily, Italy)",Port Said Fairway / Suez Transit (Egypt),35.961929,17.122946,1.5,141.5,151,0.6,Not under command,PORT SAID,09-10 14:00,Sudden Speed Reduction,Critical,"Vessel dead in the water, drifting at 1.1-1.4 kt; unauthorized bilge/sludge discharge event"
2026-09-08 10:48:00,352911000,9537112,OCEAN PIONEER,HP5620,Product Tanker,10.4,"Catania/Augusta Offshore Fairway (Sicily, Italy)",Port Said Fairway / Suez Transit (Egypt),35.960988,17.123846,1.4,142.5,152,0.3,Not under command,PORT SAID,09-10 14:00,Sudden Speed Reduction,Critical,"Vessel dead in the water, drifting at 1.1-1.4 kt; unauthorized bilge/sludge discharge event"
2026-09-08 10:51:00,352911000,9537112,OCEAN PIONEER,HP5620,Product Tanker,10.4,"Catania/Augusta Offshore Fairway (Sicily, Italy)",Port Said Fairway / Suez Transit (Egypt),35.96006,17.124716,1.4,143.0,153,0.2,Not under command,PORT SAID,09-10 14:00,Sudden Speed Reduction,Critical,"Vessel dead in the water, drifting at 1.1-1.4 kt; unauthorized bilge/sludge discharge event"
2026-09-08 10:54:00,352911000,9537112,OCEAN PIONEER,HP5620,Product Tanker,10.4,"Catania/Augusta Offshore Fairway (Sicily, Italy)",Port Said Fairway / Suez Transit (Egypt),35.959158,17.125561,1.3,142.7,153,0.0,Not under command,PORT SAID,09-10 14:00,Sudden Speed Reduction,Critical,"Vessel dead in the water, drifting at 1.1-1.4 kt; unauthorized bilge/sludge discharge event"
2026-09-08 10:57:00,352911000,9537112,OCEAN PIONEER,HP5620,Product Tanker,10.4,"Catania/Augusta Offshore Fairway (Sicily, Italy)",Port Said Fairway / Suez Transit (Egypt),35.958289,17.1264,1.3,141.5,152,-0.1,Not under command,PORT SAID,09-10 14:00,Sudden Speed Reduction,Critical,"Vessel dead in the water, drifting at 1.1-1.4 kt; unauthorized bilge/sludge discharge event"
2026-09-08 11:00:00,352911000,9537112,OCEAN PIONEER,HP5620,Product Tanker,10.4,"Catania/Augusta Offshore Fairway (Sicily, Italy)",Port Said Fairway / Suez Transit (Egypt),35.957425,17.127241,1.4,141.9,151,-2.3,Under way using engine,PORT SAID,09-10 14:00,Sudden Speed Reduction,Medium,Engines re-engaged; accelerating back to service cruising speed
2026-09-08 11:03:00,352911000,9537112,OCEAN PIONEER,HP5620,Product Tanker,10.4,"Catania/Augusta Offshore Fairway (Sicily, Italy)",Port Said Fairway / Suez Transit (Egypt),35.956247,17.128636,2.3,131.0,135,-6.2,Under way using engine,PORT SAID,09-10 14:00,Sudden Speed Reduction,Medium,Engines re-engaged; accelerating back to service cruising speed
2026-09-08 11:06:00,352911000,9537112,OCEAN PIONEER,HP5620,Product Tanker,10.4,"Catania/Augusta Offshore Fairway (Sicily, Italy)",Port Said Fairway / Suez Transit (Egypt),35.955,17.131174,3.3,115.0,116,-6.0,Under way using engine,PORT SAID,09-10 14:00,Sudden Speed Reduction,Medium,Engines re-engaged; accelerating back to service cruising speed
2026-09-08 11:09:00,352911000,9537112,OCEAN PIONEER,HP5620,Product Tanker,10.4,"Catania/Augusta Offshore Fairway (Sicily, Italy)",Port Said Fairway / Suez Transit (Egypt),35.95371,17.134724,4.1,115.9,117,1.6,Under way using engine,PORT SAID,09-10 14:00,Sudden Speed Reduction,Medium,Engines re-engaged; accelerating back to service cruising speed
2026-09-08 11:12:00,352911000,9537112,OCEAN PIONEER,HP5620,Product Tanker,10.4,"Catania/Augusta Offshore Fairway (Sicily, Italy)",Port Said Fairway / Suez Transit (Egypt),35.951964,17.139013,5.1,116.8,117,-0.4,Under way using engine,PORT SAID,09-10 14:00,Sudden Speed Reduction,Medium,Engines re-engaged; accelerating back to service cruising speed
2026-09-08 11:15:00,352911000,9537112,OCEAN PIONEER,HP5620,Product Tanker,10.4,"Catania/Augusta Offshore Fairway (Sicily, Italy)",Port Said Fairway / Suez Transit (Egypt),35.949846,17.144109,5.9,117.3,118,-0.0,Under way using engine,PORT SAID,09-10 14:00,Sudden Speed Reduction,Medium,Engines re-engaged; accelerating back to service cruising speed
2026-09-08 11:18:00,352911000,9537112,OCEAN PIONEER,HP5620,Product Tanker,10.4,"Catania/Augusta Offshore Fairway (Sicily, Italy)",Port Said Fairway / Suez Transit (Egypt),35.947435,17.14999,6.7,117.0,117,0.1,Under way using engine,PORT SAID,09-10 14:00,Sudden Speed Reduction,Medium,Engines re-engaged; accelerating back to service cruising speed
2026-09-08 11:21:00,352911000,9537112,OCEAN PIONEER,HP5620,Product Tanker,10.4,"Catania/Augusta Offshore Fairway (Sicily, Italy)",Port Said Fairway / Suez Transit (Egypt),35.944682,17.156709,7.7,116.6,117,0.1,Under way using engine,PORT SAID,09-10 14:00,Sudden Speed Reduction,Medium,Engines re-engaged; accelerating back to service cruising speed
2026-09-08 11:24:00,352911000,9537112,OCEAN PIONEER,HP5620,Product Tanker,10.4,"Catania/Augusta Offshore Fairway (Sicily, Italy)",Port Said Fairway / Suez Transit (Egypt),35.941724,17.164294,8.6,115.7,116,-0.1,Under way using engine,PORT SAID,09-10 14:00,Sudden Speed Reduction,Medium,Engines re-engaged; accelerating back to service cruising speed
2026-09-08 11:27:00,352911000,9537112,OCEAN PIONEER,HP5620,Product Tanker,10.4,"Catania/Augusta Offshore Fairway (Sicily, Italy)",Port Said Fairway / Suez Transit (Egypt),35.938411,17.172669,9.4,115.9,116,-0.0,Under way using engine,PORT SAID,09-10 14:00,Sudden Speed Reduction,Medium,Engines re-engaged; accelerating back to service cruising speed
2026-09-08 11:30:00,352911000,9537112,OCEAN PIONEER,HP5620,Product Tanker,10.4,"Catania/Augusta Offshore Fairway (Sicily, Italy)",Port Said Fairway / Suez Transit (Egypt),35.934706,17.181816,10.3,117.5,118,-0.0,Under way using engine,PORT SAID,09-10 14:00,Sudden Speed Reduction,Medium,Engines re-engaged; accelerating back to service cruising speed
2026-09-08 11:33:00,352911000,9537112,OCEAN PIONEER,HP5620,Product Tanker,10.4,"Catania/Augusta Offshore Fairway (Sicily, Italy)",Port Said Fairway / Suez Transit (Egypt),35.930468,17.191684,11.2,117.9,118,-0.1,Under way using engine,PORT SAID,09-10 14:00,Sudden Speed Reduction,Medium,Engines re-engaged; accelerating back to service cruising speed
2026-09-08 11:36:00,352911000,9537112,OCEAN PIONEER,HP5620,Product Tanker,10.4,"Catania/Augusta Offshore Fairway (Sicily, Italy)",Port Said Fairway / Suez Transit (Egypt),35.925865,17.202286,12.0,118.1,118,0.1,Under way using engine,PORT SAID,09-10 14:00,Sudden Speed Reduction,Medium,Engines re-engaged; accelerating back to service cruising speed
2026-09-08 11:39:00,352911000,9537112,OCEAN PIONEER,HP5620,Product Tanker,10.4,"Catania/Augusta Offshore Fairway (Sicily, Italy)",Port Said Fairway / Suez Transit (Egypt),35.921061,17.213799,13.0,116.8,117,-0.2,Under way using engine,PORT SAID,09-10 14:00,Sudden Speed Reduction,Medium,Engines re-engaged; accelerating back to service cruising speed
2026-09-08 11:42:00,352911000,9537112,OCEAN PIONEER,HP5620,Product Tanker,10.4,"Catania/Augusta Offshore Fairway (Sicily, Italy)",Port Said Fairway / Suez Transit (Egypt),35.916085,17.22623,13.9,116.4,116,0.1,Under way using engine,PORT SAID,09-10 14:00,Sudden Speed Reduction,Medium,Engines re-engaged; accelerating back to service cruising speed
2026-09-08 11:45:00,352911000,9537112,OCEAN PIONEER,HP5620,Product Tanker,10.4,"Catania/Augusta Offshore Fairway (Sicily, Italy)",Port Said Fairway / Suez Transit (Egypt),35.910754,17.239418,14.6,116.5,116,-0.1,Under way using engine,PORT SAID,09-10 14:00,Post-Anomaly Transit,Low,Resumed commercial passage toward Port Said fairway
2026-09-08 11:48:00,352911000,9537112,OCEAN PIONEER,HP5620,Product Tanker,10.4,"Catania/Augusta Offshore Fairway (Sicily, Italy)",Port Said Fairway / Suez Transit (Egypt),35.905306,17.252955,14.7,117.0,117,0.0,Under way using engine,PORT SAID,09-10 14:00,Post-Anomaly Transit,Low,Resumed commercial passage toward Port Said fairway
2026-09-08 11:51:00,352911000,9537112,OCEAN PIONEER,HP5620,Product Tanker,10.4,"Catania/Augusta Offshore Fairway (Sicily, Italy)",Port Said Fairway / Suez Transit (Egypt),35.899761,17.266459,14.7,116.9,117,-0.1,Under way using engine,PORT SAID,09-10 14:00,Post-Anomaly Transit,Low,Resumed commercial passage toward Port Said fairway
2026-09-08 11:54:00,352911000,9537112,OCEAN PIONEER,HP5620,Product Tanker,10.4,"Catania/Augusta Offshore Fairway (Sicily, Italy)",Port Said Fairway / Suez Transit (Egypt),35.894203,17.27996,14.7,116.7,117,0.0,Under way using engine,PORT SAID,09-10 14:00,Post-Anomaly Transit,Low,Resumed commercial passage toward Port Said fairway
2026-09-08 11:57:00,352911000,9537112,OCEAN PIONEER,HP5620,Product Tanker,10.4,"Catania/Augusta Offshore Fairway (Sicily, Italy)",Port Said Fairway / Suez Transit (Egypt),35.888692,17.293498,14.8,116.9,117,-0.0,Under way using engine,PORT SAID,09-10 14:00,Post-Anomaly Transit,Low,Resumed commercial passage toward Port Said fairway
2026-09-08 12:00:00,352911000,9537112,OCEAN PIONEER,HP5620,Product Tanker,10.4,"Catania/Augusta Offshore Fairway (Sicily, Italy)",Port Said Fairway / Suez Transit (Egypt),35.883156,17.307021,14.7,116.8,117,0.0,Under way using engine,PORT SAID,09-10 14:00,Post-Anomaly Transit,Low,Resumed commercial passage toward Port Said fairway
2026-09-08 12:03:00,352911000,9537112,OCEAN PIONEER,HP5620,Product Tanker,10.4,"Catania/Augusta Offshore Fairway (Sicily, Italy)",Port Said Fairway / Suez Transit (Egypt),35.877513,17.320455,14.7,118.1,118,0.1,Under way using engine,PORT SAID,09-10 14:00,Post-Anomaly Transit,Low,Resumed commercial passage toward Port Said fairway
2026-09-08 12:06:00,352911000,9537112,OCEAN PIONEER,HP5620,Product Tanker,10.4,"Catania/Augusta Offshore Fairway (Sicily, Italy)",Port Said Fairway / Suez Transit (Egypt),35.871743,17.333849,14.7,117.8,118,-0.2,Under way using engine,PORT SAID,09-10 14:00,Post-Anomaly Transit,Low,Resumed commercial passage toward Port Said fairway
2026-09-08 12:09:00,352911000,9537112,OCEAN PIONEER,HP5620,Product Tanker,10.4,"Catania/Augusta Offshore Fairway (Sicily, Italy)",Port Said Fairway / Suez Transit (Egypt),35.866073,17.347264,14.7,117.4,117,0.1,Under way using engine,PORT SAID,09-10 14:00,Post-Anomaly Transit,Low,Resumed commercial passage toward Port Said fairway
2026-09-08 12:12:00,352911000,9537112,OCEAN PIONEER,HP5620,Product Tanker,10.4,"Catania/Augusta Offshore Fairway (Sicily, Italy)",Port Said Fairway / Suez Transit (Egypt),35.860367,17.360699,14.7,117.8,118,0.0,Under way using engine,PORT SAID,09-10 14:00,Post-Anomaly Transit,Low,Resumed commercial passage toward Port Said fairway
2026-09-08 12:15:00,352911000,9537112,OCEAN PIONEER,HP5620,Product Tanker,10.4,"Catania/Augusta Offshore Fairway (Sicily, Italy)",Port Said Fairway / Suez Transit (Egypt),35.854572,17.374055,14.7,118.3,118,-0.0,Under way using engine,PORT SAID,09-10 14:00,Post-Anomaly Transit,Low,Resumed commercial passage toward Port Said fairway
2026-09-08 12:18:00,352911000,9537112,OCEAN PIONEER,HP5620,Product Tanker,10.4,"Catania/Augusta Offshore Fairway (Sicily, Italy)",Port Said Fairway / Suez Transit (Egypt),35.848875,17.387456,14.8,117.5,117,0.1,Under way using engine,PORT SAID,09-10 14:00,Post-Anomaly Transit,Low,Resumed commercial passage toward Port Said fairway
2026-09-08 12:21:00,352911000,9537112,OCEAN PIONEER,HP5620,Product Tanker,10.4,"Catania/Augusta Offshore Fairway (Sicily, Italy)",Port Said Fairway / Suez Transit (Egypt),35.843145,17.400837,14.7,117.7,118,0.1,Under way using engine,PORT SAID,09-10 14:00,Post-Anomaly Transit,Low,Resumed commercial passage toward Port Said fairway
2026-09-08 12:24:00,352911000,9537112,OCEAN PIONEER,HP5620,Product Tanker,10.4,"Catania/Augusta Offshore Fairway (Sicily, Italy)",Port Said Fairway / Suez Transit (Egypt),35.837344,17.414198,14.7,118.2,118,-0.1,Under way using engine,PORT SAID,09-10 14:00,Post-Anomaly Transit,Low,Resumed commercial passage toward Port Said fairway
2026-09-08 12:27:00,352911000,9537112,OCEAN PIONEER,HP5620,Product Tanker,10.4,"Catania/Augusta Offshore Fairway (Sicily, Italy)",Port Said Fairway / Suez Transit (Egypt),35.831662,17.427617,14.7,117.3,117,0.0,Under way using engine,PORT SAID,09-10 14:00,Post-Anomaly Transit,Low,Resumed commercial passage toward Port Said fairway
2026-09-08 12:30:00,352911000,9537112,OCEAN PIONEER,HP5620,Product Tanker,10.4,"Catania/Augusta Offshore Fairway (Sicily, Italy)",Port Said Fairway / Suez Transit (Egypt),35.82605,17.441102,14.7,117.9,118,0.1,Under way using engine,PORT SAID,09-10 14:00,Post-Anomaly Transit,Low,Resumed commercial passage toward Port Said fairway
2026-09-08 12:33:00,352911000,9537112,OCEAN PIONEER,HP5620,Product Tanker,10.4,"Catania/Augusta Offshore Fairway (Sicily, Italy)",Port Said Fairway / Suez Transit (Egypt),35.820546,17.45463,14.8,113.8,114,-4.0,Under way using engine,PORT SAID,09-10 14:00,Post-Anomaly Transit,Low,Resumed commercial passage toward Port Said fairway
2026-09-08 12:36:00,352911000,9537112,OCEAN PIONEER,HP5620,Product Tanker,10.4,"Catania/Augusta Offshore Fairway (Sicily, Italy)",Port Said Fairway / Suez Transit (Egypt),35.816066,17.468742,14.8,112.1,112,1.1,Under way using engine,PORT SAID,09-10 14:00,Post-Anomaly Transit,Low,Resumed commercial passage toward Port Said fairway
2026-09-08 12:39:00,352911000,9537112,OCEAN PIONEER,HP5620,Product Tanker,10.4,"Catania/Augusta Offshore Fairway (Sicily, Italy)",Port Said Fairway / Suez Transit (Egypt),35.8113,17.482731,14.8,112.8,113,-0.4,Under way using engine,PORT SAID,09-10 14:00,Post-Anomaly Transit,Low,Resumed commercial passage toward Port Said fairway
2026-09-08 12:42:00,352911000,9537112,OCEAN PIONEER,HP5620,Product Tanker,10.4,"Catania/Augusta Offshore Fairway (Sicily, Italy)",Port Said Fairway / Suez Transit (Egypt),35.806647,17.496765,14.7,112.4,112,0.2,Under way using engine,PORT SAID,09-10 14:00,Post-Anomaly Transit,Low,Resumed commercial passage toward Port Said fairway
2026-09-08 12:45:00,352911000,9537112,OCEAN PIONEER,HP5620,Product Tanker,10.4,"Catania/Augusta Offshore Fairway (Sicily, Italy)",Port Said Fairway / Suez Transit (Egypt),35.80185,17.510708,14.7,113.3,113,0.0,Under way using engine,PORT SAID,09-10 14:00,Post-Anomaly Transit,Low,Resumed commercial passage toward Port Said fairway
2026-09-08 12:48:00,352911000,9537112,OCEAN PIONEER,HP5620,Product Tanker,10.4,"Catania/Augusta Offshore Fairway (Sicily, Italy)",Port Said Fairway / Suez Transit (Egypt),35.797031,17.524657,14.8,112.7,112,-0.0,Under way using engine,PORT SAID,09-10 14:00,Post-Anomaly Transit,Low,Resumed commercial passage toward Port Said fairway
2026-09-08 12:51:00,352911000,9537112,OCEAN PIONEER,HP5620,Product Tanker,10.4,"Catania/Augusta Offshore Fairway (Sicily, Italy)",Port Said Fairway / Suez Transit (Egypt),35.792333,17.538655,14.8,111.9,112,0.1,Under way using engine,PORT SAID,09-10 14:00,Post-Anomaly Transit,Low,Resumed commercial passage toward Port Said fairway
2026-09-08 12:54:00,352911000,9537112,OCEAN PIONEER,HP5620,Product Tanker,10.4,"Catania/Augusta Offshore Fairway (Sicily, Italy)",Port Said Fairway / Suez Transit (Egypt),35.787596,17.552628,14.7,112.6,112,-0.0,Under way using engine,PORT SAID,09-10 14:00,Post-Anomaly Transit,Low,Resumed commercial passage toward Port Said fairway
2026-09-08 12:57:00,352911000,9537112,OCEAN PIONEER,HP5620,Product Tanker,10.4,"Catania/Augusta Offshore Fairway (Sicily, Italy)",Port Said Fairway / Suez Transit (Egypt),35.782818,17.566619,14.8,112.5,112,0.1,Under way using engine,PORT SAID,09-10 14:00,Post-Anomaly Transit,Low,Resumed commercial passage toward Port Said fairway
2026-09-08 13:00:00,352911000,9537112,OCEAN PIONEER,HP5620,Product Tanker,10.4,"Catania/Augusta Offshore Fairway (Sicily, Italy)",Port Said Fairway / Suez Transit (Egypt),35.778262,17.5807,14.8,111.3,111,-0.2,Under way using engine,PORT SAID,09-10 14:00,Post-Anomaly Transit,Low,Resumed commercial passage toward Port Said fairway
2026-09-08 13:03:00,352911000,9537112,OCEAN PIONEER,HP5620,Product Tanker,10.4,"Catania/Augusta Offshore Fairway (Sicily, Italy)",Port Said Fairway / Suez Transit (Egypt),35.773736,17.594795,14.7,112.2,112,0.1,Under way using engine,PORT SAID,09-10 14:00,Post-Anomaly Transit,Low,Resumed commercial passage toward Port Said fairway
2026-09-08 13:06:00,352911000,9537112,OCEAN PIONEER,HP5620,Product Tanker,10.4,"Catania/Augusta Offshore Fairway (Sicily, Italy)",Port Said Fairway / Suez Transit (Egypt),35.769205,17.608896,14.8,111.3,111,-0.0,Under way using engine,PORT SAID,09-10 14:00,Post-Anomaly Transit,Low,Resumed commercial passage toward Port Said fairway
2026-09-08 13:09:00,352911000,9537112,OCEAN PIONEER,HP5620,Product Tanker,10.4,"Catania/Augusta Offshore Fairway (Sicily, Italy)",Port Said Fairway / Suez Transit (Egypt),35.764747,17.623016,14.8,111.8,112,-0.0,Under way using engine,PORT SAID,09-10 14:00,Post-Anomaly Transit,Low,Resumed commercial passage toward Port Said fairway
2026-09-08 13:12:00,352911000,9537112,OCEAN PIONEER,HP5620,Product Tanker,10.4,"Catania/Augusta Offshore Fairway (Sicily, Italy)",Port Said Fairway / Suez Transit (Egypt),35.760135,17.637059,14.8,112.2,112,-0.0,Under way using engine,PORT SAID,09-10 14:00,Post-Anomaly Transit,Low,Resumed commercial passage toward Port Said fairway
2026-09-08 13:15:00,352911000,9537112,OCEAN PIONEER,HP5620,Product Tanker,10.4,"Catania/Augusta Offshore Fairway (Sicily, Italy)",Port Said Fairway / Suez Transit (Egypt),35.755503,17.651102,14.7,112.0,112,-0.0,Under way using engine,PORT SAID,09-10 14:00,Post-Anomaly Transit,Low,Resumed commercial passage toward Port Said fairway
2026-09-08 13:18:00,352911000,9537112,OCEAN PIONEER,HP5620,Product Tanker,10.4,"Catania/Augusta Offshore Fairway (Sicily, Italy)",Port Said Fairway / Suez Transit (Egypt),35.750923,17.665158,14.8,111.6,111,-0.0,Under way using engine,PORT SAID,09-10 14:00,Post-Anomaly Transit,Low,Resumed commercial passage toward Port Said fairway
2026-09-08 13:21:00,352911000,9537112,OCEAN PIONEER,HP5620,Product Tanker,10.4,"Catania/Augusta Offshore Fairway (Sicily, Italy)",Port Said Fairway / Suez Transit (Egypt),35.746377,17.679247,14.7,111.7,111,0.2,Under way using engine,PORT SAID,09-10 14:00,Post-Anomaly Transit,Low,Resumed commercial passage toward Port Said fairway
2026-09-08 13:24:00,352911000,9537112,OCEAN PIONEER,HP5620,Product Tanker,10.4,"Catania/Augusta Offshore Fairway (Sicily, Italy)",Port Said Fairway / Suez Transit (Egypt),35.741751,17.693267,14.8,112.0,112,0.0,Under way using engine,PORT SAID,09-10 14:00,Post-Anomaly Transit,Low,Resumed commercial passage toward Port Said fairway
2026-09-08 13:27:00,352911000,9537112,OCEAN PIONEER,HP5620,Product Tanker,10.4,"Catania/Augusta Offshore Fairway (Sicily, Italy)",Port Said Fairway / Suez Transit (Egypt),35.737032,17.70727,14.7,112.5,112,0.0,Under way using engine,PORT SAID,09-10 14:00,Post-Anomaly Transit,Low,Resumed commercial passage toward Port Said fairway
2026-09-08 13:30:00,352911000,9537112,OCEAN PIONEER,HP5620,Product Tanker,10.4,"Catania/Augusta Offshore Fairway (Sicily, Italy)",Port Said Fairway / Suez Transit (Egypt),35.732284,17.721245,14.7,112.7,112,0.0,Under way using engine,PORT SAID,09-10 14:00,Post-Anomaly Transit,Low,Resumed commercial passage toward Port Said fairway
2026-09-08 13:33:00,352911000,9537112,OCEAN PIONEER,HP5620,Product Tanker,10.4,"Catania/Augusta Offshore Fairway (Sicily, Italy)",Port Said Fairway / Suez Transit (Egypt),35.727537,17.735224,14.7,113.0,113,-0.0,Under way using engine,PORT SAID,09-10 14:00,Post-Anomaly Transit,Low,Resumed commercial passage toward Port Said fairway
2026-09-08 13:36:00,352911000,9537112,OCEAN PIONEER,HP5620,Product Tanker,10.4,"Catania/Augusta Offshore Fairway (Sicily, Italy)",Port Said Fairway / Suez Transit (Egypt),35.722732,17.749165,14.8,113.2,113,0.0,Under way using engine,PORT SAID,09-10 14:00,Post-Anomaly Transit,Low,Resumed commercial passage toward Port Said fairway
2026-09-08 13:39:00,352911000,9537112,OCEAN PIONEER,HP5620,Product Tanker,10.4,"Catania/Augusta Offshore Fairway (Sicily, Italy)",Port Said Fairway / Suez Transit (Egypt),35.717941,17.763119,14.8,112.3,112,-0.0,Under way using engine,PORT SAID,09-10 14:00,Post-Anomaly Transit,Low,Resumed commercial passage toward Port Said fairway
2026-09-08 13:42:00,352911000,9537112,OCEAN PIONEER,HP5620,Product Tanker,10.4,"Catania/Augusta Offshore Fairway (Sicily, Italy)",Port Said Fairway / Suez Transit (Egypt),35.713361,17.777185,14.8,112.2,112,0.0,Under way using engine,PORT SAID,09-10 14:00,Post-Anomaly Transit,Low,Resumed commercial passage toward Port Said fairway
2026-09-08 13:45:00,352911000,9537112,OCEAN PIONEER,HP5620,Product Tanker,10.4,"Catania/Augusta Offshore Fairway (Sicily, Italy)",Port Said Fairway / Suez Transit (Egypt),35.708649,17.791172,14.7,112.5,112,-0.1,Under way using engine,PORT SAID,09-10 14:00,Post-Anomaly Transit,Low,Resumed commercial passage toward Port Said fairway
2026-09-08 13:48:00,352911000,9537112,OCEAN PIONEER,HP5620,Product Tanker,10.4,"Catania/Augusta Offshore Fairway (Sicily, Italy)",Port Said Fairway / Suez Transit (Egypt),35.703959,17.805175,14.8,113.1,113,0.1,Under way using engine,PORT SAID,09-10 14:00,Post-Anomaly Transit,Low,Resumed commercial passage toward Port Said fairway
2026-09-08 13:51:00,352911000,9537112,OCEAN PIONEER,HP5620,Product Tanker,10.4,"Catania/Augusta Offshore Fairway (Sicily, Italy)",Port Said Fairway / Suez Transit (Egypt),35.699308,17.819186,14.7,111.7,111,0.1,Under way using engine,PORT SAID,09-10 14:00,Post-Anomaly Transit,Low,Resumed commercial passage toward Port Said fairway
2026-09-08 13:54:00,352911000,9537112,OCEAN PIONEER,HP5620,Product Tanker,10.4,"Catania/Augusta Offshore Fairway (Sicily, Italy)",Port Said Fairway / Suez Transit (Egypt),35.694717,17.833226,14.8,111.8,111,-0.0,Under way using engine,PORT SAID,09-10 14:00,Post-Anomaly Transit,Low,Resumed commercial passage toward Port Said fairway
2026-09-08 13:57:00,352911000,9537112,OCEAN PIONEER,HP5620,Product Tanker,10.4,"Catania/Augusta Offshore Fairway (Sicily, Italy)",Port Said Fairway / Suez Transit (Egypt),35.690131,17.847283,14.8,112.3,112,-0.1,Under way using engine,PORT SAID,09-10 14:00,Post-Anomaly Transit,Low,Resumed commercial passage toward Port Said fairway
2026-09-08 14:00:00,352911000,9537112,OCEAN PIONEER,HP5620,Product Tanker,10.4,"Catania/Augusta Offshore Fairway (Sicily, Italy)",Port Said Fairway / Suez Transit (Egypt),35.685426,17.861277,14.8,112.1,112,0.0,Under way using engine,PORT SAID,09-10 14:00,Post-Anomaly Transit,Low,Resumed commercial passage toward Port Said fairway
2026-09-08 14:03:00,352911000,9537112,OCEAN PIONEER,HP5620,Product Tanker,10.4,"Catania/Augusta Offshore Fairway (Sicily, Italy)",Port Said Fairway / Suez Transit (Egypt),35.680536,17.875176,14.8,113.6,113,-0.1,Under way using engine,PORT SAID,09-10 14:00,Post-Anomaly Transit,Low,Resumed commercial passage toward Port Said fairway
2026-09-08 14:06:00,352911000,9537112,OCEAN PIONEER,HP5620,Product Tanker,10.4,"Catania/Augusta Offshore Fairway (Sicily, Italy)",Port Said Fairway / Suez Transit (Egypt),35.675748,17.889145,14.8,112.4,112,0.0,Under way using engine,PORT SAID,09-10 14:00,Post-Anomaly Transit,Low,Resumed commercial passage toward Port Said fairway
2026-09-08 14:09:00,352911000,9537112,OCEAN PIONEER,HP5620,Product Tanker,10.4,"Catania/Augusta Offshore Fairway (Sicily, Italy)",Port Said Fairway / Suez Transit (Egypt),35.670986,17.903102,14.8,113.5,113,0.1,Under way using engine,PORT SAID,09-10 14:00,Post-Anomaly Transit,Low,Resumed commercial passage toward Port Said fairway
2026-09-08 14:12:00,352911000,9537112,OCEAN PIONEER,HP5620,Product Tanker,10.4,"Catania/Augusta Offshore Fairway (Sicily, Italy)",Port Said Fairway / Suez Transit (Egypt),35.666184,17.917017,14.8,112.8,113,-0.1,Under way using engine,PORT SAID,09-10 14:00,Post-Anomaly Transit,Low,Resumed commercial passage toward Port Said fairway
2026-09-08 14:15:00,352911000,9537112,OCEAN PIONEER,HP5620,Product Tanker,10.4,"Catania/Augusta Offshore Fairway (Sicily, Italy)",Port Said Fairway / Suez Transit (Egypt),35.661542,17.931025,14.7,111.6,111,0.1,Under way using engine,PORT SAID,09-10 14:00,Post-Anomaly Transit,Low,Resumed commercial passage toward Port Said fairway
2026-09-08 14:18:00,352911000,9537112,OCEAN PIONEER,HP5620,Product Tanker,10.4,"Catania/Augusta Offshore Fairway (Sicily, Italy)",Port Said Fairway / Suez Transit (Egypt),35.656776,17.944989,14.8,113.8,114,0.0,Under way using engine,PORT SAID,09-10 14:00,Post-Anomaly Transit,Low,Resumed commercial passage toward Port Said fairway
2026-09-08 14:21:00,352911000,9537112,OCEAN PIONEER,HP5620,Product Tanker,10.4,"Catania/Augusta Offshore Fairway (Sicily, Italy)",Port Said Fairway / Suez Transit (Egypt),35.651916,17.958893,14.7,113.1,113,0.0,Under way using engine,PORT SAID,09-10 14:00,Post-Anomaly Transit,Low,Resumed commercial passage toward Port Said fairway
2026-09-08 14:24:00,352911000,9537112,OCEAN PIONEER,HP5620,Product Tanker,10.4,"Catania/Augusta Offshore Fairway (Sicily, Italy)",Port Said Fairway / Suez Transit (Egypt),35.647116,17.972812,14.7,112.8,112,-0.1,Under way using engine,PORT SAID,09-10 14:00,Post-Anomaly Transit,Low,Resumed commercial passage toward Port Said fairway
2026-09-08 14:27:00,352911000,9537112,OCEAN PIONEER,HP5620,Product Tanker,10.4,"Catania/Augusta Offshore Fairway (Sicily, Italy)",Port Said Fairway / Suez Transit (Egypt),35.642369,17.98675,14.7,113.0,113,0.1,Under way using engine,PORT SAID,09-10 14:00,Post-Anomaly Transit,Low,Resumed commercial passage toward Port Said fairway
2026-09-08 14:30:00,352911000,9537112,OCEAN PIONEER,HP5620,Product Tanker,10.4,"Catania/Augusta Offshore Fairway (Sicily, Italy)",Port Said Fairway / Suez Transit (Egypt),35.637752,18.000784,14.8,112.2,112,-0.1,Under way using engine,PORT SAID,09-10 14:00,Post-Anomaly Transit,Low,Resumed commercial passage toward Port Said fairway
2026-09-08 14:33:00,352911000,9537112,OCEAN PIONEER,HP5620,Product Tanker,10.4,"Catania/Augusta Offshore Fairway (Sicily, Italy)",Port Said Fairway / Suez Transit (Egypt),35.633071,18.014777,14.7,112.8,113,-0.1,Under way using engine,PORT SAID,09-10 14:00,Post-Anomaly Transit,Low,Resumed commercial passage toward Port Said fairway
2026-09-08 14:36:00,352911000,9537112,OCEAN PIONEER,HP5620,Product Tanker,10.4,"Catania/Augusta Offshore Fairway (Sicily, Italy)",Port Said Fairway / Suez Transit (Egypt),35.628254,18.028693,14.8,113.1,113,0.1,Under way using engine,PORT SAID,09-10 14:00,Post-Anomaly Transit,Low,Resumed commercial passage toward Port Said fairway
2026-09-08 14:39:00,352911000,9537112,OCEAN PIONEER,HP5620,Product Tanker,10.4,"Catania/Augusta Offshore Fairway (Sicily, Italy)",Port Said Fairway / Suez Transit (Egypt),35.623588,18.042664,14.8,111.9,112,0.0,Under way using engine,PORT SAID,09-10 14:00,Post-Anomaly Transit,Low,Resumed commercial passage toward Port Said fairway
2026-09-08 14:42:00,352911000,9537112,OCEAN PIONEER,HP5620,Product Tanker,10.4,"Catania/Augusta Offshore Fairway (Sicily, Italy)",Port Said Fairway / Suez Transit (Egypt),35.618914,18.056659,14.8,112.2,112,-0.2,Under way using engine,PORT SAID,09-10 14:00,Post-Anomaly Transit,Low,Resumed commercial passage toward Port Said fairway
2026-09-08 14:45:00,352911000,9537112,OCEAN PIONEER,HP5620,Product Tanker,10.4,"Catania/Augusta Offshore Fairway (Sicily, Italy)",Port Said Fairway / Suez Transit (Egypt),35.614255,18.070628,14.7,112.7,112,0.2,Under way using engine,PORT SAID,09-10 14:00,Post-Anomaly Transit,Low,Resumed commercial passage toward Port Said fairway
2026-09-08 14:48:00,352911000,9537112,OCEAN PIONEER,HP5620,Product Tanker,10.4,"Catania/Augusta Offshore Fairway (Sicily, Italy)",Port Said Fairway / Suez Transit (Egypt),35.609539,18.0846,14.7,112.3,112,0.1,Under way using engine,PORT SAID,09-10 14:00,Post-Anomaly Transit,Low,Resumed commercial passage toward Port Said fairway
2026-09-08 14:51:00,352911000,9537112,OCEAN PIONEER,HP5620,Product Tanker,10.4,"Catania/Augusta Offshore Fairway (Sicily, Italy)",Port Said Fairway / Suez Transit (Egypt),35.604843,18.098574,14.8,112.7,112,-0.0,Under way using engine,PORT SAID,09-10 14:00,Post-Anomaly Transit,Low,Resumed commercial passage toward Port Said fairway
2026-09-08 14:54:00,352911000,9537112,OCEAN PIONEER,HP5620,Product Tanker,10.4,"Catania/Augusta Offshore Fairway (Sicily, Italy)",Port Said Fairway / Suez Transit (Egypt),35.600101,18.112533,14.8,113.1,113,0.1,Under way using engine,PORT SAID,09-10 14:00,Post-Anomaly Transit,Low,Resumed commercial passage toward Port Said fairway
2026-09-08 14:57:00,352911000,9537112,OCEAN PIONEER,HP5620,Product Tanker,10.4,"Catania/Augusta Offshore Fairway (Sicily, Italy)",Port Said Fairway / Suez Transit (Egypt),35.595318,18.126425,14.7,113.7,113,-0.0,Under way using engine,PORT SAID,09-10 14:00,Post-Anomaly Transit,Low,Resumed commercial passage toward Port Said fairway
2026-09-08 15:00:00,352911000,9537112,OCEAN PIONEER,HP5620,Product Tanker,10.4,"Catania/Augusta Offshore Fairway (Sicily, Italy)",Port Said Fairway / Suez Transit (Egypt),35.590283,18.140211,14.7,114.6,114,-0.0,Under way using engine,PORT SAID,09-10 14:00,Post-Anomaly Transit,Low,Resumed commercial passage toward Port Said fairway
2026-09-08 15:03:00,352911000,9537112,OCEAN PIONEER,HP5620,Product Tanker,10.4,"Catania/Augusta Offshore Fairway (Sicily, Italy)",Port Said Fairway / Suez Transit (Egypt),35.585217,18.153966,14.7,113.4,113,0.0,Under way using engine,PORT SAID,09-10 14:00,Post-Anomaly Transit,Low,Resumed commercial passage toward Port Said fairway
2026-09-08 15:06:00,352911000,9537112,OCEAN PIONEER,HP5620,Product Tanker,10.4,"Catania/Augusta Offshore Fairway (Sicily, Italy)",Port Said Fairway / Suez Transit (Egypt),35.58037,18.167886,14.8,112.8,113,0.1,Under way using engine,PORT SAID,09-10 14:00,Post-Anomaly Transit,Low,Resumed commercial passage toward Port Said fairway
2026-09-08 15:09:00,352911000,9537112,OCEAN PIONEER,HP5620,Product Tanker,10.4,"Catania/Augusta Offshore Fairway (Sicily, Italy)",Port Said Fairway / Suez Transit (Egypt),35.575496,18.181733,14.8,113.1,113,-0.1,Under way using engine,PORT SAID,09-10 14:00,Post-Anomaly Transit,Low,Resumed commercial passage toward Port Said fairway
2026-09-08 15:12:00,352911000,9537112,OCEAN PIONEER,HP5620,Product Tanker,10.4,"Catania/Augusta Offshore Fairway (Sicily, Italy)",Port Said Fairway / Suez Transit (Egypt),35.570822,18.195709,14.7,112.8,112,0.0,Under way using engine,PORT SAID,09-10 14:00,Post-Anomaly Transit,Low,Resumed commercial passage toward Port Said fairway
2026-09-08 15:15:00,352911000,9537112,OCEAN PIONEER,HP5620,Product Tanker,10.4,"Catania/Augusta Offshore Fairway (Sicily, Italy)",Port Said Fairway / Suez Transit (Egypt),35.565939,18.209561,14.7,113.4,113,-0.0,Under way using engine,PORT SAID,09-10 14:00,Post-Anomaly Transit,Low,Resumed commercial passage toward Port Said fairway
2026-09-08 15:18:00,352911000,9537112,OCEAN PIONEER,HP5620,Product Tanker,10.4,"Catania/Augusta Offshore Fairway (Sicily, Italy)",Port Said Fairway / Suez Transit (Egypt),35.561063,18.223428,14.7,113.2,113,0.0,Under way using engine,PORT SAID,09-10 14:00,Post-Anomaly Transit,Low,Resumed commercial passage toward Port Said fairway
2026-09-08 15:21:00,352911000,9537112,OCEAN PIONEER,HP5620,Product Tanker,10.4,"Catania/Augusta Offshore Fairway (Sicily, Italy)",Port Said Fairway / Suez Transit (Egypt),35.55608,18.237231,14.7,114.4,114,-0.1,Under way using engine,PORT SAID,09-10 14:00,Post-Anomaly Transit,Low,Resumed commercial passage toward Port Said fairway
2026-09-08 15:24:00,352911000,9537112,OCEAN PIONEER,HP5620,Product Tanker,10.4,"Catania/Augusta Offshore Fairway (Sicily, Italy)",Port Said Fairway / Suez Transit (Egypt),35.551056,18.251026,14.8,114.1,114,-0.1,Under way using engine,PORT SAID,09-10 14:00,Post-Anomaly Transit,Low,Resumed commercial passage toward Port Said fairway
2026-09-08 15:27:00,352911000,9537112,OCEAN PIONEER,HP5620,Product Tanker,10.4,"Catania/Augusta Offshore Fairway (Sicily, Italy)",Port Said Fairway / Suez Transit (Egypt),35.546105,18.264841,14.7,113.5,113,0.1,Under way using engine,PORT SAID,09-10 14:00,Post-Anomaly Transit,Low,Resumed commercial passage toward Port Said fairway
2026-09-08 15:30:00,352911000,9537112,OCEAN PIONEER,HP5620,Product Tanker,10.4,"Catania/Augusta Offshore Fairway (Sicily, Italy)",Port Said Fairway / Suez Transit (Egypt),35.541167,18.27865,14.7,114.2,114,-0.2,Under way using engine,PORT SAID,09-10 14:00,Post-Anomaly Transit,Low,Resumed commercial passage toward Port Said fairway
2026-09-08 15:33:00,352911000,9537112,OCEAN PIONEER,HP5620,Product Tanker,10.4,"Catania/Augusta Offshore Fairway (Sicily, Italy)",Port Said Fairway / Suez Transit (Egypt),35.53618,18.292439,14.7,113.7,113,0.1,Under way using engine,PORT SAID,09-10 14:00,Post-Anomaly Transit,Low,Resumed commercial passage toward Port Said fairway
2026-09-08 15:36:00,352911000,9537112,OCEAN PIONEER,HP5620,Product Tanker,10.4,"Catania/Augusta Offshore Fairway (Sicily, Italy)",Port Said Fairway / Suez Transit (Egypt),35.531385,18.306321,14.7,112.6,112,0.1,Under way using engine,PORT SAID,09-10 14:00,Post-Anomaly Transit,Low,Resumed commercial passage toward Port Said fairway
2026-09-08 15:39:00,352911000,9537112,OCEAN PIONEER,HP5620,Product Tanker,10.4,"Catania/Augusta Offshore Fairway (Sicily, Italy)",Port Said Fairway / Suez Transit (Egypt),35.52652,18.320159,14.7,112.9,113,0.1,Under way using engine,PORT SAID,09-10 14:00,Post-Anomaly Transit,Low,Resumed commercial passage toward Port Said fairway
2026-09-08 15:42:00,352911000,9537112,OCEAN PIONEER,HP5620,Product Tanker,10.4,"Catania/Augusta Offshore Fairway (Sicily, Italy)",Port Said Fairway / Suez Transit (Egypt),35.521703,18.334031,14.7,113.0,113,-0.0,Under way using engine,PORT SAID,09-10 14:00,Post-Anomaly Transit,Low,Resumed commercial passage toward Port Said fairway
2026-09-08 15:45:00,352911000,9537112,OCEAN PIONEER,HP5620,Product Tanker,10.4,"Catania/Augusta Offshore Fairway (Sicily, Italy)",Port Said Fairway / Suez Transit (Egypt),35.516757,18.34785,14.8,113.9,114,-0.2,Under way using engine,PORT SAID,09-10 14:00,Post-Anomaly Transit,Low,Resumed commercial passage toward Port Said fairway
2026-09-08 15:48:00,352911000,9537112,OCEAN PIONEER,HP5620,Product Tanker,10.4,"Catania/Augusta Offshore Fairway (Sicily, Italy)",Port Said Fairway / Suez Transit (Egypt),35.511702,18.361596,14.8,114.2,114,-0.1,Under way using engine,PORT SAID,09-10 14:00,Post-Anomaly Transit,Low,Resumed commercial passage toward Port Said fairway
2026-09-08 15:51:00,352911000,9537112,OCEAN PIONEER,HP5620,Product Tanker,10.4,"Catania/Augusta Offshore Fairway (Sicily, Italy)",Port Said Fairway / Suez Transit (Egypt),35.506673,18.375348,14.7,113.9,114,-0.2,Under way using engine,PORT SAID,09-10 14:00,Post-Anomaly Transit,Low,Resumed commercial passage toward Port Said fairway
2026-09-08 15:54:00,352911000,9537112,OCEAN PIONEER,HP5620,Product Tanker,10.4,"Catania/Augusta Offshore Fairway (Sicily, Italy)",Port Said Fairway / Suez Transit (Egypt),35.501802,18.389154,14.7,112.9,113,0.1,Under way using engine,PORT SAID,09-10 14:00,Post-Anomaly Transit,Low,Resumed commercial passage toward Port Said fairway
2026-09-08 15:57:00,352911000,9537112,OCEAN PIONEER,HP5620,Product Tanker,10.4,"Catania/Augusta Offshore Fairway (Sicily, Italy)",Port Said Fairway / Suez Transit (Egypt),35.496814,18.402924,14.8,114.6,114,-0.0,Under way using engine,PORT SAID,09-10 14:00,Post-Anomaly Transit,Low,Resumed commercial passage toward Port Said fairway
2026-09-08 16:00:00,352911000,9537112,OCEAN PIONEER,HP5620,Product Tanker,10.4,"Catania/Augusta Offshore Fairway (Sicily, Italy)",Port Said Fairway / Suez Transit (Egypt),35.491816,18.416687,14.8,113.9,114,0.2,Under way using engine,PORT SAID,09-10 14:00,Post-Anomaly Transit,Low,Resumed commercial passage toward Port Said fairway
2026-09-08 16:03:00,352911000,9537112,OCEAN PIONEER,HP5620,Product Tanker,10.4,"Catania/Augusta Offshore Fairway (Sicily, Italy)",Port Said Fairway / Suez Transit (Egypt),35.486745,18.430401,14.8,114.3,114,-0.1,Under way using engine,PORT SAID,09-10 14:00,Post-Anomaly Transit,Low,Resumed commercial passage toward Port Said fairway
2026-09-08 16:06:00,352911000,9537112,OCEAN PIONEER,HP5620,Product Tanker,10.4,"Catania/Augusta Offshore Fairway (Sicily, Italy)",Port Said Fairway / Suez Transit (Egypt),35.481723,18.444134,14.7,114.7,114,0.0,Under way using engine,PORT SAID,09-10 14:00,Post-Anomaly Transit,Low,Resumed commercial passage toward Port Said fairway
2026-09-08 16:09:00,352911000,9537112,OCEAN PIONEER,HP5620,Product Tanker,10.4,"Catania/Augusta Offshore Fairway (Sicily, Italy)",Port Said Fairway / Suez Transit (Egypt),35.476658,18.457845,14.7,114.7,114,0.0,Under way using engine,PORT SAID,09-10 14:00,Post-Anomaly Transit,Low,Resumed commercial passage toward Port Said fairway
2026-09-08 16:12:00,352911000,9537112,OCEAN PIONEER,HP5620,Product Tanker,10.4,"Catania/Augusta Offshore Fairway (Sicily, Italy)",Port Said Fairway / Suez Transit (Egypt),35.471786,18.471679,14.7,113.6,113,0.1,Under way using engine,PORT SAID,09-10 14:00,Post-Anomaly Transit,Low,Resumed commercial passage toward Port Said fairway
2026-09-08 16:15:00,352911000,9537112,OCEAN PIONEER,HP5620,Product Tanker,10.4,"Catania/Augusta Offshore Fairway (Sicily, Italy)",Port Said Fairway / Suez Transit (Egypt),35.466885,18.485508,14.8,113.7,113,-0.1,Under way using engine,PORT SAID,09-10 14:00,Post-Anomaly Transit,Low,Resumed commercial passage toward Port Said fairway
2026-09-08 16:18:00,352911000,9537112,OCEAN PIONEER,HP5620,Product Tanker,10.4,"Catania/Augusta Offshore Fairway (Sicily, Italy)",Port Said Fairway / Suez Transit (Egypt),35.462074,18.499382,14.7,113.0,113,0.1,Under way using engine,PORT SAID,09-10 14:00,Post-Anomaly Transit,Low,Resumed commercial passage toward Port Said fairway
2026-09-08 16:21:00,352911000,9537112,OCEAN PIONEER,HP5620,Product Tanker,10.4,"Catania/Augusta Offshore Fairway (Sicily, Italy)",Port Said Fairway / Suez Transit (Egypt),35.457293,18.513256,14.7,112.6,112,-0.2,Under way using engine,PORT SAID,09-10 14:00,Post-Anomaly Transit,Low,Resumed commercial passage toward Port Said fairway
2026-09-08 16:24:00,352911000,9537112,OCEAN PIONEER,HP5620,Product Tanker,10.4,"Catania/Augusta Offshore Fairway (Sicily, Italy)",Port Said Fairway / Suez Transit (Egypt),35.452574,18.527151,14.7,112.7,112,0.1,Under way using engine,PORT SAID,09-10 14:00,Post-Anomaly Transit,Low,Resumed commercial passage toward Port Said fairway
2026-09-08 16:27:00,352911000,9537112,OCEAN PIONEER,HP5620,Product Tanker,10.4,"Catania/Augusta Offshore Fairway (Sicily, Italy)",Port Said Fairway / Suez Transit (Egypt),35.44768,18.540936,14.7,114.4,114,-0.0,Under way using engine,PORT SAID,09-10 14:00,Post-Anomaly Transit,Low,Resumed commercial passage toward Port Said fairway
2026-09-08 16:30:00,352911000,9537112,OCEAN PIONEER,HP5620,Product Tanker,10.4,"Catania/Augusta Offshore Fairway (Sicily, Italy)",Port Said Fairway / Suez Transit (Egypt),35.442596,18.554624,14.7,114.3,114,0.1,Under way using engine,PORT SAID,09-10 14:00,Post-Anomaly Transit,Low,Resumed commercial passage toward Port Said fairway
2026-09-08 16:33:00,352911000,9537112,OCEAN PIONEER,HP5620,Product Tanker,10.4,"Catania/Augusta Offshore Fairway (Sicily, Italy)",Port Said Fairway / Suez Transit (Egypt),35.437647,18.568398,14.7,112.9,113,-0.1,Under way using engine,PORT SAID,09-10 14:00,Post-Anomaly Transit,Low,Resumed commercial passage toward Port Said fairway
2026-09-08 16:36:00,352911000,9537112,OCEAN PIONEER,HP5620,Product Tanker,10.4,"Catania/Augusta Offshore Fairway (Sicily, Italy)",Port Said Fairway / Suez Transit (Egypt),35.432699,18.582174,14.7,114.1,114,0.2,Under way using engine,PORT SAID,09-10 14:00,Post-Anomaly Transit,Low,Resumed commercial passage toward Port Said fairway
2026-09-08 16:39:00,352911000,9537112,OCEAN PIONEER,HP5620,Product Tanker,10.4,"Catania/Augusta Offshore Fairway (Sicily, Italy)",Port Said Fairway / Suez Transit (Egypt),35.42767,18.595886,14.7,113.9,114,-0.2,Under way using engine,PORT SAID,09-10 14:00,Post-Anomaly Transit,Low,Resumed commercial passage toward Port Said fairway
2026-09-08 16:42:00,352911000,9537112,OCEAN PIONEER,HP5620,Product Tanker,10.4,"Catania/Augusta Offshore Fairway (Sicily, Italy)",Port Said Fairway / Suez Transit (Egypt),35.422783,18.609677,14.7,114.2,114,-0.1,Under way using engine,PORT SAID,09-10 14:00,Post-Anomaly Transit,Low,Resumed commercial passage toward Port Said fairway
2026-09-08 16:45:00,352911000,9537112,OCEAN PIONEER,HP5620,Product Tanker,10.4,"Catania/Augusta Offshore Fairway (Sicily, Italy)",Port Said Fairway / Suez Transit (Egypt),35.417837,18.62344,14.7,113.6,113,0.1,Under way using engine,PORT SAID,09-10 14:00,Post-Anomaly Transit,Low,Resumed commercial passage toward Port Said fairway
2026-09-08 16:48:00,352911000,9537112,OCEAN PIONEER,HP5620,Product Tanker,10.4,"Catania/Augusta Offshore Fairway (Sicily, Italy)",Port Said Fairway / Suez Transit (Egypt),35.413,18.637236,14.7,113.9,113,0.2,Under way using engine,PORT SAID,09-10 14:00,Post-Anomaly Transit,Low,Resumed commercial passage toward Port Said fairway
2026-09-08 16:51:00,352911000,9537112,OCEAN PIONEER,HP5620,Product Tanker,10.4,"Catania/Augusta Offshore Fairway (Sicily, Italy)",Port Said Fairway / Suez Transit (Egypt),35.408111,18.651015,14.6,113.5,113,0.0,Under way using engine,PORT SAID,09-10 14:00,Post-Anomaly Transit,Low,Resumed commercial passage toward Port Said fairway
2026-09-08 16:54:00,352911000,9537112,OCEAN PIONEER,HP5620,Product Tanker,10.4,"Catania/Augusta Offshore Fairway (Sicily, Italy)",Port Said Fairway / Suez Transit (Egypt),35.40317,18.664786,14.7,112.7,112,0.0,Under way using engine,PORT SAID,09-10 14:00,Post-Anomaly Transit,Low,Resumed commercial passage toward Port Said fairway
2026-09-08 16:57:00,352911000,9537112,OCEAN PIONEER,HP5620,Product Tanker,10.4,"Catania/Augusta Offshore Fairway (Sicily, Italy)",Port Said Fairway / Suez Transit (Egypt),35.398276,18.678568,14.7,114.0,114,0.1,Under way using engine,PORT SAID,09-10 14:00,Post-Anomaly Transit,Low,Resumed commercial passage toward Port Said fairway
2026-09-08 17:00:00,352911000,9537112,OCEAN PIONEER,HP5620,Product Tanker,10.4,"Catania/Augusta Offshore Fairway (Sicily, Italy)",Port Said Fairway / Suez Transit (Egypt),35.393329,18.69228,14.7,114.5,114,-0.1,Under way using engine,PORT SAID,09-10 14:00,Post-Anomaly Transit,Low,Resumed commercial passage toward Port Said fairway
2026-09-08 17:03:00,352911000,9537112,OCEAN PIONEER,HP5620,Product Tanker,10.4,"Catania/Augusta Offshore Fairway (Sicily, Italy)",Port Said Fairway / Suez Transit (Egypt),35.388256,18.705954,14.7,114.0,114,-0.2,Under way using engine,PORT SAID,09-10 14:00,Post-Anomaly Transit,Low,Resumed commercial passage toward Port Said fairway
2026-09-08 17:06:00,352911000,9537112,OCEAN PIONEER,HP5620,Product Tanker,10.4,"Catania/Augusta Offshore Fairway (Sicily, Italy)",Port Said Fairway / Suez Transit (Egypt),35.383318,18.7197,14.7,113.8,113,0.0,Under way using engine,PORT SAID,09-10 14:00,Post-Anomaly Transit,Low,Resumed commercial passage toward Port Said fairway
2026-09-08 17:09:00,352911000,9537112,OCEAN PIONEER,HP5620,Product Tanker,10.4,"Catania/Augusta Offshore Fairway (Sicily, Italy)",Port Said Fairway / Suez Transit (Egypt),35.378355,18.73342,14.6,113.7,113,-0.1,Under way using engine,PORT SAID,09-10 14:00,Post-Anomaly Transit,Low,Resumed commercial passage toward Port Said fairway
2026-09-08 17:12:00,352911000,9537112,OCEAN PIONEER,HP5620,Product Tanker,10.4,"Catania/Augusta Offshore Fairway (Sicily, Italy)",Port Said Fairway / Suez Transit (Egypt),35.373342,18.747089,14.7,114.4,114,-0.1,Under way using engine,PORT SAID,09-10 14:00,Post-Anomaly Transit,Low,Resumed commercial passage toward Port Said fairway
2026-09-08 17:15:00,352911000,9537112,OCEAN PIONEER,HP5620,Product Tanker,10.4,"Catania/Augusta Offshore Fairway (Sicily, Italy)",Port Said Fairway / Suez Transit (Egypt),35.368449,18.760868,14.7,113.6,113,0.0,Under way using engine,PORT SAID,09-10 14:00,Post-Anomaly Transit,Low,Resumed commercial passage toward Port Said fairway
2026-09-08 17:18:00,352911000,9537112,OCEAN PIONEER,HP5620,Product Tanker,10.4,"Catania/Augusta Offshore Fairway (Sicily, Italy)",Port Said Fairway / Suez Transit (Egypt),35.363409,18.774536,14.7,114.7,114,-0.0,Under way using engine,PORT SAID,09-10 14:00,Post-Anomaly Transit,Low,Resumed commercial passage toward Port Said fairway
2026-09-08 17:21:00,352911000,9537112,OCEAN PIONEER,HP5620,Product Tanker,10.4,"Catania/Augusta Offshore Fairway (Sicily, Italy)",Port Said Fairway / Suez Transit (Egypt),35.35837,18.788206,14.6,114.4,114,0.0,Under way using engine,PORT SAID,09-10 14:00,Post-Anomaly Transit,Low,Resumed commercial passage toward Port Said fairway
2026-09-08 17:24:00,352911000,9537112,OCEAN PIONEER,HP5620,Product Tanker,10.4,"Catania/Augusta Offshore Fairway (Sicily, Italy)",Port Said Fairway / Suez Transit (Egypt),35.353294,18.801878,14.7,114.3,114,0.0,Under way using engine,PORT SAID,09-10 14:00,Post-Anomaly Transit,Low,Resumed commercial passage toward Port Said fairway
2026-09-08 17:27:00,352911000,9537112,OCEAN PIONEER,HP5620,Product Tanker,10.4,"Catania/Augusta Offshore Fairway (Sicily, Italy)",Port Said Fairway / Suez Transit (Egypt),35.348246,18.815554,14.6,114.7,114,-0.0,Under way using engine,PORT SAID,09-10 14:00,Post-Anomaly Transit,Low,Resumed commercial passage toward Port Said fairway
2026-09-08 17:30:00,352911000,9537112,OCEAN PIONEER,HP5620,Product Tanker,10.4,"Catania/Augusta Offshore Fairway (Sicily, Italy)",Port Said Fairway / Suez Transit (Egypt),35.343112,18.82917,14.7,114.4,114,0.1,Under way using engine,PORT SAID,09-10 14:00,Post-Anomaly Transit,Low,Resumed commercial passage toward Port Said fairway
2026-09-08 17:33:00,352911000,9537112,OCEAN PIONEER,HP5620,Product Tanker,10.4,"Catania/Augusta Offshore Fairway (Sicily, Italy)",Port Said Fairway / Suez Transit (Egypt),35.338091,18.842872,14.7,114.4,114,0.1,Under way using engine,PORT SAID,09-10 14:00,Post-Anomaly Transit,Low,Resumed commercial passage toward Port Said fairway
2026-09-08 17:36:00,352911000,9537112,OCEAN PIONEER,HP5620,Product Tanker,10.4,"Catania/Augusta Offshore Fairway (Sicily, Italy)",Port Said Fairway / Suez Transit (Egypt),35.332967,18.856492,14.7,114.4,114,-0.1,Under way using engine,PORT SAID,09-10 14:00,Post-Anomaly Transit,Low,Resumed commercial passage toward Port Said fairway
2026-09-08 17:39:00,352911000,9537112,OCEAN PIONEER,HP5620,Product Tanker,10.4,"Catania/Augusta Offshore Fairway (Sicily, Italy)",Port Said Fairway / Suez Transit (Egypt),35.328034,18.870231,14.7,114.5,114,0.2,Under way using engine,PORT SAID,09-10 14:00,Post-Anomaly Transit,Low,Resumed commercial passage toward Port Said fairway
2026-09-08 17:42:00,352911000,9537112,OCEAN PIONEER,HP5620,Product Tanker,10.4,"Catania/Augusta Offshore Fairway (Sicily, Italy)",Port Said Fairway / Suez Transit (Egypt),35.322977,18.883855,14.6,114.3,114,-0.2,Under way using engine,PORT SAID,09-10 14:00,Post-Anomaly Transit,Low,Resumed commercial passage toward Port Said fairway
2026-09-08 17:45:00,352911000,9537112,OCEAN PIONEER,HP5620,Product Tanker,10.4,"Catania/Augusta Offshore Fairway (Sicily, Italy)",Port Said Fairway / Suez Transit (Egypt),35.317949,18.897533,14.8,114.2,114,0.2,Under way using engine,PORT SAID,09-10 14:00,Post-Anomaly Transit,Low,Resumed commercial passage toward Port Said fairway
2026-09-08 17:48:00,352911000,9537112,OCEAN PIONEER,HP5620,Product Tanker,10.4,"Catania/Augusta Offshore Fairway (Sicily, Italy)",Port Said Fairway / Suez Transit (Egypt),35.313013,18.911242,14.7,113.7,113,-0.0,Under way using engine,PORT SAID,09-10 14:00,Post-Anomaly Transit,Low,Resumed commercial passage toward Port Said fairway
2026-09-08 17:51:00,352911000,9537112,OCEAN PIONEER,HP5620,Product Tanker,10.4,"Catania/Augusta Offshore Fairway (Sicily, Italy)",Port Said Fairway / Suez Transit (Egypt),35.308051,18.924933,14.7,113.7,113,0.0,Under way using engine,PORT SAID,09-10 14:00,Post-Anomaly Transit,Low,Resumed commercial passage toward Port Said fairway
2026-09-08 17:54:00,352911000,9537112,OCEAN PIONEER,HP5620,Product Tanker,10.4,"Catania/Augusta Offshore Fairway (Sicily, Italy)",Port Said Fairway / Suez Transit (Egypt),35.303043,18.938583,14.7,114.5,114,-0.1,Under way using engine,PORT SAID,09-10 14:00,Post-Anomaly Transit,Low,Resumed commercial passage toward Port Said fairway
2026-09-08 17:57:00,352911000,9537112,OCEAN PIONEER,HP5620,Product Tanker,10.4,"Catania/Augusta Offshore Fairway (Sicily, Italy)",Port Said Fairway / Suez Transit (Egypt),35.29802,18.952244,14.6,114.0,114,0.1,Under way using engine,PORT SAID,09-10 14:00,Post-Anomaly Transit,Low,Resumed commercial passage toward Port Said fairway
2026-09-08 18:00:00,352911000,9537112,OCEAN PIONEER,HP5620,Product Tanker,10.4,"Catania/Augusta Offshore Fairway (Sicily, Italy)",Port Said Fairway / Suez Transit (Egypt),35.293132,18.965977,14.7,112.9,112,0.0,Under way using engine,PORT SAID,09-10 14:00,Post-Anomaly Transit,Low,Resumed commercial passage toward Port Said fairway
2026-09-08 18:03:00,352911000,9537112,OCEAN PIONEER,HP5620,Product Tanker,10.4,"Catania/Augusta Offshore Fairway (Sicily, Italy)",Port Said Fairway / Suez Transit (Egypt),35.28823,18.979691,14.7,114.4,114,0.0,Under way using engine,PORT SAID,09-10 14:00,Post-Anomaly Transit,Low,Resumed commercial passage toward Port Said fairway
2026-09-08 18:06:00,352911000,9537112,OCEAN PIONEER,HP5620,Product Tanker,10.4,"Catania/Augusta Offshore Fairway (Sicily, Italy)",Port Said Fairway / Suez Transit (Egypt),35.28323,18.993334,14.6,113.9,113,-0.1,Under way using engine,PORT SAID,09-10 14:00,Post-Anomaly Transit,Low,Resumed commercial passage toward Port Said fairway
2026-09-08 18:09:00,352911000,9537112,OCEAN PIONEER,HP5620,Product Tanker,10.4,"Catania/Augusta Offshore Fairway (Sicily, Italy)",Port Said Fairway / Suez Transit (Egypt),35.278301,19.007044,14.6,113.9,113,0.0,Under way using engine,PORT SAID,09-10 14:00,Post-Anomaly Transit,Low,Resumed commercial passage toward Port Said fairway
2026-09-08 18:12:00,352911000,9537112,OCEAN PIONEER,HP5620,Product Tanker,10.4,"Catania/Augusta Offshore Fairway (Sicily, Italy)",Port Said Fairway / Suez Transit (Egypt),35.273439,19.020779,14.7,113.2,113,0.0,Under way using engine,PORT SAID,09-10 14:00,Post-Anomaly Transit,Low,Resumed commercial passage toward Port Said fairway
2026-09-08 18:15:00,352911000,9537112,OCEAN PIONEER,HP5620,Product Tanker,10.4,"Catania/Augusta Offshore Fairway (Sicily, Italy)",Port Said Fairway / Suez Transit (Egypt),35.268759,19.034597,14.7,112.4,112,-0.0,Under way using engine,PORT SAID,09-10 14:00,Post-Anomaly Transit,Low,Resumed commercial passage toward Port Said fairway
2026-09-08 18:18:00,352911000,9537112,OCEAN PIONEER,HP5620,Product Tanker,10.4,"Catania/Augusta Offshore Fairway (Sicily, Italy)",Port Said Fairway / Suez Transit (Egypt),35.263978,19.048344,14.7,113.3,113,0.0,Under way using engine,PORT SAID,09-10 14:00,Post-Anomaly Transit,Low,Resumed commercial passage toward Port Said fairway
2026-09-08 18:21:00,352911000,9537112,OCEAN PIONEER,HP5620,Product Tanker,10.4,"Catania/Augusta Offshore Fairway (Sicily, Italy)",Port Said Fairway / Suez Transit (Egypt),35.259114,19.06206,14.7,113.5,113,-0.0,Under way using engine,PORT SAID,09-10 14:00,Post-Anomaly Transit,Low,Resumed commercial passage toward Port Said fairway
2026-09-08 18:24:00,352911000,9537112,OCEAN PIONEER,HP5620,Product Tanker,10.4,"Catania/Augusta Offshore Fairway (Sicily, Italy)",Port Said Fairway / Suez Transit (Egypt),35.254351,19.075814,14.6,112.8,112,0.1,Under way using engine,PORT SAID,09-10 14:00,Post-Anomaly Transit,Low,Resumed commercial passage toward Port Said fairway
2026-09-08 18:27:00,352911000,9537112,OCEAN PIONEER,HP5620,Product Tanker,10.4,"Catania/Augusta Offshore Fairway (Sicily, Italy)",Port Said Fairway / Suez Transit (Egypt),35.24947,19.08951,14.7,113.3,113,-0.1,Under way using engine,PORT SAID,09-10 14:00,Post-Anomaly Transit,Low,Resumed commercial passage toward Port Said fairway
2026-09-08 18:30:00,352911000,9537112,OCEAN PIONEER,HP5620,Product Tanker,10.4,"Catania/Augusta Offshore Fairway (Sicily, Italy)",Port Said Fairway / Suez Transit (Egypt),35.244622,19.103213,14.7,113.2,113,-0.1,Under way using engine,PORT SAID,09-10 14:00,Post-Anomaly Transit,Low,Resumed commercial passage toward Port Said fairway
2026-09-08 18:33:00,352911000,9537112,OCEAN PIONEER,HP5620,Product Tanker,10.4,"Catania/Augusta Offshore Fairway (Sicily, Italy)",Port Said Fairway / Suez Transit (Egypt),35.239774,19.116927,14.7,113.2,113,-0.1,Under way using engine,PORT SAID,09-10 14:00,Post-Anomaly Transit,Low,Resumed commercial passage toward Port Said fairway
2026-09-08 18:36:00,352911000,9537112,OCEAN PIONEER,HP5620,Product Tanker,10.4,"Catania/Augusta Offshore Fairway (Sicily, Italy)",Port Said Fairway / Suez Transit (Egypt),35.235034,19.130699,14.6,112.6,112,-0.0,Under way using engine,PORT SAID,09-10 14:00,Post-Anomaly Transit,Low,Resumed commercial passage toward Port Said fairway
2026-09-08 18:39:00,352911000,9537112,OCEAN PIONEER,HP5620,Product Tanker,10.4,"Catania/Augusta Offshore Fairway (Sicily, Italy)",Port Said Fairway / Suez Transit (Egypt),35.230327,19.144494,14.6,113.5,113,0.0,Under way using engine,PORT SAID,09-10 14:00,Post-Anomaly Transit,Low,Resumed commercial passage toward Port Said fairway
2026-09-08 18:42:00,352911000,9537112,OCEAN PIONEER,HP5620,Product Tanker,10.4,"Catania/Augusta Offshore Fairway (Sicily, Italy)",Port Said Fairway / Suez Transit (Egypt),35.225337,19.158145,14.7,114.3,114,0.0,Under way using engine,PORT SAID,09-10 14:00,Post-Anomaly Transit,Low,Resumed commercial passage toward Port Said fairway
2026-09-08 18:45:00,352911000,9537112,OCEAN PIONEER,HP5620,Product Tanker,10.4,"Catania/Augusta Offshore Fairway (Sicily, Italy)",Port Said Fairway / Suez Transit (Egypt),35.220225,19.171707,14.6,114.8,114,0.0,Under way using engine,PORT SAID,09-10 14:00,Post-Anomaly Transit,Low,Resumed commercial passage toward Port Said fairway
2026-09-08 18:48:00,352911000,9537112,OCEAN PIONEER,HP5620,Product Tanker,10.4,"Catania/Augusta Offshore Fairway (Sicily, Italy)",Port Said Fairway / Suez Transit (Egypt),35.2152,19.18531,14.7,113.6,113,-0.3,Under way using engine,PORT SAID,09-10 14:00,Post-Anomaly Transit,Low,Resumed commercial passage toward Port Said fairway
2026-09-08 18:51:00,352911000,9537112,OCEAN PIONEER,HP5620,Product Tanker,10.4,"Catania/Augusta Offshore Fairway (Sicily, Italy)",Port Said Fairway / Suez Transit (Egypt),35.2104,19.199037,14.6,113.2,113,-0.1,Under way using engine,PORT SAID,09-10 14:00,Post-Anomaly Transit,Low,Resumed commercial passage toward Port Said fairway
2026-09-08 18:54:00,352911000,9537112,OCEAN PIONEER,HP5620,Product Tanker,10.4,"Catania/Augusta Offshore Fairway (Sicily, Italy)",Port Said Fairway / Suez Transit (Egypt),35.205481,19.212717,14.7,113.6,113,0.2,Under way using engine,PORT SAID,09-10 14:00,Post-Anomaly Transit,Low,Resumed commercial passage toward Port Said fairway
2026-09-08 18:57:00,352911000,9537112,OCEAN PIONEER,HP5620,Product Tanker,10.4,"Catania/Augusta Offshore Fairway (Sicily, Italy)",Port Said Fairway / Suez Transit (Egypt),35.200737,19.226462,14.7,112.9,112,-0.0,Under way using engine,PORT SAID,09-10 14:00,Post-Anomaly Transit,Low,Resumed commercial passage toward Port Said fairway
2026-09-08 19:00:00,352911000,9537112,OCEAN PIONEER,HP5620,Product Tanker,10.4,"Catania/Augusta Offshore Fairway (Sicily, Italy)",Port Said Fairway / Suez Transit (Egypt),35.195946,19.240202,14.7,113.3,113,-0.1,Under way using engine,PORT SAID,09-10 14:00,Post-Anomaly Transit,Low,Resumed commercial passage toward Port Said fairway
2026-09-08 19:03:00,352911000,9537112,OCEAN PIONEER,HP5620,Product Tanker,10.4,"Catania/Augusta Offshore Fairway (Sicily, Italy)",Port Said Fairway / Suez Transit (Egypt),35.191054,19.253881,14.7,114.0,114,0.2,Under way using engine,PORT SAID,09-10 14:00,Post-Anomaly Transit,Low,Resumed commercial passage toward Port Said fairway
2026-09-08 19:06:00,352911000,9537112,OCEAN PIONEER,HP5620,Product Tanker,10.4,"Catania/Augusta Offshore Fairway (Sicily, Italy)",Port Said Fairway / Suez Transit (Egypt),35.186037,19.267462,14.6,114.5,114,-0.2,Under way using engine,PORT SAID,09-10 14:00,Post-Anomaly Transit,Low,Resumed commercial passage toward Port Said fairway
2026-09-08 19:09:00,352911000,9537112,OCEAN PIONEER,HP5620,Product Tanker,10.4,"Catania/Augusta Offshore Fairway (Sicily, Italy)",Port Said Fairway / Suez Transit (Egypt),35.181015,19.281055,14.6,114.0,113,0.0,Under way using engine,PORT SAID,09-10 14:00,Post-Anomaly Transit,Low,Resumed commercial passage toward Port Said fairway
2026-09-08 19:12:00,352911000,9537112,OCEAN PIONEER,HP5620,Product Tanker,10.4,"Catania/Augusta Offshore Fairway (Sicily, Italy)",Port Said Fairway / Suez Transit (Egypt),35.176081,19.294714,14.7,113.6,113,0.0,Under way using engine,PORT SAID,09-10 14:00,Post-Anomaly Transit,Low,Resumed commercial passage toward Port Said fairway
2026-09-08 19:15:00,352911000,9537112,OCEAN PIONEER,HP5620,Product Tanker,10.4,"Catania/Augusta Offshore Fairway (Sicily, Italy)",Port Said Fairway / Suez Transit (Egypt),35.171193,19.308369,14.6,113.7,113,0.3,Under way using engine,PORT SAID,09-10 14:00,Post-Anomaly Transit,Low,Resumed commercial passage toward Port Said fairway
2026-09-08 19:18:00,352911000,9537112,OCEAN PIONEER,HP5620,Product Tanker,10.4,"Catania/Augusta Offshore Fairway (Sicily, Italy)",Port Said Fairway / Suez Transit (Egypt),35.166309,19.322031,14.6,113.5,113,-0.2,Under way using engine,PORT SAID,09-10 14:00,Post-Anomaly Transit,Low,Resumed commercial passage toward Port Said fairway
2026-09-08 19:21:00,352911000,9537112,OCEAN PIONEER,HP5620,Product Tanker,10.4,"Catania/Augusta Offshore Fairway (Sicily, Italy)",Port Said Fairway / Suez Transit (Egypt),35.161299,19.335637,14.6,114.5,114,-0.0,Under way using engine,PORT SAID,09-10 14:00,Post-Anomaly Transit,Low,Resumed commercial passage toward Port Said fairway
2026-09-08 19:24:00,352911000,9537112,OCEAN PIONEER,HP5620,Product Tanker,10.4,"Catania/Augusta Offshore Fairway (Sicily, Italy)",Port Said Fairway / Suez Transit (Egypt),35.156215,19.349208,14.6,114.7,114,0.0,Under way using engine,PORT SAID,09-10 14:00,Post-Anomaly Transit,Low,Resumed commercial passage toward Port Said fairway
2026-09-08 19:27:00,352911000,9537112,OCEAN PIONEER,HP5620,Product Tanker,10.4,"Catania/Augusta Offshore Fairway (Sicily, Italy)",Port Said Fairway / Suez Transit (Egypt),35.151119,19.362743,14.6,115.0,115,0.1,Under way using engine,PORT SAID,09-10 14:00,Post-Anomaly Transit,Low,Resumed commercial passage toward Port Said fairway
2026-09-08 19:30:00,352911000,9537112,OCEAN PIONEER,HP5620,Product Tanker,10.4,"Catania/Augusta Offshore Fairway (Sicily, Italy)",Port Said Fairway / Suez Transit (Egypt),35.145964,19.376247,14.6,114.4,114,-0.2,Under way using engine,PORT SAID,09-10 14:00,Post-Anomaly Transit,Low,Resumed commercial passage toward Port Said fairway
2026-09-08 19:33:00,352911000,9537112,OCEAN PIONEER,HP5620,Product Tanker,10.4,"Catania/Augusta Offshore Fairway (Sicily, Italy)",Port Said Fairway / Suez Transit (Egypt),35.140943,19.389805,14.5,114.4,114,0.1,Under way using engine,PORT SAID,09-10 14:00,Post-Anomaly Transit,Low,Resumed commercial passage toward Port Said fairway
2026-09-08 19:36:00,352911000,9537112,OCEAN PIONEER,HP5620,Product Tanker,10.4,"Catania/Augusta Offshore Fairway (Sicily, Italy)",Port Said Fairway / Suez Transit (Egypt),35.135884,19.403376,14.6,114.4,114,-0.1,Under way using engine,PORT SAID,09-10 14:00,Post-Anomaly Transit,Low,Resumed commercial passage toward Port Said fairway
2026-09-08 19:39:00,352911000,9537112,OCEAN PIONEER,HP5620,Product Tanker,10.4,"Catania/Augusta Offshore Fairway (Sicily, Italy)",Port Said Fairway / Suez Transit (Egypt),35.130829,19.416934,14.6,114.1,114,0.0,Under way using engine,PORT SAID,09-10 14:00,Post-Anomaly Transit,Low,Resumed commercial passage toward Port Said fairway
2026-09-08 19:42:00,352911000,9537112,OCEAN PIONEER,HP5620,Product Tanker,10.4,"Catania/Augusta Offshore Fairway (Sicily, Italy)",Port Said Fairway / Suez Transit (Egypt),35.125731,19.430452,14.6,115.5,115,0.1,Under way using engine,PORT SAID,09-10 14:00,Post-Anomaly Transit,Low,Resumed commercial passage toward Port Said fairway
2026-09-08 19:45:00,352911000,9537112,OCEAN PIONEER,HP5620,Product Tanker,10.4,"Catania/Augusta Offshore Fairway (Sicily, Italy)",Port Said Fairway / Suez Transit (Egypt),35.120409,19.443851,14.6,116.0,115,-0.2,Under way using engine,PORT SAID,09-10 14:00,Post-Anomaly Transit,Low,Resumed commercial passage toward Port Said fairway
2026-09-08 19:48:00,352911000,9537112,OCEAN PIONEER,HP5620,Product Tanker,10.4,"Catania/Augusta Offshore Fairway (Sicily, Italy)",Port Said Fairway / Suez Transit (Egypt),35.115172,19.457102,14.4,116.4,116,0.2,Under way using engine,PORT SAID,09-10 14:00,Post-Anomaly Transit,Low,Resumed commercial passage toward Port Said fairway
2026-09-08 19:51:00,352911000,9537112,OCEAN PIONEER,HP5620,Product Tanker,10.4,"Catania/Augusta Offshore Fairway (Sicily, Italy)",Port Said Fairway / Suez Transit (Egypt),35.10983,19.47026,14.4,116.2,116,-0.0,Under way using engine,PORT SAID,09-10 14:00,Post-Anomaly Transit,Low,Resumed commercial passage toward Port Said fairway
2026-09-08 19:54:00,352911000,9537112,OCEAN PIONEER,HP5620,Product Tanker,10.4,"Catania/Augusta Offshore Fairway (Sicily, Italy)",Port Said Fairway / Suez Transit (Egypt),35.104646,19.483499,14.4,114.5,114,0.2,Under way using engine,PORT SAID,09-10 14:00,Post-Anomaly Transit,Low,Resumed commercial passage toward Port Said fairway
2026-09-08 19:57:00,352911000,9537112,OCEAN PIONEER,HP5620,Product Tanker,10.4,"Catania/Augusta Offshore Fairway (Sicily, Italy)",Port Said Fairway / Suez Transit (Egypt),35.099578,19.496828,14.4,115.2,115,-0.1,Under way using engine,PORT SAID,09-10 14:00,Post-Anomaly Transit,Low,Resumed commercial passage toward Port Said fairway
2026-09-08 20:00:00,352911000,9537112,OCEAN PIONEER,HP5620,Product Tanker,10.4,"Catania/Augusta Offshore Fairway (Sicily, Italy)",Port Said Fairway / Suez Transit (Egypt),35.094569,19.510176,14.4,114.4,114,0.1,Under way using engine,PORT SAID,09-10 14:00,Post-Anomaly Transit,Low,Resumed commercial passage toward Port Said fairway
2026-09-08 20:03:00,352911000,9537112,OCEAN PIONEER,HP5620,Product Tanker,10.4,"Catania/Augusta Offshore Fairway (Sicily, Italy)",Port Said Fairway / Suez Transit (Egypt),35.089646,19.523587,14.4,114.3,114,0.1,Under way using engine,PORT SAID,09-10 14:00,Post-Anomaly Transit,Low,Resumed commercial passage toward Port Said fairway
2026-09-08 20:06:00,352911000,9537112,OCEAN PIONEER,HP5620,Product Tanker,10.4,"Catania/Augusta Offshore Fairway (Sicily, Italy)",Port Said Fairway / Suez Transit (Egypt),35.084599,19.536893,14.4,115.1,115,0.0,Under way using engine,PORT SAID,09-10 14:00,Post-Anomaly Transit,Low,Resumed commercial passage toward Port Said fairway
2026-09-08 20:09:00,352911000,9537112,OCEAN PIONEER,HP5620,Product Tanker,10.4,"Catania/Augusta Offshore Fairway (Sicily, Italy)",Port Said Fairway / Suez Transit (Egypt),35.079522,19.550196,14.4,115.1,115,0.2,Under way using engine,PORT SAID,09-10 14:00,Post-Anomaly Transit,Low,Resumed commercial passage toward Port Said fairway
2026-09-08 20:12:00,352911000,9537112,OCEAN PIONEER,HP5620,Product Tanker,10.4,"Catania/Augusta Offshore Fairway (Sicily, Italy)",Port Said Fairway / Suez Transit (Egypt),35.074496,19.563525,14.4,114.2,114,-0.1,Under way using engine,PORT SAID,09-10 14:00,Post-Anomaly Transit,Low,Resumed commercial passage toward Port Said fairway
2026-09-08 20:15:00,352911000,9537112,OCEAN PIONEER,HP5620,Product Tanker,10.4,"Catania/Augusta Offshore Fairway (Sicily, Italy)",Port Said Fairway / Suez Transit (Egypt),35.069441,19.576851,14.4,114.6,114,-0.2,Under way using engine,PORT SAID,09-10 14:00,Post-Anomaly Transit,Low,Resumed commercial passage toward Port Said fairway
2026-09-08 20:18:00,352911000,9537112,OCEAN PIONEER,HP5620,Product Tanker,10.4,"Catania/Augusta Offshore Fairway (Sicily, Italy)",Port Said Fairway / Suez Transit (Egypt),35.064379,19.59016,14.4,115.5,115,0.2,Under way using engine,PORT SAID,09-10 14:00,Post-Anomaly Transit,Low,Resumed commercial passage toward Port Said fairway
2026-09-08 20:21:00,352911000,9537112,OCEAN PIONEER,HP5620,Product Tanker,10.4,"Catania/Augusta Offshore Fairway (Sicily, Italy)",Port Said Fairway / Suez Transit (Egypt),35.059348,19.603493,14.4,114.3,114,-0.0,Under way using engine,PORT SAID,09-10 14:00,Post-Anomaly Transit,Low,Resumed commercial passage toward Port Said fairway
2026-09-08 20:24:00,352911000,9537112,OCEAN PIONEER,HP5620,Product Tanker,10.4,"Catania/Augusta Offshore Fairway (Sicily, Italy)",Port Said Fairway / Suez Transit (Egypt),35.054371,19.616849,14.4,114.8,114,-0.2,Under way using engine,PORT SAID,09-10 14:00,Post-Anomaly Transit,Low,Resumed commercial passage toward Port Said fairway
2026-09-08 20:27:00,352911000,9537112,OCEAN PIONEER,HP5620,Product Tanker,10.4,"Catania/Augusta Offshore Fairway (Sicily, Italy)",Port Said Fairway / Suez Transit (Egypt),35.049201,19.630082,14.4,115.7,115,-0.1,Under way using engine,PORT SAID,09-10 14:00,Post-Anomaly Transit,Low,Resumed commercial passage toward Port Said fairway
2026-09-08 20:30:00,352911000,9537112,OCEAN PIONEER,HP5620,Product Tanker,10.4,"Catania/Augusta Offshore Fairway (Sicily, Italy)",Port Said Fairway / Suez Transit (Egypt),35.044225,19.643424,14.4,113.9,113,0.2,Under way using engine,PORT SAID,09-10 14:00,Post-Anomaly Transit,Low,Resumed commercial passage toward Port Said fairway
2026-09-08 20:33:00,352911000,9537112,OCEAN PIONEER,HP5620,Product Tanker,10.4,"Catania/Augusta Offshore Fairway (Sicily, Italy)",Port Said Fairway / Suez Transit (Egypt),35.039283,19.656819,14.5,114.1,114,-0.1,Under way using engine,PORT SAID,09-10 14:00,Post-Anomaly Transit,Low,Resumed commercial passage toward Port Said fairway
2026-09-08 20:36:00,352911000,9537112,OCEAN PIONEER,HP5620,Product Tanker,10.4,"Catania/Augusta Offshore Fairway (Sicily, Italy)",Port Said Fairway / Suez Transit (Egypt),35.034413,19.670223,14.4,113.8,113,0.0,Under way using engine,PORT SAID,09-10 14:00,Post-Anomaly Transit,Low,Resumed commercial passage toward Port Said fairway
2026-09-08 20:39:00,352911000,9537112,OCEAN PIONEER,HP5620,Product Tanker,10.4,"Catania/Augusta Offshore Fairway (Sicily, Italy)",Port Said Fairway / Suez Transit (Egypt),35.029492,19.683594,14.4,114.5,114,-0.0,Under way using engine,PORT SAID,09-10 14:00,Post-Anomaly Transit,Low,Resumed commercial passage toward Port Said fairway
2026-09-08 20:42:00,352911000,9537112,OCEAN PIONEER,HP5620,Product Tanker,10.4,"Catania/Augusta Offshore Fairway (Sicily, Italy)",Port Said Fairway / Suez Transit (Egypt),35.024521,19.696911,14.4,114.5,114,0.1,Under way using engine,PORT SAID,09-10 14:00,Post-Anomaly Transit,Low,Resumed commercial passage toward Port Said fairway
2026-09-08 20:45:00,352911000,9537112,OCEAN PIONEER,HP5620,Product Tanker,10.4,"Catania/Augusta Offshore Fairway (Sicily, Italy)",Port Said Fairway / Suez Transit (Egypt),35.019524,19.710251,14.4,114.5,114,-0.1,Under way using engine,PORT SAID,09-10 14:00,Post-Anomaly Transit,Low,Resumed commercial passage toward Port Said fairway
2026-09-08 20:48:00,352911000,9537112,OCEAN PIONEER,HP5620,Product Tanker,10.4,"Catania/Augusta Offshore Fairway (Sicily, Italy)",Port Said Fairway / Suez Transit (Egypt),35.014562,19.723579,14.4,114.6,114,-0.0,Under way using engine,PORT SAID,09-10 14:00,Post-Anomaly Transit,Low,Resumed commercial passage toward Port Said fairway
2026-09-08 20:51:00,352911000,9537112,OCEAN PIONEER,HP5620,Product Tanker,10.4,"Catania/Augusta Offshore Fairway (Sicily, Italy)",Port Said Fairway / Suez Transit (Egypt),35.009495,19.736883,14.4,115.4,115,0.1,Under way using engine,PORT SAID,09-10 14:00,Post-Anomaly Transit,Low,Resumed commercial passage toward Port Said fairway
2026-09-08 20:54:00,352911000,9537112,OCEAN PIONEER,HP5620,Product Tanker,10.4,"Catania/Augusta Offshore Fairway (Sicily, Italy)",Port Said Fairway / Suez Transit (Egypt),35.004424,19.750162,14.4,114.6,114,-0.0,Under way using engine,PORT SAID,09-10 14:00,Post-Anomaly Transit,Low,Resumed commercial passage toward Port Said fairway
2026-09-08 20:57:00,352911000,9537112,OCEAN PIONEER,HP5620,Product Tanker,10.4,"Catania/Augusta Offshore Fairway (Sicily, Italy)",Port Said Fairway / Suez Transit (Egypt),34.99933,19.763433,14.4,115.5,115,0.1,Under way using engine,PORT SAID,09-10 14:00,Post-Anomaly Transit,Low,Resumed commercial passage toward Port Said fairway
2026-09-08 21:00:00,352911000,9537112,OCEAN PIONEER,HP5620,Product Tanker,10.4,"Catania/Augusta Offshore Fairway (Sicily, Italy)",Port Said Fairway / Suez Transit (Egypt),34.99417,19.776663,14.4,116.0,115,-0.1,Under way using engine,PORT SAID,09-10 14:00,Post-Anomaly Transit,Low,Resumed commercial passage toward Port Said fairway
2026-09-08 21:03:00,352911000,9537112,OCEAN PIONEER,HP5620,Product Tanker,10.4,"Catania/Augusta Offshore Fairway (Sicily, Italy)",Port Said Fairway / Suez Transit (Egypt),34.988935,19.789846,14.4,116.0,116,0.0,Under way using engine,PORT SAID,09-10 14:00,Post-Anomaly Transit,Low,Resumed commercial passage toward Port Said fairway
2026-09-08 21:06:00,352911000,9537112,OCEAN PIONEER,HP5620,Product Tanker,10.4,"Catania/Augusta Offshore Fairway (Sicily, Italy)",Port Said Fairway / Suez Transit (Egypt),34.983625,19.802975,14.4,116.1,116,0.0,Under way using engine,PORT SAID,09-10 14:00,Post-Anomaly Transit,Low,Resumed commercial passage toward Port Said fairway
2026-09-08 21:09:00,352911000,9537112,OCEAN PIONEER,HP5620,Product Tanker,10.4,"Catania/Augusta Offshore Fairway (Sicily, Italy)",Port Said Fairway / Suez Transit (Egypt),34.97841,19.816165,14.4,115.6,115,0.0,Under way using engine,PORT SAID,09-10 14:00,Post-Anomaly Transit,Low,Resumed commercial passage toward Port Said fairway
2026-09-08 21:12:00,352911000,9537112,OCEAN PIONEER,HP5620,Product Tanker,10.4,"Catania/Augusta Offshore Fairway (Sicily, Italy)",Port Said Fairway / Suez Transit (Egypt),34.973423,19.829483,14.4,113.7,113,0.1,Under way using engine,PORT SAID,09-10 14:00,Post-Anomaly Transit,Low,Resumed commercial passage toward Port Said fairway
2026-09-08 21:15:00,352911000,9537112,OCEAN PIONEER,HP5620,Product Tanker,10.4,"Catania/Augusta Offshore Fairway (Sicily, Italy)",Port Said Fairway / Suez Transit (Egypt),34.968501,19.842867,14.4,114.0,113,-0.0,Under way using engine,PORT SAID,09-10 14:00,Post-Anomaly Transit,Low,Resumed commercial passage toward Port Said fairway
2026-09-08 21:18:00,352911000,9537112,OCEAN PIONEER,HP5620,Product Tanker,10.4,"Catania/Augusta Offshore Fairway (Sicily, Italy)",Port Said Fairway / Suez Transit (Egypt),34.963602,19.856253,14.4,114.4,114,0.1,Under way using engine,PORT SAID,09-10 14:00,Post-Anomaly Transit,Low,Resumed commercial passage toward Port Said fairway
2026-09-08 21:21:00,352911000,9537112,OCEAN PIONEER,HP5620,Product Tanker,10.4,"Catania/Augusta Offshore Fairway (Sicily, Italy)",Port Said Fairway / Suez Transit (Egypt),34.95865,19.869605,14.4,114.1,114,0.1,Under way using engine,PORT SAID,09-10 14:00,Post-Anomaly Transit,Low,Resumed commercial passage toward Port Said fairway
2026-09-08 21:24:00,352911000,9537112,OCEAN PIONEER,HP5620,Product Tanker,10.4,"Catania/Augusta Offshore Fairway (Sicily, Italy)",Port Said Fairway / Suez Transit (Egypt),34.953671,19.882932,14.4,114.8,114,0.1,Under way using engine,PORT SAID,09-10 14:00,Post-Anomaly Transit,Low,Resumed commercial passage toward Port Said fairway
2026-09-08 21:27:00,352911000,9537112,OCEAN PIONEER,HP5620,Product Tanker,10.4,"Catania/Augusta Offshore Fairway (Sicily, Italy)",Port Said Fairway / Suez Transit (Egypt),34.948528,19.896158,14.4,116.0,115,-0.0,Under way using engine,PORT SAID,09-10 14:00,Post-Anomaly Transit,Low,Resumed commercial passage toward Port Said fairway
2026-09-08 21:30:00,352911000,9537112,OCEAN PIONEER,HP5620,Product Tanker,10.4,"Catania/Augusta Offshore Fairway (Sicily, Italy)",Port Said Fairway / Suez Transit (Egypt),34.943203,19.909298,14.3,116.1,116,0.1,Under way using engine,PORT SAID,09-10 14:00,Post-Anomaly Transit,Low,Resumed commercial passage toward Port Said fairway
2026-09-08 21:33:00,352911000,9537112,OCEAN PIONEER,HP5620,Product Tanker,10.4,"Catania/Augusta Offshore Fairway (Sicily, Italy)",Port Said Fairway / Suez Transit (Egypt),34.9379,19.922416,14.4,116.2,116,0.2,Under way using engine,PORT SAID,09-10 14:00,Post-Anomaly Transit,Low,Resumed commercial passage toward Port Said fairway
2026-09-08 21:36:00,352911000,9537112,OCEAN PIONEER,HP5620,Product Tanker,10.4,"Catania/Augusta Offshore Fairway (Sicily, Italy)",Port Said Fairway / Suez Transit (Egypt),34.93263,19.935573,14.4,115.6,115,0.0,Under way using engine,PORT SAID,09-10 14:00,Post-Anomaly Transit,Low,Resumed commercial passage toward Port Said fairway
2026-09-08 21:39:00,352911000,9537112,OCEAN PIONEER,HP5620,Product Tanker,10.4,"Catania/Augusta Offshore Fairway (Sicily, Italy)",Port Said Fairway / Suez Transit (Egypt),34.927486,19.948796,14.4,114.8,114,0.0,Under way using engine,PORT SAID,09-10 14:00,Post-Anomaly Transit,Low,Resumed commercial passage toward Port Said fairway
2026-09-08 21:42:00,352911000,9537112,OCEAN PIONEER,HP5620,Product Tanker,10.4,"Catania/Augusta Offshore Fairway (Sicily, Italy)",Port Said Fairway / Suez Transit (Egypt),34.922381,19.962051,14.4,114.7,114,0.1,Under way using engine,PORT SAID,09-10 14:00,Post-Anomaly Transit,Low,Resumed commercial passage toward Port Said fairway
2026-09-08 21:45:00,352911000,9537112,OCEAN PIONEER,HP5620,Product Tanker,10.4,"Catania/Augusta Offshore Fairway (Sicily, Italy)",Port Said Fairway / Suez Transit (Egypt),34.917451,19.975379,14.4,114.4,114,0.2,Under way using engine,PORT SAID,09-10 14:00,Post-Anomaly Transit,Low,Resumed commercial passage toward Port Said fairway
2026-09-08 21:48:00,352911000,9537112,OCEAN PIONEER,HP5620,Product Tanker,10.4,"Catania/Augusta Offshore Fairway (Sicily, Italy)",Port Said Fairway / Suez Transit (Egypt),34.91254,19.98875,14.4,114.1,114,-0.1,Under way using engine,PORT SAID,09-10 14:00,Post-Anomaly Transit,Low,Resumed commercial passage toward Port Said fairway
2026-09-08 21:51:00,352911000,9537112,OCEAN PIONEER,HP5620,Product Tanker,10.4,"Catania/Augusta Offshore Fairway (Sicily, Italy)",Port Said Fairway / Suez Transit (Egypt),34.907508,20.002047,14.5,115.4,115,-0.0,Under way using engine,PORT SAID,09-10 14:00,Post-Anomaly Transit,Low,Resumed commercial passage toward Port Said fairway
2026-09-08 21:54:00,352911000,9537112,OCEAN PIONEER,HP5620,Product Tanker,10.4,"Catania/Augusta Offshore Fairway (Sicily, Italy)",Port Said Fairway / Suez Transit (Egypt),34.902513,20.01535,14.4,114.1,114,-0.1,Under way using engine,PORT SAID,09-10 14:00,Post-Anomaly Transit,Low,Resumed commercial passage toward Port Said fairway
2026-09-08 21:57:00,352911000,9537112,OCEAN PIONEER,HP5620,Product Tanker,10.4,"Catania/Augusta Offshore Fairway (Sicily, Italy)",Port Said Fairway / Suez Transit (Egypt),34.897452,20.028613,14.4,114.8,114,-0.0,Under way using engine,PORT SAID,09-10 14:00,Post-Anomaly Transit,Low,Resumed commercial passage toward Port Said fairway
2026-09-08 22:00:00,352911000,9537112,OCEAN PIONEER,HP5620,Product Tanker,10.4,"Catania/Augusta Offshore Fairway (Sicily, Italy)",Port Said Fairway / Suez Transit (Egypt),34.892408,20.04189,14.4,114.9,114,0.1,Under way using engine,PORT SAID,09-10 14:00,Post-Anomaly Transit,Low,Resumed commercial passage toward Port Said fairway
2026-09-08 22:03:00,352911000,9537112,OCEAN PIONEER,HP5620,Product Tanker,10.4,"Catania/Augusta Offshore Fairway (Sicily, Italy)",Port Said Fairway / Suez Transit (Egypt),34.887236,20.055103,14.4,116.0,116,-0.0,Under way using engine,PORT SAID,09-10 14:00,Post-Anomaly Transit,Low,Resumed commercial passage toward Port Said fairway
2026-09-08 22:06:00,352911000,9537112,OCEAN PIONEER,HP5620,Product Tanker,10.4,"Catania/Augusta Offshore Fairway (Sicily, Italy)",Port Said Fairway / Suez Transit (Egypt),34.881971,20.068271,14.4,116.1,116,-0.0,Under way using engine,PORT SAID,09-10 14:00,Post-Anomaly Transit,Low,Resumed commercial passage toward Port Said fairway
2026-09-08 22:09:00,352911000,9537112,OCEAN PIONEER,HP5620,Product Tanker,10.4,"Catania/Augusta Offshore Fairway (Sicily, Italy)",Port Said Fairway / Suez Transit (Egypt),34.876627,20.081373,14.5,116.2,116,-0.3,Under way using engine,PORT SAID,09-10 14:00,Post-Anomaly Transit,Low,Resumed commercial passage toward Port Said fairway
2026-09-08 22:12:00,352911000,9537112,OCEAN PIONEER,HP5620,Product Tanker,10.4,"Catania/Augusta Offshore Fairway (Sicily, Italy)",Port Said Fairway / Suez Transit (Egypt),34.871327,20.094502,14.4,116.1,116,-0.0,Under way using engine,PORT SAID,09-10 14:00,Post-Anomaly Transit,Low,Resumed commercial passage toward Port Said fairway
2026-09-08 22:15:00,352911000,9537112,OCEAN PIONEER,HP5620,Product Tanker,10.4,"Catania/Augusta Offshore Fairway (Sicily, Italy)",Port Said Fairway / Suez Transit (Egypt),34.86615,20.107697,14.4,115.9,115,-0.2,Under way using engine,PORT SAID,09-10 14:00,Post-Anomaly Transit,Low,Resumed commercial passage toward Port Said fairway
2026-09-08 22:18:00,352911000,9537112,OCEAN PIONEER,HP5620,Product Tanker,10.4,"Catania/Augusta Offshore Fairway (Sicily, Italy)",Port Said Fairway / Suez Transit (Egypt),34.86101,20.120912,14.4,114.6,114,-0.0,Under way using engine,PORT SAID,09-10 14:00,Post-Anomaly Transit,Low,Resumed commercial passage toward Port Said fairway
2026-09-08 22:21:00,352911000,9537112,OCEAN PIONEER,HP5620,Product Tanker,10.4,"Catania/Augusta Offshore Fairway (Sicily, Italy)",Port Said Fairway / Suez Transit (Egypt),34.855967,20.134197,14.4,115.5,115,-0.1,Under way using engine,PORT SAID,09-10 14:00,Post-Anomaly Transit,Low,Resumed commercial passage toward Port Said fairway
2026-09-08 22:24:00,352911000,9537112,OCEAN PIONEER,HP5620,Product Tanker,10.4,"Catania/Augusta Offshore Fairway (Sicily, Italy)",Port Said Fairway / Suez Transit (Egypt),34.850891,20.147464,14.4,115.2,115,0.2,Under way using engine,PORT SAID,09-10 14:00,Post-Anomaly Transit,Low,Resumed commercial passage toward Port Said fairway
2026-09-08 22:27:00,352911000,9537112,OCEAN PIONEER,HP5620,Product Tanker,10.4,"Catania/Augusta Offshore Fairway (Sicily, Italy)",Port Said Fairway / Suez Transit (Egypt),34.845879,20.160762,14.4,114.5,114,-0.1,Under way using engine,PORT SAID,09-10 14:00,Post-Anomaly Transit,Low,Resumed commercial passage toward Port Said fairway
2026-09-08 22:30:00,352911000,9537112,OCEAN PIONEER,HP5620,Product Tanker,10.4,"Catania/Augusta Offshore Fairway (Sicily, Italy)",Port Said Fairway / Suez Transit (Egypt),34.840953,20.17412,14.4,114.4,114,-0.1,Under way using engine,PORT SAID,09-10 14:00,Post-Anomaly Transit,Low,Resumed commercial passage toward Port Said fairway
2026-09-08 22:33:00,352911000,9537112,OCEAN PIONEER,HP5620,Product Tanker,10.4,"Catania/Augusta Offshore Fairway (Sicily, Italy)",Port Said Fairway / Suez Transit (Egypt),34.836034,20.187454,14.4,114.3,114,0.1,Under way using engine,PORT SAID,09-10 14:00,Post-Anomaly Transit,Low,Resumed commercial passage toward Port Said fairway
2026-09-08 22:36:00,352911000,9537112,OCEAN PIONEER,HP5620,Product Tanker,10.4,"Catania/Augusta Offshore Fairway (Sicily, Italy)",Port Said Fairway / Suez Transit (Egypt),34.831059,20.200758,14.4,114.6,114,-0.1,Under way using engine,PORT SAID,09-10 14:00,Post-Anomaly Transit,Low,Resumed commercial passage toward Port Said fairway
2026-09-08 22:39:00,352911000,9537112,OCEAN PIONEER,HP5620,Product Tanker,10.4,"Catania/Augusta Offshore Fairway (Sicily, Italy)",Port Said Fairway / Suez Transit (Egypt),34.826114,20.214077,14.4,114.3,114,-0.0,Under way using engine,PORT SAID,09-10 14:00,Post-Anomaly Transit,Low,Resumed commercial passage toward Port Said fairway
2026-09-08 22:42:00,352911000,9537112,OCEAN PIONEER,HP5620,Product Tanker,10.4,"Catania/Augusta Offshore Fairway (Sicily, Italy)",Port Said Fairway / Suez Transit (Egypt),34.821133,20.227385,14.4,114.8,114,-0.0,Under way using engine,PORT SAID,09-10 14:00,Post-Anomaly Transit,Low,Resumed commercial passage toward Port Said fairway
2026-09-08 22:45:00,352911000,9537112,OCEAN PIONEER,HP5620,Product Tanker,10.4,"Catania/Augusta Offshore Fairway (Sicily, Italy)",Port Said Fairway / Suez Transit (Egypt),34.816057,20.240649,14.4,115.0,114,-0.0,Under way using engine,PORT SAID,09-10 14:00,Post-Anomaly Transit,Low,Resumed commercial passage toward Port Said fairway
2026-09-08 22:48:00,352911000,9537112,OCEAN PIONEER,HP5620,Product Tanker,10.4,"Catania/Augusta Offshore Fairway (Sicily, Italy)",Port Said Fairway / Suez Transit (Egypt),34.810969,20.253902,14.4,115.0,114,-0.0,Under way using engine,PORT SAID,09-10 14:00,Post-Anomaly Transit,Low,Resumed commercial passage toward Port Said fairway
2026-09-08 22:51:00,352911000,9537112,OCEAN PIONEER,HP5620,Product Tanker,10.4,"Catania/Augusta Offshore Fairway (Sicily, Italy)",Port Said Fairway / Suez Transit (Egypt),34.805792,20.267096,14.4,115.5,115,-0.0,Under way using engine,PORT SAID,09-10 14:00,Post-Anomaly Transit,Low,Resumed commercial passage toward Port Said fairway
2026-09-08 22:54:00,352911000,9537112,OCEAN PIONEER,HP5620,Product Tanker,10.4,"Catania/Augusta Offshore Fairway (Sicily, Italy)",Port Said Fairway / Suez Transit (Egypt),34.800733,20.280353,14.4,114.8,114,0.0,Under way using engine,PORT SAID,09-10 14:00,Post-Anomaly Transit,Low,Resumed commercial passage toward Port Said fairway
2026-09-08 22:57:00,352911000,9537112,OCEAN PIONEER,HP5620,Product Tanker,10.4,"Catania/Augusta Offshore Fairway (Sicily, Italy)",Port Said Fairway / Suez Transit (Egypt),34.795669,20.293624,14.4,115.1,115,0.2,Under way using engine,PORT SAID,09-10 14:00,Post-Anomaly Transit,Low,Resumed commercial passage toward Port Said fairway
2026-09-08 23:00:00,352911000,9537112,OCEAN PIONEER,HP5620,Product Tanker,10.4,"Catania/Augusta Offshore Fairway (Sicily, Italy)",Port Said Fairway / Suez Transit (Egypt),34.790584,20.306893,14.4,115.0,114,0.1,Under way using engine,PORT SAID,09-10 14:00,Post-Anomaly Transit,Low,Resumed commercial passage toward Port Said fairway
2026-09-08 23:03:00,352911000,9537112,OCEAN PIONEER,HP5620,Product Tanker,10.4,"Catania/Augusta Offshore Fairway (Sicily, Italy)",Port Said Fairway / Suez Transit (Egypt),34.785408,20.320092,14.4,115.6,115,-0.0,Under way using engine,PORT SAID,09-10 14:00,Post-Anomaly Transit,Low,Resumed commercial passage toward Port Said fairway
2026-09-08 23:06:00,352911000,9537112,OCEAN PIONEER,HP5620,Product Tanker,10.4,"Catania/Augusta Offshore Fairway (Sicily, Italy)",Port Said Fairway / Suez Transit (Egypt),34.780279,20.333314,14.4,115.5,115,-0.1,Under way using engine,PORT SAID,09-10 14:00,Post-Anomaly Transit,Low,Resumed commercial passage toward Port Said fairway
2026-09-08 23:09:00,352911000,9537112,OCEAN PIONEER,HP5620,Product Tanker,10.4,"Catania/Augusta Offshore Fairway (Sicily, Italy)",Port Said Fairway / Suez Transit (Egypt),34.774989,20.346447,14.4,116.2,116,-0.0,Under way using engine,PORT SAID,09-10 14:00,Post-Anomaly Transit,Low,Resumed commercial passage toward Port Said fairway
2026-09-08 23:12:00,352911000,9537112,OCEAN PIONEER,HP5620,Product Tanker,10.4,"Catania/Augusta Offshore Fairway (Sicily, Italy)",Port Said Fairway / Suez Transit (Egypt),34.76965,20.359561,14.4,116.8,116,0.1,Under way using engine,PORT SAID,09-10 14:00,Post-Anomaly Transit,Low,Resumed commercial passage toward Port Said fairway
2026-09-08 23:15:00,352911000,9537112,OCEAN PIONEER,HP5620,Product Tanker,10.4,"Catania/Augusta Offshore Fairway (Sicily, Italy)",Port Said Fairway / Suez Transit (Egypt),34.764306,20.372643,14.4,116.2,116,-0.1,Under way using engine,PORT SAID,09-10 14:00,Post-Anomaly Transit,Low,Resumed commercial passage toward Port Said fairway
2026-09-08 23:18:00,352911000,9537112,OCEAN PIONEER,HP5620,Product Tanker,10.4,"Catania/Augusta Offshore Fairway (Sicily, Italy)",Port Said Fairway / Suez Transit (Egypt),34.759093,20.385801,14.4,116.3,116,0.1,Under way using engine,PORT SAID,09-10 14:00,Post-Anomaly Transit,Low,Resumed commercial passage toward Port Said fairway
2026-09-08 23:21:00,352911000,9537112,OCEAN PIONEER,HP5620,Product Tanker,10.4,"Catania/Augusta Offshore Fairway (Sicily, Italy)",Port Said Fairway / Suez Transit (Egypt),34.753938,20.399009,14.5,114.9,114,-0.1,Under way using engine,PORT SAID,09-10 14:00,Post-Anomaly Transit,Low,Resumed commercial passage toward Port Said fairway
2026-09-08 23:24:00,352911000,9537112,OCEAN PIONEER,HP5620,Product Tanker,10.4,"Catania/Augusta Offshore Fairway (Sicily, Italy)",Port Said Fairway / Suez Transit (Egypt),34.748857,20.41226,14.4,114.7,114,-0.1,Under way using engine,PORT SAID,09-10 14:00,Post-Anomaly Transit,Low,Resumed commercial passage toward Port Said fairway
2026-09-08 23:27:00,352911000,9537112,OCEAN PIONEER,HP5620,Product Tanker,10.4,"Catania/Augusta Offshore Fairway (Sicily, Italy)",Port Said Fairway / Suez Transit (Egypt),34.743688,20.425486,14.5,115.4,115,0.1,Under way using engine,PORT SAID,09-10 14:00,Post-Anomaly Transit,Low,Resumed commercial passage toward Port Said fairway
2026-09-08 23:30:00,352911000,9537112,OCEAN PIONEER,HP5620,Product Tanker,10.4,"Catania/Augusta Offshore Fairway (Sicily, Italy)",Port Said Fairway / Suez Transit (Egypt),34.738588,20.438758,14.5,114.9,114,-0.2,Under way using engine,PORT SAID,09-10 14:00,Post-Anomaly Transit,Low,Resumed commercial passage toward Port Said fairway
2026-09-08 23:33:00,352911000,9537112,OCEAN PIONEER,HP5620,Product Tanker,10.4,"Catania/Augusta Offshore Fairway (Sicily, Italy)",Port Said Fairway / Suez Transit (Egypt),34.733435,20.451963,14.4,116.0,115,0.2,Under way using engine,PORT SAID,09-10 14:00,Post-Anomaly Transit,Low,Resumed commercial passage toward Port Said fairway
2026-09-08 23:36:00,352911000,9537112,OCEAN PIONEER,HP5620,Product Tanker,10.4,"Catania/Augusta Offshore Fairway (Sicily, Italy)",Port Said Fairway / Suez Transit (Egypt),34.728117,20.465089,14.5,116.1,116,-0.3,Under way using engine,PORT SAID,09-10 14:00,Post-Anomaly Transit,Low,Resumed commercial passage toward Port Said fairway
2026-09-08 23:39:00,352911000,9537112,OCEAN PIONEER,HP5620,Product Tanker,10.4,"Catania/Augusta Offshore Fairway (Sicily, Italy)",Port Said Fairway / Suez Transit (Egypt),34.722883,20.478261,14.4,116.0,115,0.0,Under way using engine,PORT SAID,09-10 14:00,Post-Anomaly Transit,Low,Resumed commercial passage toward Port Said fairway
2026-09-08 23:42:00,352911000,9537112,OCEAN PIONEER,HP5620,Product Tanker,10.4,"Catania/Augusta Offshore Fairway (Sicily, Italy)",Port Said Fairway / Suez Transit (Egypt),34.717621,20.49143,14.5,115.8,115,-0.0,Under way using engine,PORT SAID,09-10 14:00,Post-Anomaly Transit,Low,Resumed commercial passage toward Port Said fairway
2026-09-08 23:45:00,352911000,9537112,OCEAN PIONEER,HP5620,Product Tanker,10.4,"Catania/Augusta Offshore Fairway (Sicily, Italy)",Port Said Fairway / Suez Transit (Egypt),34.712441,20.504621,14.4,115.5,115,-0.1,Under way using engine,PORT SAID,09-10 14:00,Post-Anomaly Transit,Low,Resumed commercial passage toward Port Said fairway
2026-09-08 23:48:00,352911000,9537112,OCEAN PIONEER,HP5620,Product Tanker,10.4,"Catania/Augusta Offshore Fairway (Sicily, Italy)",Port Said Fairway / Suez Transit (Egypt),34.70741,20.517894,14.4,114.2,114,-0.0,Under way using engine,PORT SAID,09-10 14:00,Post-Anomaly Transit,Low,Resumed commercial passage toward Port Said fairway
2026-09-08 23:51:00,352911000,9537112,OCEAN PIONEER,HP5620,Product Tanker,10.4,"Catania/Augusta Offshore Fairway (Sicily, Italy)",Port Said Fairway / Suez Transit (Egypt),34.702435,20.531241,14.4,114.5,114,-0.0,Under way using engine,PORT SAID,09-10 14:00,Post-Anomaly Transit,Low,Resumed commercial passage toward Port Said fairway
2026-09-08 23:54:00,352911000,9537112,OCEAN PIONEER,HP5620,Product Tanker,10.4,"Catania/Augusta Offshore Fairway (Sicily, Italy)",Port Said Fairway / Suez Transit (Egypt),34.697339,20.544484,14.4,115.0,114,0.1,Under way using engine,PORT SAID,09-10 14:00,Post-Anomaly Transit,Low,Resumed commercial passage toward Port Said fairway
2026-09-08 23:57:00,352911000,9537112,OCEAN PIONEER,HP5620,Product Tanker,10.4,"Catania/Augusta Offshore Fairway (Sicily, Italy)",Port Said Fairway / Suez Transit (Egypt),34.692135,20.557674,14.4,115.5,115,-0.2,Under way using engine,PORT SAID,09-10 14:00,Post-Anomaly Transit,Low,Resumed commercial passage toward Port Said fairway
2026-09-09 00:00:00,352911000,9537112,OCEAN PIONEER,HP5620,Product Tanker,10.4,"Catania/Augusta Offshore Fairway (Sicily, Italy)",Port Said Fairway / Suez Transit (Egypt),34.687057,20.570945,14.4,114.8,114,0.0,Under way using engine,PORT SAID,09-10 14:00,Post-Anomaly Transit,Low,Resumed commercial passage toward Port Said fairway
2026-09-08 00:00:00,636018000,9498871,AEGEAN MARINER,A8TZ6,Chemical Tanker,8.9,Katakolo / Ionian Islands Approach (Western Greece),Tripoli Commercial Port Approach (Libya),37.598784,21.148799,11.1,218.0,219,2.9,Under way using engine,TRIPOLI,09-09 20:00,Normal,None,Clearing Strofades Islands heading southwest
2026-09-08 00:03:00,636018000,9498871,AEGEAN MARINER,A8TZ6,Chemical Tanker,8.9,Katakolo / Ionian Islands Approach (Western Greece),Tripoli Commercial Port Approach (Libya),37.592026,21.139632,12.5,231.6,232,1.1,Under way using engine,TRIPOLI,09-09 20:00,Normal,None,Clearing Strofades Islands heading southwest
2026-09-08 00:06:00,636018000,9498871,AEGEAN MARINER,A8TZ6,Chemical Tanker,8.9,Katakolo / Ionian Islands Approach (Western Greece),Tripoli Commercial Port Approach (Libya),37.584823,21.129047,13.7,228.6,229,-0.3,Under way using engine,TRIPOLI,09-09 20:00,Normal,None,Clearing Strofades Islands heading southwest
2026-09-08 00:09:00,636018000,9498871,AEGEAN MARINER,A8TZ6,Chemical Tanker,8.9,Katakolo / Ionian Islands Approach (Western Greece),Tripoli Commercial Port Approach (Libya),37.577256,21.118255,13.8,229.3,230,0.2,Under way using engine,TRIPOLI,09-09 20:00,Normal,None,Clearing Strofades Islands heading southwest
2026-09-08 00:12:00,636018000,9498871,AEGEAN MARINER,A8TZ6,Chemical Tanker,8.9,Katakolo / Ionian Islands Approach (Western Greece),Tripoli Commercial Port Approach (Libya),37.569854,21.107335,13.6,230.0,231,-0.1,Under way using engine,TRIPOLI,09-09 20:00,Normal,None,Clearing Strofades Islands heading southwest
2026-09-08 00:15:00,636018000,9498871,AEGEAN MARINER,A8TZ6,Chemical Tanker,8.9,Katakolo / Ionian Islands Approach (Western Greece),Tripoli Commercial Port Approach (Libya),37.562406,21.096432,13.7,229.3,230,-0.0,Under way using engine,TRIPOLI,09-09 20:00,Normal,None,Clearing Strofades Islands heading southwest
2026-09-08 00:18:00,636018000,9498871,AEGEAN MARINER,A8TZ6,Chemical Tanker,8.9,Katakolo / Ionian Islands Approach (Western Greece),Tripoli Commercial Port Approach (Libya),37.554966,21.08551,13.7,229.2,230,-0.0,Under way using engine,TRIPOLI,09-09 20:00,Normal,None,Clearing Strofades Islands heading southwest
2026-09-08 00:21:00,636018000,9498871,AEGEAN MARINER,A8TZ6,Chemical Tanker,8.9,Katakolo / Ionian Islands Approach (Western Greece),Tripoli Commercial Port Approach (Libya),37.547533,21.074571,13.7,229.5,230,0.0,Under way using engine,TRIPOLI,09-09 20:00,Normal,None,Clearing Strofades Islands heading southwest
2026-09-08 00:24:00,636018000,9498871,AEGEAN MARINER,A8TZ6,Chemical Tanker,8.9,Katakolo / Ionian Islands Approach (Western Greece),Tripoli Commercial Port Approach (Libya),37.540218,21.063525,13.7,229.9,231,-0.2,Under way using engine,TRIPOLI,09-09 20:00,Normal,None,Clearing Strofades Islands heading southwest
2026-09-08 00:27:00,636018000,9498871,AEGEAN MARINER,A8TZ6,Chemical Tanker,8.9,Katakolo / Ionian Islands Approach (Western Greece),Tripoli Commercial Port Approach (Libya),37.532809,21.052566,13.7,229.8,230,0.2,Under way using engine,TRIPOLI,09-09 20:00,Normal,None,Clearing Strofades Islands heading southwest
2026-09-08 00:30:00,636018000,9498871,AEGEAN MARINER,A8TZ6,Chemical Tanker,8.9,Katakolo / Ionian Islands Approach (Western Greece),Tripoli Commercial Port Approach (Libya),37.525404,21.041624,13.7,229.0,230,-0.0,Under way using engine,TRIPOLI,09-09 20:00,Normal,None,Clearing Strofades Islands heading southwest
2026-09-08 00:33:00,636018000,9498871,AEGEAN MARINER,A8TZ6,Chemical Tanker,8.9,Katakolo / Ionian Islands Approach (Western Greece),Tripoli Commercial Port Approach (Libya),37.517959,21.030706,13.7,229.3,230,-0.1,Under way using engine,TRIPOLI,09-09 20:00,Normal,None,Clearing Strofades Islands heading southwest
2026-09-08 00:36:00,636018000,9498871,AEGEAN MARINER,A8TZ6,Chemical Tanker,8.9,Katakolo / Ionian Islands Approach (Western Greece),Tripoli Commercial Port Approach (Libya),37.51047,21.019823,13.7,229.1,230,0.2,Under way using engine,TRIPOLI,09-09 20:00,Normal,None,Clearing Strofades Islands heading southwest
2026-09-08 00:39:00,636018000,9498871,AEGEAN MARINER,A8TZ6,Chemical Tanker,8.9,Katakolo / Ionian Islands Approach (Western Greece),Tripoli Commercial Port Approach (Libya),37.503044,21.008913,13.7,229.6,230,-0.0,Under way using engine,TRIPOLI,09-09 20:00,Normal,None,Clearing Strofades Islands heading southwest
2026-09-08 00:42:00,636018000,9498871,AEGEAN MARINER,A8TZ6,Chemical Tanker,8.9,Katakolo / Ionian Islands Approach (Western Greece),Tripoli Commercial Port Approach (Libya),37.49555,20.998056,13.7,228.7,229,0.1,Under way using engine,TRIPOLI,09-09 20:00,Normal,None,Clearing Strofades Islands heading southwest
2026-09-08 00:45:00,636018000,9498871,AEGEAN MARINER,A8TZ6,Chemical Tanker,8.9,Katakolo / Ionian Islands Approach (Western Greece),Tripoli Commercial Port Approach (Libya),37.487983,20.987301,13.7,228.6,229,0.1,Under way using engine,TRIPOLI,09-09 20:00,Normal,None,Clearing Strofades Islands heading southwest
2026-09-08 00:48:00,636018000,9498871,AEGEAN MARINER,A8TZ6,Chemical Tanker,8.9,Katakolo / Ionian Islands Approach (Western Greece),Tripoli Commercial Port Approach (Libya),37.480433,20.976483,13.7,228.5,229,-0.1,Under way using engine,TRIPOLI,09-09 20:00,Normal,None,Clearing Strofades Islands heading southwest
2026-09-08 00:51:00,636018000,9498871,AEGEAN MARINER,A8TZ6,Chemical Tanker,8.9,Katakolo / Ionian Islands Approach (Western Greece),Tripoli Commercial Port Approach (Libya),37.472939,20.965639,13.7,228.9,229,-0.2,Under way using engine,TRIPOLI,09-09 20:00,Normal,None,Clearing Strofades Islands heading southwest
2026-09-08 00:54:00,636018000,9498871,AEGEAN MARINER,A8TZ6,Chemical Tanker,8.9,Katakolo / Ionian Islands Approach (Western Greece),Tripoli Commercial Port Approach (Libya),37.465366,20.954869,13.7,228.8,229,0.2,Under way using engine,TRIPOLI,09-09 20:00,Normal,None,Clearing Strofades Islands heading southwest
2026-09-08 00:57:00,636018000,9498871,AEGEAN MARINER,A8TZ6,Chemical Tanker,8.9,Katakolo / Ionian Islands Approach (Western Greece),Tripoli Commercial Port Approach (Libya),37.457946,20.94398,13.7,229.3,230,-0.0,Under way using engine,TRIPOLI,09-09 20:00,Normal,None,Clearing Strofades Islands heading southwest
2026-09-08 01:00:00,636018000,9498871,AEGEAN MARINER,A8TZ6,Chemical Tanker,8.9,Katakolo / Ionian Islands Approach (Western Greece),Tripoli Commercial Port Approach (Libya),37.450601,20.932968,13.7,229.7,230,0.1,Under way using engine,TRIPOLI,09-09 20:00,Normal,None,Clearing Strofades Islands heading southwest
2026-09-08 01:03:00,636018000,9498871,AEGEAN MARINER,A8TZ6,Chemical Tanker,8.9,Katakolo / Ionian Islands Approach (Western Greece),Tripoli Commercial Port Approach (Libya),37.443183,20.922032,13.7,229.9,230,-0.0,Under way using engine,TRIPOLI,09-09 20:00,Normal,None,Clearing Strofades Islands heading southwest
2026-09-08 01:06:00,636018000,9498871,AEGEAN MARINER,A8TZ6,Chemical Tanker,8.9,Katakolo / Ionian Islands Approach (Western Greece),Tripoli Commercial Port Approach (Libya),37.435764,20.911119,13.7,229.4,230,-0.2,Under way using engine,TRIPOLI,09-09 20:00,Normal,None,Clearing Strofades Islands heading southwest
2026-09-08 01:09:00,636018000,9498871,AEGEAN MARINER,A8TZ6,Chemical Tanker,8.9,Katakolo / Ionian Islands Approach (Western Greece),Tripoli Commercial Port Approach (Libya),37.428274,20.900239,13.7,229.3,230,-0.1,Under way using engine,TRIPOLI,09-09 20:00,Normal,None,Clearing Strofades Islands heading southwest
2026-09-08 01:12:00,636018000,9498871,AEGEAN MARINER,A8TZ6,Chemical Tanker,8.9,Katakolo / Ionian Islands Approach (Western Greece),Tripoli Commercial Port Approach (Libya),37.420819,20.889348,13.7,229.5,230,-0.0,Under way using engine,TRIPOLI,09-09 20:00,Normal,None,Clearing Strofades Islands heading southwest
2026-09-08 01:15:00,636018000,9498871,AEGEAN MARINER,A8TZ6,Chemical Tanker,8.9,Katakolo / Ionian Islands Approach (Western Greece),Tripoli Commercial Port Approach (Libya),37.413343,20.878496,13.7,229.5,230,-0.0,Under way using engine,TRIPOLI,09-09 20:00,Normal,None,Clearing Strofades Islands heading southwest
2026-09-08 01:18:00,636018000,9498871,AEGEAN MARINER,A8TZ6,Chemical Tanker,8.9,Katakolo / Ionian Islands Approach (Western Greece),Tripoli Commercial Port Approach (Libya),37.405996,20.867499,13.7,230.0,231,0.1,Under way using engine,TRIPOLI,09-09 20:00,Normal,None,Clearing Strofades Islands heading southwest
2026-09-08 01:21:00,636018000,9498871,AEGEAN MARINER,A8TZ6,Chemical Tanker,8.9,Katakolo / Ionian Islands Approach (Western Greece),Tripoli Commercial Port Approach (Libya),37.398617,20.856533,13.7,229.6,230,-0.1,Under way using engine,TRIPOLI,09-09 20:00,Normal,None,Clearing Strofades Islands heading southwest
2026-09-08 01:24:00,636018000,9498871,AEGEAN MARINER,A8TZ6,Chemical Tanker,8.9,Katakolo / Ionian Islands Approach (Western Greece),Tripoli Commercial Port Approach (Libya),37.391223,20.845584,13.7,229.9,230,-0.1,Under way using engine,TRIPOLI,09-09 20:00,Normal,None,Clearing Strofades Islands heading southwest
2026-09-08 01:27:00,636018000,9498871,AEGEAN MARINER,A8TZ6,Chemical Tanker,8.9,Katakolo / Ionian Islands Approach (Western Greece),Tripoli Commercial Port Approach (Libya),37.383926,20.834543,13.7,230.9,231,-0.0,Under way using engine,TRIPOLI,09-09 20:00,Normal,None,Clearing Strofades Islands heading southwest
2026-09-08 01:30:00,636018000,9498871,AEGEAN MARINER,A8TZ6,Chemical Tanker,8.9,Katakolo / Ionian Islands Approach (Western Greece),Tripoli Commercial Port Approach (Libya),37.37662,20.823508,13.7,229.4,230,0.1,Under way using engine,TRIPOLI,09-09 20:00,Normal,None,Clearing Strofades Islands heading southwest
2026-09-08 01:33:00,636018000,9498871,AEGEAN MARINER,A8TZ6,Chemical Tanker,8.9,Katakolo / Ionian Islands Approach (Western Greece),Tripoli Commercial Port Approach (Libya),37.369135,20.812628,13.7,229.1,230,0.1,Under way using engine,TRIPOLI,09-09 20:00,Normal,None,Clearing Strofades Islands heading southwest
2026-09-08 01:36:00,636018000,9498871,AEGEAN MARINER,A8TZ6,Chemical Tanker,8.9,Katakolo / Ionian Islands Approach (Western Greece),Tripoli Commercial Port Approach (Libya),37.361698,20.801749,13.7,229.1,230,-0.0,Under way using engine,TRIPOLI,09-09 20:00,Normal,None,Clearing Strofades Islands heading southwest
2026-09-08 01:39:00,636018000,9498871,AEGEAN MARINER,A8TZ6,Chemical Tanker,8.9,Katakolo / Ionian Islands Approach (Western Greece),Tripoli Commercial Port Approach (Libya),37.354321,20.79079,13.7,229.7,230,-0.1,Under way using engine,TRIPOLI,09-09 20:00,Normal,None,Clearing Strofades Islands heading southwest
2026-09-08 01:42:00,636018000,9498871,AEGEAN MARINER,A8TZ6,Chemical Tanker,8.9,Katakolo / Ionian Islands Approach (Western Greece),Tripoli Commercial Port Approach (Libya),37.346953,20.779818,13.7,230.0,231,-0.2,Under way using engine,TRIPOLI,09-09 20:00,Normal,None,Clearing Strofades Islands heading southwest
2026-09-08 01:45:00,636018000,9498871,AEGEAN MARINER,A8TZ6,Chemical Tanker,8.9,Katakolo / Ionian Islands Approach (Western Greece),Tripoli Commercial Port Approach (Libya),37.339616,20.768813,13.7,230.2,231,0.1,Under way using engine,TRIPOLI,09-09 20:00,Normal,None,Clearing Strofades Islands heading southwest
2026-09-08 01:48:00,636018000,9498871,AEGEAN MARINER,A8TZ6,Chemical Tanker,8.9,Katakolo / Ionian Islands Approach (Western Greece),Tripoli Commercial Port Approach (Libya),37.332237,20.757867,13.7,230.2,231,0.0,Under way using engine,TRIPOLI,09-09 20:00,Normal,None,Clearing Strofades Islands heading southwest
2026-09-08 01:51:00,636018000,9498871,AEGEAN MARINER,A8TZ6,Chemical Tanker,8.9,Katakolo / Ionian Islands Approach (Western Greece),Tripoli Commercial Port Approach (Libya),37.324933,20.74684,13.7,229.9,230,0.1,Under way using engine,TRIPOLI,09-09 20:00,Normal,None,Clearing Strofades Islands heading southwest
2026-09-08 01:54:00,636018000,9498871,AEGEAN MARINER,A8TZ6,Chemical Tanker,8.9,Katakolo / Ionian Islands Approach (Western Greece),Tripoli Commercial Port Approach (Libya),37.317576,20.735851,13.7,230.5,231,-0.1,Under way using engine,TRIPOLI,09-09 20:00,Normal,None,Clearing Strofades Islands heading southwest
2026-09-08 01:57:00,636018000,9498871,AEGEAN MARINER,A8TZ6,Chemical Tanker,8.9,Katakolo / Ionian Islands Approach (Western Greece),Tripoli Commercial Port Approach (Libya),37.310369,20.724733,13.7,230.7,231,0.0,Under way using engine,TRIPOLI,09-09 20:00,Normal,None,Clearing Strofades Islands heading southwest
2026-09-08 02:00:00,636018000,9498871,AEGEAN MARINER,A8TZ6,Chemical Tanker,8.9,Katakolo / Ionian Islands Approach (Western Greece),Tripoli Commercial Port Approach (Libya),37.303196,20.713569,13.7,231.1,232,-0.1,Under way using engine,TRIPOLI,09-09 20:00,Normal,None,Clearing Strofades Islands heading southwest
2026-09-08 02:03:00,636018000,9498871,AEGEAN MARINER,A8TZ6,Chemical Tanker,8.9,Katakolo / Ionian Islands Approach (Western Greece),Tripoli Commercial Port Approach (Libya),37.296066,20.702373,13.7,231.4,232,0.1,Under way using engine,TRIPOLI,09-09 20:00,Normal,None,Clearing Strofades Islands heading southwest
2026-09-08 02:06:00,636018000,9498871,AEGEAN MARINER,A8TZ6,Chemical Tanker,8.9,Katakolo / Ionian Islands Approach (Western Greece),Tripoli Commercial Port Approach (Libya),37.288978,20.691114,13.7,231.9,232,0.2,Under way using engine,TRIPOLI,09-09 20:00,Normal,None,Clearing Strofades Islands heading southwest
2026-09-08 02:09:00,636018000,9498871,AEGEAN MARINER,A8TZ6,Chemical Tanker,8.9,Katakolo / Ionian Islands Approach (Western Greece),Tripoli Commercial Port Approach (Libya),37.281913,20.679859,13.7,230.6,231,-0.2,Under way using engine,TRIPOLI,09-09 20:00,Normal,None,Clearing Strofades Islands heading southwest
2026-09-08 02:12:00,636018000,9498871,AEGEAN MARINER,A8TZ6,Chemical Tanker,8.9,Katakolo / Ionian Islands Approach (Western Greece),Tripoli Commercial Port Approach (Libya),37.274632,20.668782,13.7,229.9,230,-0.3,Under way using engine,TRIPOLI,09-09 20:00,Normal,None,Clearing Strofades Islands heading southwest
2026-09-08 02:15:00,636018000,9498871,AEGEAN MARINER,A8TZ6,Chemical Tanker,8.9,Katakolo / Ionian Islands Approach (Western Greece),Tripoli Commercial Port Approach (Libya),37.267288,20.657811,13.7,229.6,230,0.1,Under way using engine,TRIPOLI,09-09 20:00,Normal,None,Clearing Strofades Islands heading southwest
2026-09-08 02:18:00,636018000,9498871,AEGEAN MARINER,A8TZ6,Chemical Tanker,8.9,Katakolo / Ionian Islands Approach (Western Greece),Tripoli Commercial Port Approach (Libya),37.259935,20.646838,13.7,230.0,230,0.1,Under way using engine,TRIPOLI,09-09 20:00,Normal,None,Clearing Strofades Islands heading southwest
2026-09-08 02:21:00,636018000,9498871,AEGEAN MARINER,A8TZ6,Chemical Tanker,8.9,Katakolo / Ionian Islands Approach (Western Greece),Tripoli Commercial Port Approach (Libya),37.252483,20.635974,13.7,229.3,230,0.1,Under way using engine,TRIPOLI,09-09 20:00,Normal,None,Clearing Strofades Islands heading southwest
2026-09-08 02:24:00,636018000,9498871,AEGEAN MARINER,A8TZ6,Chemical Tanker,8.9,Katakolo / Ionian Islands Approach (Western Greece),Tripoli Commercial Port Approach (Libya),37.245105,20.625031,13.7,230.3,231,0.2,Under way using engine,TRIPOLI,09-09 20:00,Normal,None,Clearing Strofades Islands heading southwest
2026-09-08 02:27:00,636018000,9498871,AEGEAN MARINER,A8TZ6,Chemical Tanker,8.9,Katakolo / Ionian Islands Approach (Western Greece),Tripoli Commercial Port Approach (Libya),37.237893,20.613923,13.7,230.7,231,0.1,Under way using engine,TRIPOLI,09-09 20:00,Normal,None,Clearing Strofades Islands heading southwest
2026-09-08 02:30:00,636018000,9498871,AEGEAN MARINER,A8TZ6,Chemical Tanker,8.9,Katakolo / Ionian Islands Approach (Western Greece),Tripoli Commercial Port Approach (Libya),37.230574,20.602934,13.7,230.0,230,0.1,Under way using engine,TRIPOLI,09-09 20:00,Normal,None,Clearing Strofades Islands heading southwest
2026-09-08 02:33:00,636018000,9498871,AEGEAN MARINER,A8TZ6,Chemical Tanker,8.9,Katakolo / Ionian Islands Approach (Western Greece),Tripoli Commercial Port Approach (Libya),37.22327,20.591921,13.7,230.6,231,0.1,Under way using engine,TRIPOLI,09-09 20:00,Normal,None,Clearing Strofades Islands heading southwest
2026-09-08 02:36:00,636018000,9498871,AEGEAN MARINER,A8TZ6,Chemical Tanker,8.9,Katakolo / Ionian Islands Approach (Western Greece),Tripoli Commercial Port Approach (Libya),37.216072,20.58079,13.8,230.7,231,0.0,Under way using engine,TRIPOLI,09-09 20:00,Normal,None,Clearing Strofades Islands heading southwest
2026-09-08 02:39:00,636018000,9498871,AEGEAN MARINER,A8TZ6,Chemical Tanker,8.9,Katakolo / Ionian Islands Approach (Western Greece),Tripoli Commercial Port Approach (Libya),37.208727,20.569821,13.7,229.3,230,-0.1,Under way using engine,TRIPOLI,09-09 20:00,Normal,None,Clearing Strofades Islands heading southwest
2026-09-08 02:42:00,636018000,9498871,AEGEAN MARINER,A8TZ6,Chemical Tanker,8.9,Katakolo / Ionian Islands Approach (Western Greece),Tripoli Commercial Port Approach (Libya),37.201269,20.558935,13.7,229.7,230,-0.0,Under way using engine,TRIPOLI,09-09 20:00,Normal,None,Clearing Strofades Islands heading southwest
2026-09-08 02:45:00,636018000,9498871,AEGEAN MARINER,A8TZ6,Chemical Tanker,8.9,Katakolo / Ionian Islands Approach (Western Greece),Tripoli Commercial Port Approach (Libya),37.193931,20.54795,13.7,230.2,231,0.1,Under way using engine,TRIPOLI,09-09 20:00,Normal,None,Clearing Strofades Islands heading southwest
2026-09-08 02:48:00,636018000,9498871,AEGEAN MARINER,A8TZ6,Chemical Tanker,8.9,Katakolo / Ionian Islands Approach (Western Greece),Tripoli Commercial Port Approach (Libya),37.186597,20.536966,13.7,230.5,231,-0.0,Under way using engine,TRIPOLI,09-09 20:00,Normal,None,Clearing Strofades Islands heading southwest
2026-09-08 02:51:00,636018000,9498871,AEGEAN MARINER,A8TZ6,Chemical Tanker,8.9,Katakolo / Ionian Islands Approach (Western Greece),Tripoli Commercial Port Approach (Libya),37.179353,20.525875,13.7,230.6,231,0.0,Under way using engine,TRIPOLI,09-09 20:00,Normal,None,Clearing Strofades Islands heading southwest
2026-09-08 02:54:00,636018000,9498871,AEGEAN MARINER,A8TZ6,Chemical Tanker,8.9,Katakolo / Ionian Islands Approach (Western Greece),Tripoli Commercial Port Approach (Libya),37.172137,20.514773,13.7,230.6,231,0.0,Under way using engine,TRIPOLI,09-09 20:00,Normal,None,Clearing Strofades Islands heading southwest
2026-09-08 02:57:00,636018000,9498871,AEGEAN MARINER,A8TZ6,Chemical Tanker,8.9,Katakolo / Ionian Islands Approach (Western Greece),Tripoli Commercial Port Approach (Libya),37.164877,20.503716,13.7,229.9,230,0.0,Under way using engine,TRIPOLI,09-09 20:00,Normal,None,Clearing Strofades Islands heading southwest
2026-09-08 03:00:00,636018000,9498871,AEGEAN MARINER,A8TZ6,Chemical Tanker,8.9,Katakolo / Ionian Islands Approach (Western Greece),Tripoli Commercial Port Approach (Libya),37.157601,20.492649,13.7,231.0,231,-0.0,Under way using engine,TRIPOLI,09-09 20:00,Normal,None,Clearing Strofades Islands heading southwest
2026-09-08 03:03:00,636018000,9498871,AEGEAN MARINER,A8TZ6,Chemical Tanker,8.9,Katakolo / Ionian Islands Approach (Western Greece),Tripoli Commercial Port Approach (Libya),37.150401,20.481525,13.7,231.0,231,0.2,Under way using engine,TRIPOLI,09-09 20:00,Normal,None,Clearing Strofades Islands heading southwest
2026-09-08 03:06:00,636018000,9498871,AEGEAN MARINER,A8TZ6,Chemical Tanker,8.9,Katakolo / Ionian Islands Approach (Western Greece),Tripoli Commercial Port Approach (Libya),37.143309,20.470315,13.7,231.5,232,-0.2,Under way using engine,TRIPOLI,09-09 20:00,Normal,None,Clearing Strofades Islands heading southwest
2026-09-08 03:09:00,636018000,9498871,AEGEAN MARINER,A8TZ6,Chemical Tanker,8.9,Katakolo / Ionian Islands Approach (Western Greece),Tripoli Commercial Port Approach (Libya),37.136225,20.459098,13.7,232.3,233,0.0,Under way using engine,TRIPOLI,09-09 20:00,Normal,None,Clearing Strofades Islands heading southwest
2026-09-08 03:12:00,636018000,9498871,AEGEAN MARINER,A8TZ6,Chemical Tanker,8.9,Katakolo / Ionian Islands Approach (Western Greece),Tripoli Commercial Port Approach (Libya),37.129181,20.447834,13.7,231.8,232,0.2,Under way using engine,TRIPOLI,09-09 20:00,Normal,None,Clearing Strofades Islands heading southwest
2026-09-08 03:15:00,636018000,9498871,AEGEAN MARINER,A8TZ6,Chemical Tanker,8.9,Katakolo / Ionian Islands Approach (Western Greece),Tripoli Commercial Port Approach (Libya),37.122027,20.436672,13.7,230.0,230,-2.0,Under way using engine,TRIPOLI,09-09 20:00,Normal,None,Open Ionian passage heading southwest
2026-09-08 03:18:00,636018000,9498871,AEGEAN MARINER,A8TZ6,Chemical Tanker,8.9,Katakolo / Ionian Islands Approach (Western Greece),Tripoli Commercial Port Approach (Libya),37.114443,20.425938,13.7,229.5,230,0.5,Under way using engine,TRIPOLI,09-09 20:00,Normal,None,Open Ionian passage heading southwest
2026-09-08 03:21:00,636018000,9498871,AEGEAN MARINER,A8TZ6,Chemical Tanker,8.9,Katakolo / Ionian Islands Approach (Western Greece),Tripoli Commercial Port Approach (Libya),37.107104,20.414964,13.7,229.7,230,-0.1,Under way using engine,TRIPOLI,09-09 20:00,Normal,None,Open Ionian passage heading southwest
2026-09-08 03:24:00,636018000,9498871,AEGEAN MARINER,A8TZ6,Chemical Tanker,8.9,Katakolo / Ionian Islands Approach (Western Greece),Tripoli Commercial Port Approach (Libya),37.099718,20.404022,13.8,229.6,230,-0.1,Under way using engine,TRIPOLI,09-09 20:00,Normal,None,Open Ionian passage heading southwest
2026-09-08 03:27:00,636018000,9498871,AEGEAN MARINER,A8TZ6,Chemical Tanker,8.9,Katakolo / Ionian Islands Approach (Western Greece),Tripoli Commercial Port Approach (Libya),37.092379,20.393055,13.7,230.1,230,0.0,Under way using engine,TRIPOLI,09-09 20:00,Normal,None,Open Ionian passage heading southwest
2026-09-08 03:30:00,636018000,9498871,AEGEAN MARINER,A8TZ6,Chemical Tanker,8.9,Katakolo / Ionian Islands Approach (Western Greece),Tripoli Commercial Port Approach (Libya),37.08509,20.382043,13.7,230.3,231,0.0,Under way using engine,TRIPOLI,09-09 20:00,Normal,None,Open Ionian passage heading southwest
2026-09-08 03:33:00,636018000,9498871,AEGEAN MARINER,A8TZ6,Chemical Tanker,8.9,Katakolo / Ionian Islands Approach (Western Greece),Tripoli Commercial Port Approach (Libya),37.077689,20.37115,13.7,228.7,229,-0.1,Under way using engine,TRIPOLI,09-09 20:00,Normal,None,Open Ionian passage heading southwest
2026-09-08 03:36:00,636018000,9498871,AEGEAN MARINER,A8TZ6,Chemical Tanker,8.9,Katakolo / Ionian Islands Approach (Western Greece),Tripoli Commercial Port Approach (Libya),37.070168,20.360365,13.7,228.9,229,0.1,Under way using engine,TRIPOLI,09-09 20:00,Normal,None,Open Ionian passage heading southwest
2026-09-08 03:39:00,636018000,9498871,AEGEAN MARINER,A8TZ6,Chemical Tanker,8.9,Katakolo / Ionian Islands Approach (Western Greece),Tripoli Commercial Port Approach (Libya),37.062725,20.349543,13.7,229.8,230,-0.0,Under way using engine,TRIPOLI,09-09 20:00,Normal,None,Open Ionian passage heading southwest
2026-09-08 03:42:00,636018000,9498871,AEGEAN MARINER,A8TZ6,Chemical Tanker,8.9,Katakolo / Ionian Islands Approach (Western Greece),Tripoli Commercial Port Approach (Libya),37.055298,20.338626,13.7,229.0,229,-0.1,Under way using engine,TRIPOLI,09-09 20:00,Normal,None,Open Ionian passage heading southwest
2026-09-08 03:45:00,636018000,9498871,AEGEAN MARINER,A8TZ6,Chemical Tanker,8.9,Katakolo / Ionian Islands Approach (Western Greece),Tripoli Commercial Port Approach (Libya),37.047857,20.327751,13.7,229.8,230,-0.1,Under way using engine,TRIPOLI,09-09 20:00,Normal,None,Open Ionian passage heading southwest
2026-09-08 03:48:00,636018000,9498871,AEGEAN MARINER,A8TZ6,Chemical Tanker,8.9,Katakolo / Ionian Islands Approach (Western Greece),Tripoli Commercial Port Approach (Libya),37.040503,20.316788,13.8,230.2,231,-0.1,Under way using engine,TRIPOLI,09-09 20:00,Normal,None,Open Ionian passage heading southwest
2026-09-08 03:51:00,636018000,9498871,AEGEAN MARINER,A8TZ6,Chemical Tanker,8.9,Katakolo / Ionian Islands Approach (Western Greece),Tripoli Commercial Port Approach (Libya),37.033162,20.305834,13.7,229.7,230,-0.1,Under way using engine,TRIPOLI,09-09 20:00,Normal,None,Open Ionian passage heading southwest
2026-09-08 03:54:00,636018000,9498871,AEGEAN MARINER,A8TZ6,Chemical Tanker,8.9,Katakolo / Ionian Islands Approach (Western Greece),Tripoli Commercial Port Approach (Libya),37.025743,20.294971,13.7,229.5,230,-0.1,Under way using engine,TRIPOLI,09-09 20:00,Normal,None,Open Ionian passage heading southwest
2026-09-08 03:57:00,636018000,9498871,AEGEAN MARINER,A8TZ6,Chemical Tanker,8.9,Katakolo / Ionian Islands Approach (Western Greece),Tripoli Commercial Port Approach (Libya),37.018268,20.284181,13.7,229.7,230,0.0,Under way using engine,TRIPOLI,09-09 20:00,Normal,None,Open Ionian passage heading southwest
2026-09-08 04:00:00,636018000,9498871,AEGEAN MARINER,A8TZ6,Chemical Tanker,8.9,Katakolo / Ionian Islands Approach (Western Greece),Tripoli Commercial Port Approach (Libya),37.010758,20.27339,13.7,228.3,229,-0.1,Under way using engine,TRIPOLI,09-09 20:00,Normal,None,Open Ionian passage heading southwest
2026-09-08 04:03:00,636018000,9498871,AEGEAN MARINER,A8TZ6,Chemical Tanker,8.9,Katakolo / Ionian Islands Approach (Western Greece),Tripoli Commercial Port Approach (Libya),37.003197,20.262685,13.7,228.9,229,0.1,Under way using engine,TRIPOLI,09-09 20:00,Normal,None,Open Ionian passage heading southwest
2026-09-08 04:06:00,636018000,9498871,AEGEAN MARINER,A8TZ6,Chemical Tanker,8.9,Katakolo / Ionian Islands Approach (Western Greece),Tripoli Commercial Port Approach (Libya),36.995727,20.251861,13.7,229.6,230,-0.1,Under way using engine,TRIPOLI,09-09 20:00,Normal,None,Open Ionian passage heading southwest
2026-09-08 04:09:00,636018000,9498871,AEGEAN MARINER,A8TZ6,Chemical Tanker,8.9,Katakolo / Ionian Islands Approach (Western Greece),Tripoli Commercial Port Approach (Libya),36.988391,20.240926,13.6,230.2,231,0.0,Under way using engine,TRIPOLI,09-09 20:00,Normal,None,Open Ionian passage heading southwest
2026-09-08 04:12:00,636018000,9498871,AEGEAN MARINER,A8TZ6,Chemical Tanker,8.9,Katakolo / Ionian Islands Approach (Western Greece),Tripoli Commercial Port Approach (Libya),36.981097,20.22996,13.6,230.2,230,-0.1,Under way using engine,TRIPOLI,09-09 20:00,Normal,None,Open Ionian passage heading southwest
2026-09-08 04:15:00,636018000,9498871,AEGEAN MARINER,A8TZ6,Chemical Tanker,8.9,Katakolo / Ionian Islands Approach (Western Greece),Tripoli Commercial Port Approach (Libya),36.973823,20.218934,13.8,230.7,231,0.0,Under way using engine,TRIPOLI,09-09 20:00,Normal,None,Open Ionian passage heading southwest
2026-09-08 04:18:00,636018000,9498871,AEGEAN MARINER,A8TZ6,Chemical Tanker,8.9,Katakolo / Ionian Islands Approach (Western Greece),Tripoli Commercial Port Approach (Libya),36.966443,20.208021,13.7,229.2,229,-0.1,Under way using engine,TRIPOLI,09-09 20:00,Normal,None,Open Ionian passage heading southwest
2026-09-08 04:21:00,636018000,9498871,AEGEAN MARINER,A8TZ6,Chemical Tanker,8.9,Katakolo / Ionian Islands Approach (Western Greece),Tripoli Commercial Port Approach (Libya),36.95906,20.197139,13.7,230.3,231,0.2,Under way using engine,TRIPOLI,09-09 20:00,Normal,None,Open Ionian passage heading southwest
2026-09-08 04:24:00,636018000,9498871,AEGEAN MARINER,A8TZ6,Chemical Tanker,8.9,Katakolo / Ionian Islands Approach (Western Greece),Tripoli Commercial Port Approach (Libya),36.951765,20.186154,13.7,230.3,231,-0.4,Under way using engine,TRIPOLI,09-09 20:00,Normal,None,Open Ionian passage heading southwest
2026-09-08 04:27:00,636018000,9498871,AEGEAN MARINER,A8TZ6,Chemical Tanker,8.9,Katakolo / Ionian Islands Approach (Western Greece),Tripoli Commercial Port Approach (Libya),36.944348,20.175313,13.7,228.6,229,0.1,Under way using engine,TRIPOLI,09-09 20:00,Normal,None,Open Ionian passage heading southwest
2026-09-08 04:30:00,636018000,9498871,AEGEAN MARINER,A8TZ6,Chemical Tanker,8.9,Katakolo / Ionian Islands Approach (Western Greece),Tripoli Commercial Port Approach (Libya),36.936847,20.164552,13.7,229.3,230,0.0,Under way using engine,TRIPOLI,09-09 20:00,Normal,None,Open Ionian passage heading southwest
2026-09-08 04:33:00,636018000,9498871,AEGEAN MARINER,A8TZ6,Chemical Tanker,8.9,Katakolo / Ionian Islands Approach (Western Greece),Tripoli Commercial Port Approach (Libya),36.92944,20.153715,13.6,229.3,230,-0.1,Under way using engine,TRIPOLI,09-09 20:00,Normal,None,Open Ionian passage heading southwest
2026-09-08 04:36:00,636018000,9498871,AEGEAN MARINER,A8TZ6,Chemical Tanker,8.9,Katakolo / Ionian Islands Approach (Western Greece),Tripoli Commercial Port Approach (Libya),36.922006,20.142885,13.7,229.1,229,0.1,Under way using engine,TRIPOLI,09-09 20:00,Normal,None,Open Ionian passage heading southwest
2026-09-08 04:39:00,636018000,9498871,AEGEAN MARINER,A8TZ6,Chemical Tanker,8.9,Katakolo / Ionian Islands Approach (Western Greece),Tripoli Commercial Port Approach (Libya),36.91455,20.13208,13.7,229.4,230,-0.1,Under way using engine,TRIPOLI,09-09 20:00,Normal,None,Open Ionian passage heading southwest
2026-09-08 04:42:00,636018000,9498871,AEGEAN MARINER,A8TZ6,Chemical Tanker,8.9,Katakolo / Ionian Islands Approach (Western Greece),Tripoli Commercial Port Approach (Libya),36.907153,20.121218,13.7,229.7,230,0.0,Under way using engine,TRIPOLI,09-09 20:00,Normal,None,Open Ionian passage heading southwest
2026-09-08 04:45:00,636018000,9498871,AEGEAN MARINER,A8TZ6,Chemical Tanker,8.9,Katakolo / Ionian Islands Approach (Western Greece),Tripoli Commercial Port Approach (Libya),36.899771,20.110321,13.7,229.7,230,0.2,Under way using engine,TRIPOLI,09-09 20:00,Normal,None,Open Ionian passage heading southwest
2026-09-08 04:48:00,636018000,9498871,AEGEAN MARINER,A8TZ6,Chemical Tanker,8.9,Katakolo / Ionian Islands Approach (Western Greece),Tripoli Commercial Port Approach (Libya),36.892349,20.099465,13.7,229.6,230,0.2,Under way using engine,TRIPOLI,09-09 20:00,Normal,None,Open Ionian passage heading southwest
2026-09-08 04:51:00,636018000,9498871,AEGEAN MARINER,A8TZ6,Chemical Tanker,8.9,Katakolo / Ionian Islands Approach (Western Greece),Tripoli Commercial Port Approach (Libya),36.884891,20.088639,13.7,228.9,229,-0.2,Under way using engine,TRIPOLI,09-09 20:00,Normal,None,Open Ionian passage heading southwest
2026-09-08 04:54:00,636018000,9498871,AEGEAN MARINER,A8TZ6,Chemical Tanker,8.9,Katakolo / Ionian Islands Approach (Western Greece),Tripoli Commercial Port Approach (Libya),36.877381,20.077914,13.7,228.7,229,-0.2,Under way using engine,TRIPOLI,09-09 20:00,Normal,None,Open Ionian passage heading southwest
2026-09-08 04:57:00,636018000,9498871,AEGEAN MARINER,A8TZ6,Chemical Tanker,8.9,Katakolo / Ionian Islands Approach (Western Greece),Tripoli Commercial Port Approach (Libya),36.869892,20.067156,13.7,228.9,229,0.0,Under way using engine,TRIPOLI,09-09 20:00,Normal,None,Open Ionian passage heading southwest
2026-09-08 05:00:00,636018000,9498871,AEGEAN MARINER,A8TZ6,Chemical Tanker,8.9,Katakolo / Ionian Islands Approach (Western Greece),Tripoli Commercial Port Approach (Libya),36.862389,20.05639,13.7,228.9,229,0.1,Under way using engine,TRIPOLI,09-09 20:00,Normal,None,Open Ionian passage heading southwest
2026-09-08 05:03:00,636018000,9498871,AEGEAN MARINER,A8TZ6,Chemical Tanker,8.9,Katakolo / Ionian Islands Approach (Western Greece),Tripoli Commercial Port Approach (Libya),36.854873,20.045648,13.7,228.5,229,-0.2,Under way using engine,TRIPOLI,09-09 20:00,Normal,None,Open Ionian passage heading southwest
2026-09-08 05:06:00,636018000,9498871,AEGEAN MARINER,A8TZ6,Chemical Tanker,8.9,Katakolo / Ionian Islands Approach (Western Greece),Tripoli Commercial Port Approach (Libya),36.847362,20.034924,13.7,229.2,229,0.2,Under way using engine,TRIPOLI,09-09 20:00,Normal,None,Open Ionian passage heading southwest
2026-09-08 05:09:00,636018000,9498871,AEGEAN MARINER,A8TZ6,Chemical Tanker,8.9,Katakolo / Ionian Islands Approach (Western Greece),Tripoli Commercial Port Approach (Libya),36.839985,20.024023,13.7,230.2,230,-0.1,Under way using engine,TRIPOLI,09-09 20:00,Normal,None,Open Ionian passage heading southwest
2026-09-08 05:12:00,636018000,9498871,AEGEAN MARINER,A8TZ6,Chemical Tanker,8.9,Katakolo / Ionian Islands Approach (Western Greece),Tripoli Commercial Port Approach (Libya),36.832635,20.013103,13.7,230.1,230,-0.1,Under way using engine,TRIPOLI,09-09 20:00,Normal,None,Open Ionian passage heading southwest
2026-09-08 05:15:00,636018000,9498871,AEGEAN MARINER,A8TZ6,Chemical Tanker,8.9,Katakolo / Ionian Islands Approach (Western Greece),Tripoli Commercial Port Approach (Libya),36.825253,20.00221,13.7,229.8,230,-0.0,Under way using engine,TRIPOLI,09-09 20:00,Normal,None,Open Ionian passage heading southwest
2026-09-08 05:18:00,636018000,9498871,AEGEAN MARINER,A8TZ6,Chemical Tanker,8.9,Katakolo / Ionian Islands Approach (Western Greece),Tripoli Commercial Port Approach (Libya),36.817976,19.99124,13.7,230.2,230,-0.0,Under way using engine,TRIPOLI,09-09 20:00,Normal,None,Open Ionian passage heading southwest
2026-09-08 05:21:00,636018000,9498871,AEGEAN MARINER,A8TZ6,Chemical Tanker,8.9,Katakolo / Ionian Islands Approach (Western Greece),Tripoli Commercial Port Approach (Libya),36.810679,19.980288,13.7,230.3,231,-0.2,Under way using engine,TRIPOLI,09-09 20:00,Normal,None,Open Ionian passage heading southwest
2026-09-08 05:24:00,636018000,9498871,AEGEAN MARINER,A8TZ6,Chemical Tanker,8.9,Katakolo / Ionian Islands Approach (Western Greece),Tripoli Commercial Port Approach (Libya),36.803328,19.969379,13.7,229.8,230,0.0,Under way using engine,TRIPOLI,09-09 20:00,Normal,None,Open Ionian passage heading southwest
2026-09-08 05:27:00,636018000,9498871,AEGEAN MARINER,A8TZ6,Chemical Tanker,8.9,Katakolo / Ionian Islands Approach (Western Greece),Tripoli Commercial Port Approach (Libya),36.796012,19.958444,13.7,230.6,231,0.1,Under way using engine,TRIPOLI,09-09 20:00,Normal,None,Open Ionian passage heading southwest
2026-09-08 05:30:00,636018000,9498871,AEGEAN MARINER,A8TZ6,Chemical Tanker,8.9,Katakolo / Ionian Islands Approach (Western Greece),Tripoli Commercial Port Approach (Libya),36.788716,19.947509,13.7,229.6,230,-0.1,Under way using engine,TRIPOLI,09-09 20:00,Normal,None,Open Ionian passage heading southwest
2026-09-08 05:33:00,636018000,9498871,AEGEAN MARINER,A8TZ6,Chemical Tanker,8.9,Katakolo / Ionian Islands Approach (Western Greece),Tripoli Commercial Port Approach (Libya),36.781299,19.936691,13.7,229.6,230,0.0,Under way using engine,TRIPOLI,09-09 20:00,Normal,None,Open Ionian passage heading southwest
2026-09-08 05:36:00,636018000,9498871,AEGEAN MARINER,A8TZ6,Chemical Tanker,8.9,Katakolo / Ionian Islands Approach (Western Greece),Tripoli Commercial Port Approach (Libya),36.773951,19.925794,13.7,229.8,230,-0.1,Under way using engine,TRIPOLI,09-09 20:00,Normal,None,Open Ionian passage heading southwest
2026-09-08 05:39:00,636018000,9498871,AEGEAN MARINER,A8TZ6,Chemical Tanker,8.9,Katakolo / Ionian Islands Approach (Western Greece),Tripoli Commercial Port Approach (Libya),36.766539,19.915001,13.7,229.3,230,0.1,Under way using engine,TRIPOLI,09-09 20:00,Normal,None,Open Ionian passage heading southwest
2026-09-08 05:42:00,636018000,9498871,AEGEAN MARINER,A8TZ6,Chemical Tanker,8.9,Katakolo / Ionian Islands Approach (Western Greece),Tripoli Commercial Port Approach (Libya),36.758983,19.904322,13.6,228.9,229,-0.0,Under way using engine,TRIPOLI,09-09 20:00,Normal,None,Open Ionian passage heading southwest
2026-09-08 05:45:00,636018000,9498871,AEGEAN MARINER,A8TZ6,Chemical Tanker,8.9,Katakolo / Ionian Islands Approach (Western Greece),Tripoli Commercial Port Approach (Libya),36.751504,19.893572,13.6,229.8,230,0.0,Under way using engine,TRIPOLI,09-09 20:00,Normal,None,Open Ionian passage heading southwest
2026-09-08 05:48:00,636018000,9498871,AEGEAN MARINER,A8TZ6,Chemical Tanker,8.9,Katakolo / Ionian Islands Approach (Western Greece),Tripoli Commercial Port Approach (Libya),36.744076,19.882743,13.7,229.2,229,0.1,Under way using engine,TRIPOLI,09-09 20:00,Normal,None,Open Ionian passage heading southwest
2026-09-08 05:51:00,636018000,9498871,AEGEAN MARINER,A8TZ6,Chemical Tanker,8.9,Katakolo / Ionian Islands Approach (Western Greece),Tripoli Commercial Port Approach (Libya),36.73664,19.871942,13.7,228.9,229,-0.2,Under way using engine,TRIPOLI,09-09 20:00,Normal,None,Open Ionian passage heading southwest
2026-09-08 05:54:00,636018000,9498871,AEGEAN MARINER,A8TZ6,Chemical Tanker,8.9,Katakolo / Ionian Islands Approach (Western Greece),Tripoli Commercial Port Approach (Libya),36.729212,19.861122,13.7,229.7,230,-0.1,Under way using engine,TRIPOLI,09-09 20:00,Normal,None,Open Ionian passage heading southwest
2026-09-08 05:57:00,636018000,9498871,AEGEAN MARINER,A8TZ6,Chemical Tanker,8.9,Katakolo / Ionian Islands Approach (Western Greece),Tripoli Commercial Port Approach (Libya),36.721845,19.850262,13.7,229.7,230,0.1,Under way using engine,TRIPOLI,09-09 20:00,Normal,None,Open Ionian passage heading southwest
2026-09-08 06:00:00,636018000,9498871,AEGEAN MARINER,A8TZ6,Chemical Tanker,8.9,Katakolo / Ionian Islands Approach (Western Greece),Tripoli Commercial Port Approach (Libya),36.714421,19.839508,13.5,229.2,229,-0.1,Under way using engine,TRIPOLI,09-09 20:00,Irregular Path Deviation,High,"Abrupt 75 deg course alteration to starboard, departing commercial shipping fairway"
2026-09-08 06:03:00,636018000,9498871,AEGEAN MARINER,A8TZ6,Chemical Tanker,8.9,Katakolo / Ionian Islands Approach (Western Greece),Tripoli Commercial Port Approach (Libya),36.70779,19.828995,12.4,234.2,234,2.1,Under way using engine,TRIPOLI,09-09 20:00,Irregular Path Deviation,High,"Abrupt 75 deg course alteration to starboard, departing commercial shipping fairway"
2026-09-08 06:06:00,636018000,9498871,AEGEAN MARINER,A8TZ6,Chemical Tanker,8.9,Katakolo / Ionian Islands Approach (Western Greece),Tripoli Commercial Port Approach (Libya),36.702466,19.818677,11.4,239.4,240,1.6,Under way using engine,TRIPOLI,09-09 20:00,Irregular Path Deviation,High,"Abrupt 75 deg course alteration to starboard, departing commercial shipping fairway"
2026-09-08 06:09:00,636018000,9498871,AEGEAN MARINER,A8TZ6,Chemical Tanker,8.9,Katakolo / Ionian Islands Approach (Western Greece),Tripoli Commercial Port Approach (Libya),36.698204,19.808481,11.0,244.7,245,1.5,Under way using engine,TRIPOLI,09-09 20:00,Irregular Path Deviation,High,"Abrupt 75 deg course alteration to starboard, departing commercial shipping fairway"
2026-09-08 06:12:00,636018000,9498871,AEGEAN MARINER,A8TZ6,Chemical Tanker,8.9,Katakolo / Ionian Islands Approach (Western Greece),Tripoli Commercial Port Approach (Libya),36.694579,19.797917,11.1,248.0,248,1.6,Under way using engine,TRIPOLI,09-09 20:00,Irregular Path Deviation,High,"Abrupt 75 deg course alteration to starboard, departing commercial shipping fairway"
2026-09-08 06:15:00,636018000,9498871,AEGEAN MARINER,A8TZ6,Chemical Tanker,8.9,Katakolo / Ionian Islands Approach (Western Greece),Tripoli Commercial Port Approach (Libya),36.691637,19.787062,11.1,253.5,254,1.5,Under way using engine,TRIPOLI,09-09 20:00,Irregular Path Deviation,High,"Abrupt 75 deg course alteration to starboard, departing commercial shipping fairway"
2026-09-08 06:18:00,636018000,9498871,AEGEAN MARINER,A8TZ6,Chemical Tanker,8.9,Katakolo / Ionian Islands Approach (Western Greece),Tripoli Commercial Port Approach (Libya),36.689486,19.77593,11.1,258.4,258,1.4,Under way using engine,TRIPOLI,09-09 20:00,Irregular Path Deviation,High,"Abrupt 75 deg course alteration to starboard, departing commercial shipping fairway"
2026-09-08 06:21:00,636018000,9498871,AEGEAN MARINER,A8TZ6,Chemical Tanker,8.9,Katakolo / Ionian Islands Approach (Western Greece),Tripoli Commercial Port Approach (Libya),36.688042,19.764632,11.0,262.6,262,1.5,Under way using engine,TRIPOLI,09-09 20:00,Irregular Path Deviation,High,"Abrupt 75 deg course alteration to starboard, departing commercial shipping fairway"
2026-09-08 06:24:00,636018000,9498871,AEGEAN MARINER,A8TZ6,Chemical Tanker,8.9,Katakolo / Ionian Islands Approach (Western Greece),Tripoli Commercial Port Approach (Libya),36.687221,19.753225,11.0,266.6,266,1.3,Under way using engine,TRIPOLI,09-09 20:00,Irregular Path Deviation,High,"Abrupt 75 deg course alteration to starboard, departing commercial shipping fairway"
2026-09-08 06:27:00,636018000,9498871,AEGEAN MARINER,A8TZ6,Chemical Tanker,8.9,Katakolo / Ionian Islands Approach (Western Greece),Tripoli Commercial Port Approach (Libya),36.687069,19.741791,11.0,271.1,271,1.5,Under way using engine,TRIPOLI,09-09 20:00,Irregular Path Deviation,High,"Abrupt 75 deg course alteration to starboard, departing commercial shipping fairway"
2026-09-08 06:30:00,636018000,9498871,AEGEAN MARINER,A8TZ6,Chemical Tanker,8.9,Katakolo / Ionian Islands Approach (Western Greece),Tripoli Commercial Port Approach (Libya),36.687727,19.730374,11.0,275.8,275,1.4,Under way using engine,TRIPOLI,09-09 20:00,Irregular Path Deviation,High,"Abrupt 75 deg course alteration to starboard, departing commercial shipping fairway"
2026-09-08 06:33:00,636018000,9498871,AEGEAN MARINER,A8TZ6,Chemical Tanker,8.9,Katakolo / Ionian Islands Approach (Western Greece),Tripoli Commercial Port Approach (Libya),36.68904,19.719051,11.0,280.4,280,1.3,Under way using engine,TRIPOLI,09-09 20:00,Irregular Path Deviation,High,"Abrupt 75 deg course alteration to starboard, departing commercial shipping fairway"
2026-09-08 06:36:00,636018000,9498871,AEGEAN MARINER,A8TZ6,Chemical Tanker,8.9,Katakolo / Ionian Islands Approach (Western Greece),Tripoli Commercial Port Approach (Libya),36.691028,19.707879,11.0,284.0,284,1.5,Under way using engine,TRIPOLI,09-09 20:00,Irregular Path Deviation,High,"Abrupt 75 deg course alteration to starboard, departing commercial shipping fairway"
2026-09-08 06:39:00,636018000,9498871,AEGEAN MARINER,A8TZ6,Chemical Tanker,8.9,Katakolo / Ionian Islands Approach (Western Greece),Tripoli Commercial Port Approach (Libya),36.693625,19.696931,11.0,288.3,288,1.3,Under way using engine,TRIPOLI,09-09 20:00,Irregular Path Deviation,High,"Abrupt 75 deg course alteration to starboard, departing commercial shipping fairway"
2026-09-08 06:42:00,636018000,9498871,AEGEAN MARINER,A8TZ6,Chemical Tanker,8.9,Katakolo / Ionian Islands Approach (Western Greece),Tripoli Commercial Port Approach (Libya),36.696772,19.686218,11.0,291.7,291,1.2,Under way using engine,TRIPOLI,09-09 20:00,Irregular Path Deviation,High,"Abrupt 75 deg course alteration to starboard, departing commercial shipping fairway"
2026-09-08 06:45:00,636018000,9498871,AEGEAN MARINER,A8TZ6,Chemical Tanker,8.9,Katakolo / Ionian Islands Approach (Western Greece),Tripoli Commercial Port Approach (Libya),36.700449,19.675786,10.8,296.3,296,3.3,Restricted manoeuvrability,TRIPOLI,09-09 20:00,Irregular Path Deviation,Critical,Offshore loitering in expansive curvilinear pattern at low speed; cargo tank washing & slop dumping
2026-09-08 06:48:00,636018000,9498871,AEGEAN MARINER,A8TZ6,Chemical Tanker,8.9,Katakolo / Ionian Islands Approach (Western Greece),Tripoli Commercial Port Approach (Libya),36.705039,19.666846,9.8,305.3,304,1.2,Restricted manoeuvrability,TRIPOLI,09-09 20:00,Irregular Path Deviation,Critical,Offshore loitering in expansive curvilinear pattern at low speed; cargo tank washing & slop dumping
2026-09-08 06:51:00,636018000,9498871,AEGEAN MARINER,A8TZ6,Chemical Tanker,8.9,Katakolo / Ionian Islands Approach (Western Greece),Tripoli Commercial Port Approach (Libya),36.70973,19.659348,8.7,310.3,309,1.8,Restricted manoeuvrability,TRIPOLI,09-09 20:00,Irregular Path Deviation,Critical,Offshore loitering in expansive curvilinear pattern at low speed; cargo tank washing & slop dumping
2026-09-08 06:54:00,636018000,9498871,AEGEAN MARINER,A8TZ6,Chemical Tanker,8.9,Katakolo / Ionian Islands Approach (Western Greece),Tripoli Commercial Port Approach (Libya),36.714418,19.653242,7.7,316.3,315,1.6,Restricted manoeuvrability,TRIPOLI,09-09 20:00,Irregular Path Deviation,Critical,Offshore loitering in expansive curvilinear pattern at low speed; cargo tank washing & slop dumping
2026-09-08 06:57:00,636018000,9498871,AEGEAN MARINER,A8TZ6,Chemical Tanker,8.9,Katakolo / Ionian Islands Approach (Western Greece),Tripoli Commercial Port Approach (Libya),36.718986,19.648257,7.3,321.1,320,1.7,Restricted manoeuvrability,TRIPOLI,09-09 20:00,Irregular Path Deviation,Critical,Offshore loitering in expansive curvilinear pattern at low speed; cargo tank washing & slop dumping
2026-09-08 07:00:00,636018000,9498871,AEGEAN MARINER,A8TZ6,Chemical Tanker,8.9,Katakolo / Ionian Islands Approach (Western Greece),Tripoli Commercial Port Approach (Libya),36.723851,19.643753,7.3,324.5,323,1.5,Restricted manoeuvrability,TRIPOLI,09-09 20:00,Irregular Path Deviation,Critical,Offshore loitering in expansive curvilinear pattern at low speed; cargo tank washing & slop dumping
2026-09-08 07:03:00,636018000,9498871,AEGEAN MARINER,A8TZ6,Chemical Tanker,8.9,Katakolo / Ionian Islands Approach (Western Greece),Tripoli Commercial Port Approach (Libya),36.729036,19.639677,7.4,330.8,329,1.8,Restricted manoeuvrability,TRIPOLI,09-09 20:00,Irregular Path Deviation,Critical,Offshore loitering in expansive curvilinear pattern at low speed; cargo tank washing & slop dumping
2026-09-08 07:06:00,636018000,9498871,AEGEAN MARINER,A8TZ6,Chemical Tanker,8.9,Katakolo / Ionian Islands Approach (Western Greece),Tripoli Commercial Port Approach (Libya),36.734577,19.636318,7.4,336.7,335,1.9,Restricted manoeuvrability,TRIPOLI,09-09 20:00,Irregular Path Deviation,Critical,Offshore loitering in expansive curvilinear pattern at low speed; cargo tank washing & slop dumping
2026-09-08 07:09:00,636018000,9498871,AEGEAN MARINER,A8TZ6,Chemical Tanker,8.9,Katakolo / Ionian Islands Approach (Western Greece),Tripoli Commercial Port Approach (Libya),36.740365,19.633591,7.5,340.9,339,1.8,Restricted manoeuvrability,TRIPOLI,09-09 20:00,Irregular Path Deviation,Critical,Offshore loitering in expansive curvilinear pattern at low speed; cargo tank washing & slop dumping
2026-09-08 07:12:00,636018000,9498871,AEGEAN MARINER,A8TZ6,Chemical Tanker,8.9,Katakolo / Ionian Islands Approach (Western Greece),Tripoli Commercial Port Approach (Libya),36.746394,19.631558,7.5,347.3,345,1.3,Restricted manoeuvrability,TRIPOLI,09-09 20:00,Irregular Path Deviation,Critical,Offshore loitering in expansive curvilinear pattern at low speed; cargo tank washing & slop dumping
2026-09-08 07:15:00,636018000,9498871,AEGEAN MARINER,A8TZ6,Chemical Tanker,8.9,Katakolo / Ionian Islands Approach (Western Greece),Tripoli Commercial Port Approach (Libya),36.752546,19.630137,7.6,351.6,350,1.8,Restricted manoeuvrability,TRIPOLI,09-09 20:00,Irregular Path Deviation,Critical,Offshore loitering in expansive curvilinear pattern at low speed; cargo tank washing & slop dumping
2026-09-08 07:18:00,636018000,9498871,AEGEAN MARINER,A8TZ6,Chemical Tanker,8.9,Katakolo / Ionian Islands Approach (Western Greece),Tripoli Commercial Port Approach (Libya),36.758784,19.629397,7.5,356.2,354,1.3,Restricted manoeuvrability,TRIPOLI,09-09 20:00,Irregular Path Deviation,Critical,Offshore loitering in expansive curvilinear pattern at low speed; cargo tank washing & slop dumping
2026-09-08 07:21:00,636018000,9498871,AEGEAN MARINER,A8TZ6,Chemical Tanker,8.9,Katakolo / Ionian Islands Approach (Western Greece),Tripoli Commercial Port Approach (Libya),36.76506,19.629306,7.5,1.0,359,1.6,Restricted manoeuvrability,TRIPOLI,09-09 20:00,Irregular Path Deviation,Critical,Offshore loitering in expansive curvilinear pattern at low speed; cargo tank washing & slop dumping
2026-09-08 07:24:00,636018000,9498871,AEGEAN MARINER,A8TZ6,Chemical Tanker,8.9,Katakolo / Ionian Islands Approach (Western Greece),Tripoli Commercial Port Approach (Libya),36.771322,19.629803,7.5,5.9,4,1.5,Restricted manoeuvrability,TRIPOLI,09-09 20:00,Irregular Path Deviation,Critical,Offshore loitering in expansive curvilinear pattern at low speed; cargo tank washing & slop dumping
2026-09-08 07:27:00,636018000,9498871,AEGEAN MARINER,A8TZ6,Chemical Tanker,8.9,Katakolo / Ionian Islands Approach (Western Greece),Tripoli Commercial Port Approach (Libya),36.777506,19.630975,7.5,10.7,9,1.6,Restricted manoeuvrability,TRIPOLI,09-09 20:00,Irregular Path Deviation,Critical,Offshore loitering in expansive curvilinear pattern at low speed; cargo tank washing & slop dumping
2026-09-08 07:30:00,636018000,9498871,AEGEAN MARINER,A8TZ6,Chemical Tanker,8.9,Katakolo / Ionian Islands Approach (Western Greece),Tripoli Commercial Port Approach (Libya),36.783589,19.632779,7.5,15.3,13,1.5,Restricted manoeuvrability,TRIPOLI,09-09 20:00,Irregular Path Deviation,Critical,Offshore loitering in expansive curvilinear pattern at low speed; cargo tank washing & slop dumping
2026-09-08 07:33:00,636018000,9498871,AEGEAN MARINER,A8TZ6,Chemical Tanker,8.9,Katakolo / Ionian Islands Approach (Western Greece),Tripoli Commercial Port Approach (Libya),36.789518,19.6352,7.5,20.1,18,1.5,Restricted manoeuvrability,TRIPOLI,09-09 20:00,Irregular Path Deviation,Critical,Offshore loitering in expansive curvilinear pattern at low speed; cargo tank washing & slop dumping
2026-09-08 07:36:00,636018000,9498871,AEGEAN MARINER,A8TZ6,Chemical Tanker,8.9,Katakolo / Ionian Islands Approach (Western Greece),Tripoli Commercial Port Approach (Libya),36.795241,19.638199,7.4,24.4,22,1.5,Restricted manoeuvrability,TRIPOLI,09-09 20:00,Irregular Path Deviation,Critical,Offshore loitering in expansive curvilinear pattern at low speed; cargo tank washing & slop dumping
2026-09-08 07:39:00,636018000,9498871,AEGEAN MARINER,A8TZ6,Chemical Tanker,8.9,Katakolo / Ionian Islands Approach (Western Greece),Tripoli Commercial Port Approach (Libya),36.800779,19.641665,7.4,28.6,26,1.6,Restricted manoeuvrability,TRIPOLI,09-09 20:00,Irregular Path Deviation,Critical,Offshore loitering in expansive curvilinear pattern at low speed; cargo tank washing & slop dumping
2026-09-08 07:42:00,636018000,9498871,AEGEAN MARINER,A8TZ6,Chemical Tanker,8.9,Katakolo / Ionian Islands Approach (Western Greece),Tripoli Commercial Port Approach (Libya),36.806028,19.645654,7.4,33.1,31,1.5,Restricted manoeuvrability,TRIPOLI,09-09 20:00,Irregular Path Deviation,Critical,Offshore loitering in expansive curvilinear pattern at low speed; cargo tank washing & slop dumping
2026-09-08 07:45:00,636018000,9498871,AEGEAN MARINER,A8TZ6,Chemical Tanker,8.9,Katakolo / Ionian Islands Approach (Western Greece),Tripoli Commercial Port Approach (Libya),36.811,19.650154,7.3,38.2,36,1.5,Restricted manoeuvrability,TRIPOLI,09-09 20:00,Irregular Path Deviation,Critical,Offshore loitering in expansive curvilinear pattern at low speed; cargo tank washing & slop dumping
2026-09-08 07:48:00,636018000,9498871,AEGEAN MARINER,A8TZ6,Chemical Tanker,8.9,Katakolo / Ionian Islands Approach (Western Greece),Tripoli Commercial Port Approach (Libya),36.815646,19.655083,7.3,42.2,40,1.5,Restricted manoeuvrability,TRIPOLI,09-09 20:00,Irregular Path Deviation,Critical,Offshore loitering in expansive curvilinear pattern at low speed; cargo tank washing & slop dumping
2026-09-08 07:51:00,636018000,9498871,AEGEAN MARINER,A8TZ6,Chemical Tanker,8.9,Katakolo / Ionian Islands Approach (Western Greece),Tripoli Commercial Port Approach (Libya),36.820005,19.660346,7.2,45.5,44,1.5,Restricted manoeuvrability,TRIPOLI,09-09 20:00,Irregular Path Deviation,Critical,Offshore loitering in expansive curvilinear pattern at low speed; cargo tank washing & slop dumping
2026-09-08 07:54:00,636018000,9498871,AEGEAN MARINER,A8TZ6,Chemical Tanker,8.9,Katakolo / Ionian Islands Approach (Western Greece),Tripoli Commercial Port Approach (Libya),36.824011,19.665971,7.2,49.7,48,1.1,Restricted manoeuvrability,TRIPOLI,09-09 20:00,Irregular Path Deviation,Critical,Offshore loitering in expansive curvilinear pattern at low speed; cargo tank washing & slop dumping
2026-09-08 07:57:00,636018000,9498871,AEGEAN MARINER,A8TZ6,Chemical Tanker,8.9,Katakolo / Ionian Islands Approach (Western Greece),Tripoli Commercial Port Approach (Libya),36.827704,19.671839,7.2,54.0,52,1.5,Restricted manoeuvrability,TRIPOLI,09-09 20:00,Irregular Path Deviation,Critical,Offshore loitering in expansive curvilinear pattern at low speed; cargo tank washing & slop dumping
2026-09-08 08:00:00,636018000,9498871,AEGEAN MARINER,A8TZ6,Chemical Tanker,8.9,Katakolo / Ionian Islands Approach (Western Greece),Tripoli Commercial Port Approach (Libya),36.830976,19.678011,7.2,58.2,56,1.4,Restricted manoeuvrability,TRIPOLI,09-09 20:00,Irregular Path Deviation,Critical,Offshore loitering in expansive curvilinear pattern at low speed; cargo tank washing & slop dumping
2026-09-08 08:03:00,636018000,9498871,AEGEAN MARINER,A8TZ6,Chemical Tanker,8.9,Katakolo / Ionian Islands Approach (Western Greece),Tripoli Commercial Port Approach (Libya),36.833877,19.684425,7.1,62.4,61,1.3,Restricted manoeuvrability,TRIPOLI,09-09 20:00,Irregular Path Deviation,Critical,Offshore loitering in expansive curvilinear pattern at low speed; cargo tank washing & slop dumping
2026-09-08 08:06:00,636018000,9498871,AEGEAN MARINER,A8TZ6,Chemical Tanker,8.9,Katakolo / Ionian Islands Approach (Western Greece),Tripoli Commercial Port Approach (Libya),36.836316,19.691106,7.1,66.9,65,1.2,Restricted manoeuvrability,TRIPOLI,09-09 20:00,Irregular Path Deviation,Critical,Offshore loitering in expansive curvilinear pattern at low speed; cargo tank washing & slop dumping
2026-09-08 08:09:00,636018000,9498871,AEGEAN MARINER,A8TZ6,Chemical Tanker,8.9,Katakolo / Ionian Islands Approach (Western Greece),Tripoli Commercial Port Approach (Libya),36.838472,19.697926,7.0,69.7,68,1.3,Restricted manoeuvrability,TRIPOLI,09-09 20:00,Irregular Path Deviation,Critical,Offshore loitering in expansive curvilinear pattern at low speed; cargo tank washing & slop dumping
2026-09-08 08:12:00,636018000,9498871,AEGEAN MARINER,A8TZ6,Chemical Tanker,8.9,Katakolo / Ionian Islands Approach (Western Greece),Tripoli Commercial Port Approach (Libya),36.840211,19.704882,7.0,74.4,73,1.2,Restricted manoeuvrability,TRIPOLI,09-09 20:00,Irregular Path Deviation,Critical,Offshore loitering in expansive curvilinear pattern at low speed; cargo tank washing & slop dumping
2026-09-08 08:15:00,636018000,9498871,AEGEAN MARINER,A8TZ6,Chemical Tanker,8.9,Katakolo / Ionian Islands Approach (Western Greece),Tripoli Commercial Port Approach (Libya),36.841579,19.711933,7.0,77.8,76,1.4,Restricted manoeuvrability,TRIPOLI,09-09 20:00,Irregular Path Deviation,Critical,Offshore loitering in expansive curvilinear pattern at low speed; cargo tank washing & slop dumping
2026-09-08 08:18:00,636018000,9498871,AEGEAN MARINER,A8TZ6,Chemical Tanker,8.9,Katakolo / Ionian Islands Approach (Western Greece),Tripoli Commercial Port Approach (Libya),36.842656,19.719078,7.0,81.0,80,1.3,Restricted manoeuvrability,TRIPOLI,09-09 20:00,Irregular Path Deviation,Critical,Offshore loitering in expansive curvilinear pattern at low speed; cargo tank washing & slop dumping
2026-09-08 08:21:00,636018000,9498871,AEGEAN MARINER,A8TZ6,Chemical Tanker,8.9,Katakolo / Ionian Islands Approach (Western Greece),Tripoli Commercial Port Approach (Libya),36.843376,19.726308,7.0,84.1,83,1.1,Restricted manoeuvrability,TRIPOLI,09-09 20:00,Irregular Path Deviation,Critical,Offshore loitering in expansive curvilinear pattern at low speed; cargo tank washing & slop dumping
2026-09-08 08:24:00,636018000,9498871,AEGEAN MARINER,A8TZ6,Chemical Tanker,8.9,Katakolo / Ionian Islands Approach (Western Greece),Tripoli Commercial Port Approach (Libya),36.843726,19.733586,7.0,88.0,87,1.2,Restricted manoeuvrability,TRIPOLI,09-09 20:00,Irregular Path Deviation,Critical,Offshore loitering in expansive curvilinear pattern at low speed; cargo tank washing & slop dumping
2026-09-08 08:27:00,636018000,9498871,AEGEAN MARINER,A8TZ6,Chemical Tanker,8.9,Katakolo / Ionian Islands Approach (Western Greece),Tripoli Commercial Port Approach (Libya),36.843671,19.740896,7.0,92.1,91,1.2,Restricted manoeuvrability,TRIPOLI,09-09 20:00,Irregular Path Deviation,Critical,Offshore loitering in expansive curvilinear pattern at low speed; cargo tank washing & slop dumping
2026-09-08 08:30:00,636018000,9498871,AEGEAN MARINER,A8TZ6,Chemical Tanker,8.9,Katakolo / Ionian Islands Approach (Western Greece),Tripoli Commercial Port Approach (Libya),36.843293,19.748194,7.0,95.1,94,1.3,Restricted manoeuvrability,TRIPOLI,09-09 20:00,Irregular Path Deviation,Critical,Offshore loitering in expansive curvilinear pattern at low speed; cargo tank washing & slop dumping
2026-09-08 08:33:00,636018000,9498871,AEGEAN MARINER,A8TZ6,Chemical Tanker,8.9,Katakolo / Ionian Islands Approach (Western Greece),Tripoli Commercial Port Approach (Libya),36.842517,19.755471,7.1,98.8,98,1.0,Restricted manoeuvrability,TRIPOLI,09-09 20:00,Irregular Path Deviation,Critical,Offshore loitering in expansive curvilinear pattern at low speed; cargo tank washing & slop dumping
2026-09-08 08:36:00,636018000,9498871,AEGEAN MARINER,A8TZ6,Chemical Tanker,8.9,Katakolo / Ionian Islands Approach (Western Greece),Tripoli Commercial Port Approach (Libya),36.841464,19.762742,7.1,102.3,102,1.2,Restricted manoeuvrability,TRIPOLI,09-09 20:00,Irregular Path Deviation,Critical,Offshore loitering in expansive curvilinear pattern at low speed; cargo tank washing & slop dumping
2026-09-08 08:39:00,636018000,9498871,AEGEAN MARINER,A8TZ6,Chemical Tanker,8.9,Katakolo / Ionian Islands Approach (Western Greece),Tripoli Commercial Port Approach (Libya),36.840095,19.769984,7.2,104.0,103,1.2,Restricted manoeuvrability,TRIPOLI,09-09 20:00,Irregular Path Deviation,Critical,Offshore loitering in expansive curvilinear pattern at low speed; cargo tank washing & slop dumping
2026-09-08 08:42:00,636018000,9498871,AEGEAN MARINER,A8TZ6,Chemical Tanker,8.9,Katakolo / Ionian Islands Approach (Western Greece),Tripoli Commercial Port Approach (Libya),36.838491,19.777184,7.2,106.5,106,1.0,Restricted manoeuvrability,TRIPOLI,09-09 20:00,Irregular Path Deviation,Critical,Offshore loitering in expansive curvilinear pattern at low speed; cargo tank washing & slop dumping
2026-09-08 08:45:00,636018000,9498871,AEGEAN MARINER,A8TZ6,Chemical Tanker,8.9,Katakolo / Ionian Islands Approach (Western Greece),Tripoli Commercial Port Approach (Libya),36.836527,19.784301,7.3,110.9,110,1.1,Restricted manoeuvrability,TRIPOLI,09-09 20:00,Irregular Path Deviation,Critical,Offshore loitering in expansive curvilinear pattern at low speed; cargo tank washing & slop dumping
2026-09-08 08:48:00,636018000,9498871,AEGEAN MARINER,A8TZ6,Chemical Tanker,8.9,Katakolo / Ionian Islands Approach (Western Greece),Tripoli Commercial Port Approach (Libya),36.834116,19.79128,7.3,115.1,115,1.0,Restricted manoeuvrability,TRIPOLI,09-09 20:00,Irregular Path Deviation,Critical,Offshore loitering in expansive curvilinear pattern at low speed; cargo tank washing & slop dumping
2026-09-08 08:51:00,636018000,9498871,AEGEAN MARINER,A8TZ6,Chemical Tanker,8.9,Katakolo / Ionian Islands Approach (Western Greece),Tripoli Commercial Port Approach (Libya),36.831446,19.798139,7.4,116.6,116,1.2,Restricted manoeuvrability,TRIPOLI,09-09 20:00,Irregular Path Deviation,Critical,Offshore loitering in expansive curvilinear pattern at low speed; cargo tank washing & slop dumping
2026-09-08 08:54:00,636018000,9498871,AEGEAN MARINER,A8TZ6,Chemical Tanker,8.9,Katakolo / Ionian Islands Approach (Western Greece),Tripoli Commercial Port Approach (Libya),36.828468,19.804841,7.4,120.6,120,1.0,Restricted manoeuvrability,TRIPOLI,09-09 20:00,Irregular Path Deviation,Critical,Offshore loitering in expansive curvilinear pattern at low speed; cargo tank washing & slop dumping
2026-09-08 08:57:00,636018000,9498871,AEGEAN MARINER,A8TZ6,Chemical Tanker,8.9,Katakolo / Ionian Islands Approach (Western Greece),Tripoli Commercial Port Approach (Libya),36.825043,19.811333,7.5,124.6,125,1.0,Restricted manoeuvrability,TRIPOLI,09-09 20:00,Irregular Path Deviation,Critical,Offshore loitering in expansive curvilinear pattern at low speed; cargo tank washing & slop dumping
2026-09-08 09:00:00,636018000,9498871,AEGEAN MARINER,A8TZ6,Chemical Tanker,8.9,Katakolo / Ionian Islands Approach (Western Greece),Tripoli Commercial Port Approach (Libya),36.821287,19.817588,7.5,128.3,128,1.2,Restricted manoeuvrability,TRIPOLI,09-09 20:00,Irregular Path Deviation,Critical,Offshore loitering in expansive curvilinear pattern at low speed; cargo tank washing & slop dumping
2026-09-08 09:03:00,636018000,9498871,AEGEAN MARINER,A8TZ6,Chemical Tanker,8.9,Katakolo / Ionian Islands Approach (Western Greece),Tripoli Commercial Port Approach (Libya),36.817211,19.823576,7.6,131.4,132,1.1,Restricted manoeuvrability,TRIPOLI,09-09 20:00,Irregular Path Deviation,Critical,Offshore loitering in expansive curvilinear pattern at low speed; cargo tank washing & slop dumping
2026-09-08 09:06:00,636018000,9498871,AEGEAN MARINER,A8TZ6,Chemical Tanker,8.9,Katakolo / Ionian Islands Approach (Western Greece),Tripoli Commercial Port Approach (Libya),36.812857,19.829299,7.6,135.1,135,1.1,Restricted manoeuvrability,TRIPOLI,09-09 20:00,Irregular Path Deviation,Critical,Offshore loitering in expansive curvilinear pattern at low speed; cargo tank washing & slop dumping
2026-09-08 09:09:00,636018000,9498871,AEGEAN MARINER,A8TZ6,Chemical Tanker,8.9,Katakolo / Ionian Islands Approach (Western Greece),Tripoli Commercial Port Approach (Libya),36.808201,19.834698,7.6,138.6,139,1.1,Restricted manoeuvrability,TRIPOLI,09-09 20:00,Irregular Path Deviation,Critical,Offshore loitering in expansive curvilinear pattern at low speed; cargo tank washing & slop dumping
2026-09-08 09:12:00,636018000,9498871,AEGEAN MARINER,A8TZ6,Chemical Tanker,8.9,Katakolo / Ionian Islands Approach (Western Greece),Tripoli Commercial Port Approach (Libya),36.803274,19.839787,7.7,142.1,142,1.1,Restricted manoeuvrability,TRIPOLI,09-09 20:00,Irregular Path Deviation,Critical,Offshore loitering in expansive curvilinear pattern at low speed; cargo tank washing & slop dumping
2026-09-08 09:15:00,636018000,9498871,AEGEAN MARINER,A8TZ6,Chemical Tanker,8.9,Katakolo / Ionian Islands Approach (Western Greece),Tripoli Commercial Port Approach (Libya),36.798078,19.844503,7.7,145.2,146,1.1,Restricted manoeuvrability,TRIPOLI,09-09 20:00,Irregular Path Deviation,Critical,Offshore loitering in expansive curvilinear pattern at low speed; cargo tank washing & slop dumping
2026-09-08 09:18:00,636018000,9498871,AEGEAN MARINER,A8TZ6,Chemical Tanker,8.9,Katakolo / Ionian Islands Approach (Western Greece),Tripoli Commercial Port Approach (Libya),36.792723,19.848917,7.7,147.9,148,1.2,Restricted manoeuvrability,TRIPOLI,09-09 20:00,Irregular Path Deviation,Critical,Offshore loitering in expansive curvilinear pattern at low speed; cargo tank washing & slop dumping
2026-09-08 09:21:00,636018000,9498871,AEGEAN MARINER,A8TZ6,Chemical Tanker,8.9,Katakolo / Ionian Islands Approach (Western Greece),Tripoli Commercial Port Approach (Libya),36.787148,19.852965,7.7,151.1,152,1.2,Restricted manoeuvrability,TRIPOLI,09-09 20:00,Irregular Path Deviation,Critical,Offshore loitering in expansive curvilinear pattern at low speed; cargo tank washing & slop dumping
2026-09-08 09:24:00,636018000,9498871,AEGEAN MARINER,A8TZ6,Chemical Tanker,8.9,Katakolo / Ionian Islands Approach (Western Greece),Tripoli Commercial Port Approach (Libya),36.781394,19.856515,7.7,154.7,155,1.2,Restricted manoeuvrability,TRIPOLI,09-09 20:00,Irregular Path Deviation,Critical,Offshore loitering in expansive curvilinear pattern at low speed; cargo tank washing & slop dumping
2026-09-08 09:27:00,636018000,9498871,AEGEAN MARINER,A8TZ6,Chemical Tanker,8.9,Katakolo / Ionian Islands Approach (Western Greece),Tripoli Commercial Port Approach (Libya),36.775472,19.85972,7.8,157.6,158,1.3,Restricted manoeuvrability,TRIPOLI,09-09 20:00,Irregular Path Deviation,Critical,Offshore loitering in expansive curvilinear pattern at low speed; cargo tank washing & slop dumping
2026-09-08 09:30:00,636018000,9498871,AEGEAN MARINER,A8TZ6,Chemical Tanker,8.9,Katakolo / Ionian Islands Approach (Western Greece),Tripoli Commercial Port Approach (Libya),36.769473,19.86252,7.6,161.1,162,1.2,Restricted manoeuvrability,TRIPOLI,09-09 20:00,Irregular Path Deviation,Critical,Offshore loitering in expansive curvilinear pattern at low speed; cargo tank washing & slop dumping
2026-09-08 09:33:00,636018000,9498871,AEGEAN MARINER,A8TZ6,Chemical Tanker,8.9,Katakolo / Ionian Islands Approach (Western Greece),Tripoli Commercial Port Approach (Libya),36.763337,19.864763,7.7,165.8,167,1.2,Restricted manoeuvrability,TRIPOLI,09-09 20:00,Irregular Path Deviation,Critical,Offshore loitering in expansive curvilinear pattern at low speed; cargo tank washing & slop dumping
2026-09-08 09:36:00,636018000,9498871,AEGEAN MARINER,A8TZ6,Chemical Tanker,8.9,Katakolo / Ionian Islands Approach (Western Greece),Tripoli Commercial Port Approach (Libya),36.757106,19.866485,7.6,168.8,170,1.3,Restricted manoeuvrability,TRIPOLI,09-09 20:00,Irregular Path Deviation,Critical,Offshore loitering in expansive curvilinear pattern at low speed; cargo tank washing & slop dumping
2026-09-08 09:39:00,636018000,9498871,AEGEAN MARINER,A8TZ6,Chemical Tanker,8.9,Katakolo / Ionian Islands Approach (Western Greece),Tripoli Commercial Port Approach (Libya),36.750865,19.867739,7.6,172.8,174,1.5,Restricted manoeuvrability,TRIPOLI,09-09 20:00,Irregular Path Deviation,Critical,Offshore loitering in expansive curvilinear pattern at low speed; cargo tank washing & slop dumping
2026-09-08 09:42:00,636018000,9498871,AEGEAN MARINER,A8TZ6,Chemical Tanker,8.9,Katakolo / Ionian Islands Approach (Western Greece),Tripoli Commercial Port Approach (Libya),36.744589,19.868398,7.6,176.6,178,1.2,Restricted manoeuvrability,TRIPOLI,09-09 20:00,Irregular Path Deviation,Critical,Offshore loitering in expansive curvilinear pattern at low speed; cargo tank washing & slop dumping
2026-09-08 09:45:00,636018000,9498871,AEGEAN MARINER,A8TZ6,Chemical Tanker,8.9,Katakolo / Ionian Islands Approach (Western Greece),Tripoli Commercial Port Approach (Libya),36.738343,19.8685,7.5,180.8,182,1.2,Restricted manoeuvrability,TRIPOLI,09-09 20:00,Irregular Path Deviation,Critical,Offshore loitering in expansive curvilinear pattern at low speed; cargo tank washing & slop dumping
2026-09-08 09:48:00,636018000,9498871,AEGEAN MARINER,A8TZ6,Chemical Tanker,8.9,Katakolo / Ionian Islands Approach (Western Greece),Tripoli Commercial Port Approach (Libya),36.732155,19.868164,7.4,183.8,185,1.2,Restricted manoeuvrability,TRIPOLI,09-09 20:00,Irregular Path Deviation,Critical,Offshore loitering in expansive curvilinear pattern at low speed; cargo tank washing & slop dumping
2026-09-08 09:51:00,636018000,9498871,AEGEAN MARINER,A8TZ6,Chemical Tanker,8.9,Katakolo / Ionian Islands Approach (Western Greece),Tripoli Commercial Port Approach (Libya),36.726073,19.867208,7.3,189.2,190,1.3,Restricted manoeuvrability,TRIPOLI,09-09 20:00,Irregular Path Deviation,Critical,Offshore loitering in expansive curvilinear pattern at low speed; cargo tank washing & slop dumping
2026-09-08 09:54:00,636018000,9498871,AEGEAN MARINER,A8TZ6,Chemical Tanker,8.9,Katakolo / Ionian Islands Approach (Western Greece),Tripoli Commercial Port Approach (Libya),36.720118,19.865773,7.2,192.1,193,1.4,Restricted manoeuvrability,TRIPOLI,09-09 20:00,Irregular Path Deviation,Critical,Offshore loitering in expansive curvilinear pattern at low speed; cargo tank washing & slop dumping
2026-09-08 09:57:00,636018000,9498871,AEGEAN MARINER,A8TZ6,Chemical Tanker,8.9,Katakolo / Ionian Islands Approach (Western Greece),Tripoli Commercial Port Approach (Libya),36.714317,19.863845,7.2,196.9,198,1.5,Restricted manoeuvrability,TRIPOLI,09-09 20:00,Irregular Path Deviation,Critical,Offshore loitering in expansive curvilinear pattern at low speed; cargo tank washing & slop dumping
2026-09-08 10:00:00,636018000,9498871,AEGEAN MARINER,A8TZ6,Chemical Tanker,8.9,Katakolo / Ionian Islands Approach (Western Greece),Tripoli Commercial Port Approach (Libya),36.708747,19.861323,7.1,202.0,203,1.4,Restricted manoeuvrability,TRIPOLI,09-09 20:00,Irregular Path Deviation,Critical,Offshore loitering in expansive curvilinear pattern at low speed; cargo tank washing & slop dumping
2026-09-08 10:03:00,636018000,9498871,AEGEAN MARINER,A8TZ6,Chemical Tanker,8.9,Katakolo / Ionian Islands Approach (Western Greece),Tripoli Commercial Port Approach (Libya),36.703369,19.858324,7.1,205.9,207,1.5,Restricted manoeuvrability,TRIPOLI,09-09 20:00,Irregular Path Deviation,Critical,Offshore loitering in expansive curvilinear pattern at low speed; cargo tank washing & slop dumping
2026-09-08 10:06:00,636018000,9498871,AEGEAN MARINER,A8TZ6,Chemical Tanker,8.9,Katakolo / Ionian Islands Approach (Western Greece),Tripoli Commercial Port Approach (Libya),36.698221,19.854876,7.0,210.1,211,1.5,Restricted manoeuvrability,TRIPOLI,09-09 20:00,Irregular Path Deviation,Critical,Offshore loitering in expansive curvilinear pattern at low speed; cargo tank washing & slop dumping
2026-09-08 10:09:00,636018000,9498871,AEGEAN MARINER,A8TZ6,Chemical Tanker,8.9,Katakolo / Ionian Islands Approach (Western Greece),Tripoli Commercial Port Approach (Libya),36.693327,19.851027,6.9,214.1,215,1.8,Restricted manoeuvrability,TRIPOLI,09-09 20:00,Irregular Path Deviation,Critical,Offshore loitering in expansive curvilinear pattern at low speed; cargo tank washing & slop dumping
2026-09-08 10:12:00,636018000,9498871,AEGEAN MARINER,A8TZ6,Chemical Tanker,8.9,Katakolo / Ionian Islands Approach (Western Greece),Tripoli Commercial Port Approach (Libya),36.688751,19.846754,6.9,219.2,220,1.6,Restricted manoeuvrability,TRIPOLI,09-09 20:00,Irregular Path Deviation,Critical,Offshore loitering in expansive curvilinear pattern at low speed; cargo tank washing & slop dumping
2026-09-08 10:15:00,636018000,9498871,AEGEAN MARINER,A8TZ6,Chemical Tanker,8.9,Katakolo / Ionian Islands Approach (Western Greece),Tripoli Commercial Port Approach (Libya),36.68453,19.841971,6.9,223.8,225,1.4,Restricted manoeuvrability,TRIPOLI,09-09 20:00,Irregular Path Deviation,Critical,Offshore loitering in expansive curvilinear pattern at low speed; cargo tank washing & slop dumping
2026-09-08 10:18:00,636018000,9498871,AEGEAN MARINER,A8TZ6,Chemical Tanker,8.9,Katakolo / Ionian Islands Approach (Western Greece),Tripoli Commercial Port Approach (Libya),36.68066,19.836851,6.8,228.5,229,1.6,Restricted manoeuvrability,TRIPOLI,09-09 20:00,Irregular Path Deviation,Critical,Offshore loitering in expansive curvilinear pattern at low speed; cargo tank washing & slop dumping
2026-09-08 10:21:00,636018000,9498871,AEGEAN MARINER,A8TZ6,Chemical Tanker,8.9,Katakolo / Ionian Islands Approach (Western Greece),Tripoli Commercial Port Approach (Libya),36.677135,19.831448,6.7,232.6,233,1.7,Restricted manoeuvrability,TRIPOLI,09-09 20:00,Irregular Path Deviation,Critical,Offshore loitering in expansive curvilinear pattern at low speed; cargo tank washing & slop dumping
2026-09-08 10:24:00,636018000,9498871,AEGEAN MARINER,A8TZ6,Chemical Tanker,8.9,Katakolo / Ionian Islands Approach (Western Greece),Tripoli Commercial Port Approach (Libya),36.674042,19.825673,6.7,238.5,239,1.5,Restricted manoeuvrability,TRIPOLI,09-09 20:00,Irregular Path Deviation,Critical,Offshore loitering in expansive curvilinear pattern at low speed; cargo tank washing & slop dumping
2026-09-08 10:27:00,636018000,9498871,AEGEAN MARINER,A8TZ6,Chemical Tanker,8.9,Katakolo / Ionian Islands Approach (Western Greece),Tripoli Commercial Port Approach (Libya),36.67135,19.819632,6.7,243.2,244,1.6,Restricted manoeuvrability,TRIPOLI,09-09 20:00,Irregular Path Deviation,Critical,Offshore loitering in expansive curvilinear pattern at low speed; cargo tank washing & slop dumping
2026-09-08 10:30:00,636018000,9498871,AEGEAN MARINER,A8TZ6,Chemical Tanker,8.9,Katakolo / Ionian Islands Approach (Western Greece),Tripoli Commercial Port Approach (Libya),36.669123,19.813337,6.7,248.5,249,1.6,Restricted manoeuvrability,TRIPOLI,09-09 20:00,Irregular Path Deviation,Critical,Offshore loitering in expansive curvilinear pattern at low speed; cargo tank washing & slop dumping
2026-09-08 10:33:00,636018000,9498871,AEGEAN MARINER,A8TZ6,Chemical Tanker,8.9,Katakolo / Ionian Islands Approach (Western Greece),Tripoli Commercial Port Approach (Libya),36.667415,19.806801,6.6,253.7,254,1.7,Restricted manoeuvrability,TRIPOLI,09-09 20:00,Irregular Path Deviation,Critical,Offshore loitering in expansive curvilinear pattern at low speed; cargo tank washing & slop dumping
2026-09-08 10:36:00,636018000,9498871,AEGEAN MARINER,A8TZ6,Chemical Tanker,8.9,Katakolo / Ionian Islands Approach (Western Greece),Tripoli Commercial Port Approach (Libya),36.666077,19.800098,6.7,257.9,258,1.4,Restricted manoeuvrability,TRIPOLI,09-09 20:00,Irregular Path Deviation,Critical,Offshore loitering in expansive curvilinear pattern at low speed; cargo tank washing & slop dumping
2026-09-08 10:39:00,636018000,9498871,AEGEAN MARINER,A8TZ6,Chemical Tanker,8.9,Katakolo / Ionian Islands Approach (Western Greece),Tripoli Commercial Port Approach (Libya),36.665282,19.793251,6.6,264.3,264,1.8,Restricted manoeuvrability,TRIPOLI,09-09 20:00,Irregular Path Deviation,Critical,Offshore loitering in expansive curvilinear pattern at low speed; cargo tank washing & slop dumping
2026-09-08 10:42:00,636018000,9498871,AEGEAN MARINER,A8TZ6,Chemical Tanker,8.9,Katakolo / Ionian Islands Approach (Western Greece),Tripoli Commercial Port Approach (Libya),36.664994,19.786325,6.7,268.7,269,1.5,Restricted manoeuvrability,TRIPOLI,09-09 20:00,Irregular Path Deviation,Critical,Offshore loitering in expansive curvilinear pattern at low speed; cargo tank washing & slop dumping
2026-09-08 10:45:00,636018000,9498871,AEGEAN MARINER,A8TZ6,Chemical Tanker,8.9,Katakolo / Ionian Islands Approach (Western Greece),Tripoli Commercial Port Approach (Libya),36.665178,19.779347,6.7,274.3,274,1.9,Restricted manoeuvrability,TRIPOLI,09-09 20:00,Irregular Path Deviation,Critical,Offshore loitering in expansive curvilinear pattern at low speed; cargo tank washing & slop dumping
2026-09-08 10:48:00,636018000,9498871,AEGEAN MARINER,A8TZ6,Chemical Tanker,8.9,Katakolo / Ionian Islands Approach (Western Greece),Tripoli Commercial Port Approach (Libya),36.665887,19.772411,6.7,279.5,279,1.7,Restricted manoeuvrability,TRIPOLI,09-09 20:00,Irregular Path Deviation,Critical,Offshore loitering in expansive curvilinear pattern at low speed; cargo tank washing & slop dumping
2026-09-08 10:51:00,636018000,9498871,AEGEAN MARINER,A8TZ6,Chemical Tanker,8.9,Katakolo / Ionian Islands Approach (Western Greece),Tripoli Commercial Port Approach (Libya),36.667095,19.765517,6.8,285.0,284,1.6,Restricted manoeuvrability,TRIPOLI,09-09 20:00,Irregular Path Deviation,Critical,Offshore loitering in expansive curvilinear pattern at low speed; cargo tank washing & slop dumping
2026-09-08 10:54:00,636018000,9498871,AEGEAN MARINER,A8TZ6,Chemical Tanker,8.9,Katakolo / Ionian Islands Approach (Western Greece),Tripoli Commercial Port Approach (Libya),36.668937,19.758792,6.9,290.9,290,1.8,Restricted manoeuvrability,TRIPOLI,09-09 20:00,Irregular Path Deviation,Critical,Offshore loitering in expansive curvilinear pattern at low speed; cargo tank washing & slop dumping
2026-09-08 10:57:00,636018000,9498871,AEGEAN MARINER,A8TZ6,Chemical Tanker,8.9,Katakolo / Ionian Islands Approach (Western Greece),Tripoli Commercial Port Approach (Libya),36.67122,19.752199,7.0,295.2,294,1.7,Restricted manoeuvrability,TRIPOLI,09-09 20:00,Irregular Path Deviation,Critical,Offshore loitering in expansive curvilinear pattern at low speed; cargo tank washing & slop dumping
2026-09-08 11:00:00,636018000,9498871,AEGEAN MARINER,A8TZ6,Chemical Tanker,8.9,Katakolo / Ionian Islands Approach (Western Greece),Tripoli Commercial Port Approach (Libya),36.673927,19.745755,7.2,298.5,298,-1.5,Under way using engine,TRIPOLI,09-09 20:00,Irregular Path Deviation,Medium,Steering south-southeast to intercept commercial shipping fairway
2026-09-08 11:03:00,636018000,9498871,AEGEAN MARINER,A8TZ6,Chemical Tanker,8.9,Katakolo / Ionian Islands Approach (Western Greece),Tripoli Commercial Port Approach (Libya),36.675976,19.737899,8.5,279.5,279,-7.5,Under way using engine,TRIPOLI,09-09 20:00,Irregular Path Deviation,Medium,Steering south-southeast to intercept commercial shipping fairway
2026-09-08 11:06:00,636018000,9498871,AEGEAN MARINER,A8TZ6,Chemical Tanker,8.9,Katakolo / Ionian Islands Approach (Western Greece),Tripoli Commercial Port Approach (Libya),36.675326,19.728295,9.9,254.9,255,-7.9,Under way using engine,TRIPOLI,09-09 20:00,Irregular Path Deviation,Medium,Steering south-southeast to intercept commercial shipping fairway
2026-09-08 11:09:00,636018000,9498871,AEGEAN MARINER,A8TZ6,Chemical Tanker,8.9,Katakolo / Ionian Islands Approach (Western Greece),Tripoli Commercial Port Approach (Libya),36.670982,19.718626,11.3,230.9,231,-8.1,Under way using engine,TRIPOLI,09-09 20:00,Irregular Path Deviation,Medium,Steering south-southeast to intercept commercial shipping fairway
2026-09-08 11:12:00,636018000,9498871,AEGEAN MARINER,A8TZ6,Chemical Tanker,8.9,Katakolo / Ionian Islands Approach (Western Greece),Tripoli Commercial Port Approach (Libya),36.662846,19.711203,12.8,206.1,207,-8.0,Under way using engine,TRIPOLI,09-09 20:00,Irregular Path Deviation,Medium,Steering south-southeast to intercept commercial shipping fairway
2026-09-08 11:15:00,636018000,9498871,AEGEAN MARINER,A8TZ6,Chemical Tanker,8.9,Katakolo / Ionian Islands Approach (Western Greece),Tripoli Commercial Port Approach (Libya),36.652086,19.708257,13.4,182.8,183,-8.0,Under way using engine,TRIPOLI,09-09 20:00,Irregular Path Deviation,Medium,Steering south-southeast to intercept commercial shipping fairway
2026-09-08 11:18:00,636018000,9498871,AEGEAN MARINER,A8TZ6,Chemical Tanker,8.9,Katakolo / Ionian Islands Approach (Western Greece),Tripoli Commercial Port Approach (Libya),36.641156,19.711036,13.5,158.3,159,-8.1,Under way using engine,TRIPOLI,09-09 20:00,Irregular Path Deviation,Medium,Steering south-southeast to intercept commercial shipping fairway
2026-09-08 11:21:00,636018000,9498871,AEGEAN MARINER,A8TZ6,Chemical Tanker,8.9,Katakolo / Ionian Islands Approach (Western Greece),Tripoli Commercial Port Approach (Libya),36.630996,19.717126,13.5,156.1,156,2.4,Under way using engine,TRIPOLI,09-09 20:00,Irregular Path Deviation,Medium,Steering south-southeast to intercept commercial shipping fairway
2026-09-08 11:24:00,636018000,9498871,AEGEAN MARINER,A8TZ6,Chemical Tanker,8.9,Katakolo / Ionian Islands Approach (Western Greece),Tripoli Commercial Port Approach (Libya),36.620614,19.722556,13.5,156.7,157,-1.0,Under way using engine,TRIPOLI,09-09 20:00,Irregular Path Deviation,Medium,Steering south-southeast to intercept commercial shipping fairway
2026-09-08 11:27:00,636018000,9498871,AEGEAN MARINER,A8TZ6,Chemical Tanker,8.9,Katakolo / Ionian Islands Approach (Western Greece),Tripoli Commercial Port Approach (Libya),36.610282,19.728153,13.5,156.7,157,0.3,Under way using engine,TRIPOLI,09-09 20:00,Irregular Path Deviation,Medium,Steering south-southeast to intercept commercial shipping fairway
2026-09-08 11:30:00,636018000,9498871,AEGEAN MARINER,A8TZ6,Chemical Tanker,8.9,Katakolo / Ionian Islands Approach (Western Greece),Tripoli Commercial Port Approach (Libya),36.599965,19.733815,13.5,156.1,156,-0.2,Under way using engine,TRIPOLI,09-09 20:00,Irregular Path Deviation,Medium,Steering south-southeast to intercept commercial shipping fairway
2026-09-08 11:33:00,636018000,9498871,AEGEAN MARINER,A8TZ6,Chemical Tanker,8.9,Katakolo / Ionian Islands Approach (Western Greece),Tripoli Commercial Port Approach (Libya),36.589679,19.739549,13.5,155.8,156,0.1,Under way using engine,TRIPOLI,09-09 20:00,Irregular Path Deviation,Medium,Steering south-southeast to intercept commercial shipping fairway
2026-09-08 11:36:00,636018000,9498871,AEGEAN MARINER,A8TZ6,Chemical Tanker,8.9,Katakolo / Ionian Islands Approach (Western Greece),Tripoli Commercial Port Approach (Libya),36.579362,19.745159,13.6,156.5,157,0.0,Under way using engine,TRIPOLI,09-09 20:00,Irregular Path Deviation,Medium,Steering south-southeast to intercept commercial shipping fairway
2026-09-08 11:39:00,636018000,9498871,AEGEAN MARINER,A8TZ6,Chemical Tanker,8.9,Katakolo / Ionian Islands Approach (Western Greece),Tripoli Commercial Port Approach (Libya),36.568986,19.750642,13.5,156.9,157,-0.1,Under way using engine,TRIPOLI,09-09 20:00,Irregular Path Deviation,Medium,Steering south-southeast to intercept commercial shipping fairway
2026-09-08 11:42:00,636018000,9498871,AEGEAN MARINER,A8TZ6,Chemical Tanker,8.9,Katakolo / Ionian Islands Approach (Western Greece),Tripoli Commercial Port Approach (Libya),36.558599,19.756092,13.5,157.1,157,-0.0,Under way using engine,TRIPOLI,09-09 20:00,Irregular Path Deviation,Medium,Steering south-southeast to intercept commercial shipping fairway
2026-09-08 11:45:00,636018000,9498871,AEGEAN MARINER,A8TZ6,Chemical Tanker,8.9,Katakolo / Ionian Islands Approach (Western Greece),Tripoli Commercial Port Approach (Libya),36.54821,19.761539,13.5,157.4,158,0.1,Under way using engine,TRIPOLI,09-09 20:00,Irregular Path Deviation,Medium,Steering south-southeast to intercept commercial shipping fairway
2026-09-08 11:48:00,636018000,9498871,AEGEAN MARINER,A8TZ6,Chemical Tanker,8.9,Katakolo / Ionian Islands Approach (Western Greece),Tripoli Commercial Port Approach (Libya),36.537759,19.766732,13.5,158.3,159,0.0,Under way using engine,TRIPOLI,09-09 20:00,Irregular Path Deviation,Medium,Steering south-southeast to intercept commercial shipping fairway
2026-09-08 11:51:00,636018000,9498871,AEGEAN MARINER,A8TZ6,Chemical Tanker,8.9,Katakolo / Ionian Islands Approach (Western Greece),Tripoli Commercial Port Approach (Libya),36.527304,19.771971,13.5,158.2,158,-0.0,Under way using engine,TRIPOLI,09-09 20:00,Irregular Path Deviation,Medium,Steering south-southeast to intercept commercial shipping fairway
2026-09-08 11:54:00,636018000,9498871,AEGEAN MARINER,A8TZ6,Chemical Tanker,8.9,Katakolo / Ionian Islands Approach (Western Greece),Tripoli Commercial Port Approach (Libya),36.516862,19.777253,13.5,157.8,158,0.1,Under way using engine,TRIPOLI,09-09 20:00,Irregular Path Deviation,Medium,Steering south-southeast to intercept commercial shipping fairway
2026-09-08 11:57:00,636018000,9498871,AEGEAN MARINER,A8TZ6,Chemical Tanker,8.9,Katakolo / Ionian Islands Approach (Western Greece),Tripoli Commercial Port Approach (Libya),36.506471,19.782647,13.6,157.1,157,0.2,Under way using engine,TRIPOLI,09-09 20:00,Irregular Path Deviation,Medium,Steering south-southeast to intercept commercial shipping fairway
2026-09-08 12:00:00,636018000,9498871,AEGEAN MARINER,A8TZ6,Chemical Tanker,8.9,Katakolo / Ionian Islands Approach (Western Greece),Tripoli Commercial Port Approach (Libya),36.496018,19.787972,13.7,159.1,159,2.9,Under way using engine,TRIPOLI,09-09 20:00,Post-Anomaly Transit,Low,Realigned with shipping lane; resumed passage toward Tripoli approach
2026-09-08 12:03:00,636018000,9498871,AEGEAN MARINER,A8TZ6,Chemical Tanker,8.9,Katakolo / Ionian Islands Approach (Western Greece),Tripoli Commercial Port Approach (Libya),36.484706,19.790723,13.9,177.3,178,7.6,Under way using engine,TRIPOLI,09-09 20:00,Post-Anomaly Transit,Low,Realigned with shipping lane; resumed passage toward Tripoli approach
2026-09-08 12:06:00,636018000,9498871,AEGEAN MARINER,A8TZ6,Chemical Tanker,8.9,Katakolo / Ionian Islands Approach (Western Greece),Tripoli Commercial Port Approach (Libya),36.473499,19.787963,13.7,201.1,201,8.0,Under way using engine,TRIPOLI,09-09 20:00,Post-Anomaly Transit,Low,Realigned with shipping lane; resumed passage toward Tripoli approach
2026-09-08 12:09:00,636018000,9498871,AEGEAN MARINER,A8TZ6,Chemical Tanker,8.9,Katakolo / Ionian Islands Approach (Western Greece),Tripoli Commercial Port Approach (Libya),36.464296,19.779686,13.7,226.2,226,8.2,Under way using engine,TRIPOLI,09-09 20:00,Post-Anomaly Transit,Low,Realigned with shipping lane; resumed passage toward Tripoli approach
2026-09-08 12:12:00,636018000,9498871,AEGEAN MARINER,A8TZ6,Chemical Tanker,8.9,Katakolo / Ionian Islands Approach (Western Greece),Tripoli Commercial Port Approach (Libya),36.458624,19.767543,13.6,250.4,250,8.1,Under way using engine,TRIPOLI,09-09 20:00,Post-Anomaly Transit,Low,Realigned with shipping lane; resumed passage toward Tripoli approach
2026-09-08 12:15:00,636018000,9498871,AEGEAN MARINER,A8TZ6,Chemical Tanker,8.9,Katakolo / Ionian Islands Approach (Western Greece),Tripoli Commercial Port Approach (Libya),36.45578,19.7539,13.6,253.9,254,-2.3,Under way using engine,TRIPOLI,09-09 20:00,Post-Anomaly Transit,Low,Realigned with shipping lane; resumed passage toward Tripoli approach
2026-09-08 12:18:00,636018000,9498871,AEGEAN MARINER,A8TZ6,Chemical Tanker,8.9,Katakolo / Ionian Islands Approach (Western Greece),Tripoli Commercial Port Approach (Libya),36.452416,19.740449,13.6,252.8,253,0.7,Under way using engine,TRIPOLI,09-09 20:00,Post-Anomaly Transit,Low,Realigned with shipping lane; resumed passage toward Tripoli approach
2026-09-08 12:21:00,636018000,9498871,AEGEAN MARINER,A8TZ6,Chemical Tanker,8.9,Katakolo / Ionian Islands Approach (Western Greece),Tripoli Commercial Port Approach (Libya),36.449186,19.726917,13.7,253.6,253,-0.2,Under way using engine,TRIPOLI,09-09 20:00,Post-Anomaly Transit,Low,Realigned with shipping lane; resumed passage toward Tripoli approach
2026-09-08 12:24:00,636018000,9498871,AEGEAN MARINER,A8TZ6,Chemical Tanker,8.9,Katakolo / Ionian Islands Approach (Western Greece),Tripoli Commercial Port Approach (Libya),36.445795,19.713472,13.6,252.1,252,0.2,Under way using engine,TRIPOLI,09-09 20:00,Post-Anomaly Transit,Low,Realigned with shipping lane; resumed passage toward Tripoli approach
2026-09-08 12:27:00,636018000,9498871,AEGEAN MARINER,A8TZ6,Chemical Tanker,8.9,Katakolo / Ionian Islands Approach (Western Greece),Tripoli Commercial Port Approach (Libya),36.442363,19.700019,13.6,252.1,252,0.1,Under way using engine,TRIPOLI,09-09 20:00,Post-Anomaly Transit,Low,Realigned with shipping lane; resumed passage toward Tripoli approach
2026-09-08 12:30:00,636018000,9498871,AEGEAN MARINER,A8TZ6,Chemical Tanker,8.9,Katakolo / Ionian Islands Approach (Western Greece),Tripoli Commercial Port Approach (Libya),36.438949,19.686555,13.7,252.7,253,-0.1,Under way using engine,TRIPOLI,09-09 20:00,Post-Anomaly Transit,Low,Realigned with shipping lane; resumed passage toward Tripoli approach
2026-09-08 12:33:00,636018000,9498871,AEGEAN MARINER,A8TZ6,Chemical Tanker,8.9,Katakolo / Ionian Islands Approach (Western Greece),Tripoli Commercial Port Approach (Libya),36.435711,19.673022,13.7,253.9,254,0.1,Under way using engine,TRIPOLI,09-09 20:00,Post-Anomaly Transit,Low,Realigned with shipping lane; resumed passage toward Tripoli approach
2026-09-08 12:36:00,636018000,9498871,AEGEAN MARINER,A8TZ6,Chemical Tanker,8.9,Katakolo / Ionian Islands Approach (Western Greece),Tripoli Commercial Port Approach (Libya),36.432627,19.659452,13.6,254.1,254,-0.0,Under way using engine,TRIPOLI,09-09 20:00,Post-Anomaly Transit,Low,Realigned with shipping lane; resumed passage toward Tripoli approach
2026-09-08 12:39:00,636018000,9498871,AEGEAN MARINER,A8TZ6,Chemical Tanker,8.9,Katakolo / Ionian Islands Approach (Western Greece),Tripoli Commercial Port Approach (Libya),36.429504,19.645911,13.6,254.1,254,0.2,Under way using engine,TRIPOLI,09-09 20:00,Post-Anomaly Transit,Low,Realigned with shipping lane; resumed passage toward Tripoli approach
2026-09-08 12:42:00,636018000,9498871,AEGEAN MARINER,A8TZ6,Chemical Tanker,8.9,Katakolo / Ionian Islands Approach (Western Greece),Tripoli Commercial Port Approach (Libya),36.426362,19.632369,13.6,254.3,254,-0.1,Under way using engine,TRIPOLI,09-09 20:00,Post-Anomaly Transit,Low,Realigned with shipping lane; resumed passage toward Tripoli approach
2026-09-08 12:45:00,636018000,9498871,AEGEAN MARINER,A8TZ6,Chemical Tanker,8.9,Katakolo / Ionian Islands Approach (Western Greece),Tripoli Commercial Port Approach (Libya),36.423311,19.618784,13.6,254.6,255,-0.0,Under way using engine,TRIPOLI,09-09 20:00,Post-Anomaly Transit,Low,Realigned with shipping lane; resumed passage toward Tripoli approach
2026-09-08 12:48:00,636018000,9498871,AEGEAN MARINER,A8TZ6,Chemical Tanker,8.9,Katakolo / Ionian Islands Approach (Western Greece),Tripoli Commercial Port Approach (Libya),36.42027,19.605196,13.6,254.4,254,0.0,Under way using engine,TRIPOLI,09-09 20:00,Post-Anomaly Transit,Low,Realigned with shipping lane; resumed passage toward Tripoli approach
2026-09-08 12:51:00,636018000,9498871,AEGEAN MARINER,A8TZ6,Chemical Tanker,8.9,Katakolo / Ionian Islands Approach (Western Greece),Tripoli Commercial Port Approach (Libya),36.417148,19.591622,13.6,253.7,254,0.2,Under way using engine,TRIPOLI,09-09 20:00,Post-Anomaly Transit,Low,Realigned with shipping lane; resumed passage toward Tripoli approach
2026-09-08 12:54:00,636018000,9498871,AEGEAN MARINER,A8TZ6,Chemical Tanker,8.9,Katakolo / Ionian Islands Approach (Western Greece),Tripoli Commercial Port Approach (Libya),36.414245,19.577982,13.6,255.6,255,-0.1,Under way using engine,TRIPOLI,09-09 20:00,Post-Anomaly Transit,Low,Realigned with shipping lane; resumed passage toward Tripoli approach
2026-09-08 12:57:00,636018000,9498871,AEGEAN MARINER,A8TZ6,Chemical Tanker,8.9,Katakolo / Ionian Islands Approach (Western Greece),Tripoli Commercial Port Approach (Libya),36.41117,19.564403,13.6,253.6,253,0.1,Under way using engine,TRIPOLI,09-09 20:00,Post-Anomaly Transit,Low,Realigned with shipping lane; resumed passage toward Tripoli approach
2026-09-08 13:00:00,636018000,9498871,AEGEAN MARINER,A8TZ6,Chemical Tanker,8.9,Katakolo / Ionian Islands Approach (Western Greece),Tripoli Commercial Port Approach (Libya),36.407965,19.550888,13.6,254.3,254,-0.1,Under way using engine,TRIPOLI,09-09 20:00,Post-Anomaly Transit,Low,Realigned with shipping lane; resumed passage toward Tripoli approach
2026-09-08 13:03:00,636018000,9498871,AEGEAN MARINER,A8TZ6,Chemical Tanker,8.9,Katakolo / Ionian Islands Approach (Western Greece),Tripoli Commercial Port Approach (Libya),36.404991,19.537303,13.6,255.0,255,-0.1,Under way using engine,TRIPOLI,09-09 20:00,Post-Anomaly Transit,Low,Realigned with shipping lane; resumed passage toward Tripoli approach
2026-09-08 13:06:00,636018000,9498871,AEGEAN MARINER,A8TZ6,Chemical Tanker,8.9,Katakolo / Ionian Islands Approach (Western Greece),Tripoli Commercial Port Approach (Libya),36.402072,19.523702,13.6,254.8,255,-0.1,Under way using engine,TRIPOLI,09-09 20:00,Post-Anomaly Transit,Low,Realigned with shipping lane; resumed passage toward Tripoli approach
2026-09-08 13:09:00,636018000,9498871,AEGEAN MARINER,A8TZ6,Chemical Tanker,8.9,Katakolo / Ionian Islands Approach (Western Greece),Tripoli Commercial Port Approach (Libya),36.398929,19.510158,13.6,253.6,254,0.1,Under way using engine,TRIPOLI,09-09 20:00,Post-Anomaly Transit,Low,Realigned with shipping lane; resumed passage toward Tripoli approach
2026-09-08 13:12:00,636018000,9498871,AEGEAN MARINER,A8TZ6,Chemical Tanker,8.9,Katakolo / Ionian Islands Approach (Western Greece),Tripoli Commercial Port Approach (Libya),36.395732,19.496645,13.6,253.4,253,-0.1,Under way using engine,TRIPOLI,09-09 20:00,Post-Anomaly Transit,Low,Realigned with shipping lane; resumed passage toward Tripoli approach
2026-09-08 13:15:00,636018000,9498871,AEGEAN MARINER,A8TZ6,Chemical Tanker,8.9,Katakolo / Ionian Islands Approach (Western Greece),Tripoli Commercial Port Approach (Libya),36.392478,19.483144,13.6,253.8,254,0.0,Under way using engine,TRIPOLI,09-09 20:00,Post-Anomaly Transit,Low,Realigned with shipping lane; resumed passage toward Tripoli approach
2026-09-08 13:18:00,636018000,9498871,AEGEAN MARINER,A8TZ6,Chemical Tanker,8.9,Katakolo / Ionian Islands Approach (Western Greece),Tripoli Commercial Port Approach (Libya),36.389248,19.469651,13.6,253.3,253,-0.0,Under way using engine,TRIPOLI,09-09 20:00,Post-Anomaly Transit,Low,Realigned with shipping lane; resumed passage toward Tripoli approach
2026-09-08 13:21:00,636018000,9498871,AEGEAN MARINER,A8TZ6,Chemical Tanker,8.9,Katakolo / Ionian Islands Approach (Western Greece),Tripoli Commercial Port Approach (Libya),36.386025,19.456139,13.6,254.1,254,0.2,Under way using engine,TRIPOLI,09-09 20:00,Post-Anomaly Transit,Low,Realigned with shipping lane; resumed passage toward Tripoli approach
2026-09-08 13:24:00,636018000,9498871,AEGEAN MARINER,A8TZ6,Chemical Tanker,8.9,Katakolo / Ionian Islands Approach (Western Greece),Tripoli Commercial Port Approach (Libya),36.382859,19.44263,13.6,254.0,254,0.1,Under way using engine,TRIPOLI,09-09 20:00,Post-Anomaly Transit,Low,Realigned with shipping lane; resumed passage toward Tripoli approach
2026-09-08 13:27:00,636018000,9498871,AEGEAN MARINER,A8TZ6,Chemical Tanker,8.9,Katakolo / Ionian Islands Approach (Western Greece),Tripoli Commercial Port Approach (Libya),36.379712,19.429116,13.6,252.7,253,-0.1,Under way using engine,TRIPOLI,09-09 20:00,Post-Anomaly Transit,Low,Realigned with shipping lane; resumed passage toward Tripoli approach
2026-09-08 13:30:00,636018000,9498871,AEGEAN MARINER,A8TZ6,Chemical Tanker,8.9,Katakolo / Ionian Islands Approach (Western Greece),Tripoli Commercial Port Approach (Libya),36.376541,19.415589,13.6,254.2,254,0.0,Under way using engine,TRIPOLI,09-09 20:00,Post-Anomaly Transit,Low,Realigned with shipping lane; resumed passage toward Tripoli approach
2026-09-08 13:33:00,636018000,9498871,AEGEAN MARINER,A8TZ6,Chemical Tanker,8.9,Katakolo / Ionian Islands Approach (Western Greece),Tripoli Commercial Port Approach (Libya),36.373451,19.402041,13.7,253.4,253,-0.2,Under way using engine,TRIPOLI,09-09 20:00,Post-Anomaly Transit,Low,Realigned with shipping lane; resumed passage toward Tripoli approach
2026-09-08 13:36:00,636018000,9498871,AEGEAN MARINER,A8TZ6,Chemical Tanker,8.9,Katakolo / Ionian Islands Approach (Western Greece),Tripoli Commercial Port Approach (Libya),36.370304,19.388542,13.6,254.5,254,0.3,Under way using engine,TRIPOLI,09-09 20:00,Post-Anomaly Transit,Low,Realigned with shipping lane; resumed passage toward Tripoli approach
2026-09-08 13:39:00,636018000,9498871,AEGEAN MARINER,A8TZ6,Chemical Tanker,8.9,Katakolo / Ionian Islands Approach (Western Greece),Tripoli Commercial Port Approach (Libya),36.367279,19.374963,13.6,254.5,254,-0.2,Under way using engine,TRIPOLI,09-09 20:00,Post-Anomaly Transit,Low,Realigned with shipping lane; resumed passage toward Tripoli approach
2026-09-08 13:42:00,636018000,9498871,AEGEAN MARINER,A8TZ6,Chemical Tanker,8.9,Katakolo / Ionian Islands Approach (Western Greece),Tripoli Commercial Port Approach (Libya),36.36373,19.361712,13.4,245.9,246,-5.9,Under way using engine,TRIPOLI,09-09 20:00,Post-Anomaly Transit,Low,Realigned with shipping lane; resumed passage toward Tripoli approach
2026-09-08 13:45:00,636018000,9498871,AEGEAN MARINER,A8TZ6,Chemical Tanker,8.9,Katakolo / Ionian Islands Approach (Western Greece),Tripoli Commercial Port Approach (Libya),36.357109,19.350581,13.5,224.5,225,-6.0,Under way using engine,TRIPOLI,09-09 20:00,Post-Anomaly Transit,Low,Realigned with shipping lane; resumed passage toward Tripoli approach
2026-09-08 13:48:00,636018000,9498871,AEGEAN MARINER,A8TZ6,Chemical Tanker,8.9,Katakolo / Ionian Islands Approach (Western Greece),Tripoli Commercial Port Approach (Libya),36.348998,19.340947,13.5,226.1,226,1.7,Under way using engine,TRIPOLI,09-09 20:00,Post-Anomaly Transit,Low,Realigned with shipping lane; resumed passage toward Tripoli approach
2026-09-08 13:51:00,636018000,9498871,AEGEAN MARINER,A8TZ6,Chemical Tanker,8.9,Katakolo / Ionian Islands Approach (Western Greece),Tripoli Commercial Port Approach (Libya),36.341225,19.330899,13.5,225.4,226,-0.5,Under way using engine,TRIPOLI,09-09 20:00,Post-Anomaly Transit,Low,Realigned with shipping lane; resumed passage toward Tripoli approach
2026-09-08 13:54:00,636018000,9498871,AEGEAN MARINER,A8TZ6,Chemical Tanker,8.9,Katakolo / Ionian Islands Approach (Western Greece),Tripoli Commercial Port Approach (Libya),36.333422,19.320883,13.6,226.6,227,0.0,Under way using engine,TRIPOLI,09-09 20:00,Post-Anomaly Transit,Low,Realigned with shipping lane; resumed passage toward Tripoli approach
2026-09-08 13:57:00,636018000,9498871,AEGEAN MARINER,A8TZ6,Chemical Tanker,8.9,Katakolo / Ionian Islands Approach (Western Greece),Tripoli Commercial Port Approach (Libya),36.32574,19.31076,13.5,226.8,227,0.1,Under way using engine,TRIPOLI,09-09 20:00,Post-Anomaly Transit,Low,Realigned with shipping lane; resumed passage toward Tripoli approach
2026-09-08 14:00:00,636018000,9498871,AEGEAN MARINER,A8TZ6,Chemical Tanker,8.9,Katakolo / Ionian Islands Approach (Western Greece),Tripoli Commercial Port Approach (Libya),36.318069,19.300611,13.4,226.5,227,-0.0,Under way using engine,TRIPOLI,09-09 20:00,Post-Anomaly Transit,Low,Realigned with shipping lane; resumed passage toward Tripoli approach
2026-09-08 14:03:00,636018000,9498871,AEGEAN MARINER,A8TZ6,Chemical Tanker,8.9,Katakolo / Ionian Islands Approach (Western Greece),Tripoli Commercial Port Approach (Libya),36.310328,19.290527,13.4,226.2,226,-0.2,Under way using engine,TRIPOLI,09-09 20:00,Post-Anomaly Transit,Low,Realigned with shipping lane; resumed passage toward Tripoli approach
2026-09-08 14:06:00,636018000,9498871,AEGEAN MARINER,A8TZ6,Chemical Tanker,8.9,Katakolo / Ionian Islands Approach (Western Greece),Tripoli Commercial Port Approach (Libya),36.302576,19.280446,13.4,226.2,226,0.0,Under way using engine,TRIPOLI,09-09 20:00,Post-Anomaly Transit,Low,Realigned with shipping lane; resumed passage toward Tripoli approach
2026-09-08 14:09:00,636018000,9498871,AEGEAN MARINER,A8TZ6,Chemical Tanker,8.9,Katakolo / Ionian Islands Approach (Western Greece),Tripoli Commercial Port Approach (Libya),36.2947,19.270526,13.4,225.2,225,-0.1,Under way using engine,TRIPOLI,09-09 20:00,Post-Anomaly Transit,Low,Realigned with shipping lane; resumed passage toward Tripoli approach
2026-09-08 14:12:00,636018000,9498871,AEGEAN MARINER,A8TZ6,Chemical Tanker,8.9,Katakolo / Ionian Islands Approach (Western Greece),Tripoli Commercial Port Approach (Libya),36.286829,19.260614,13.5,226.1,226,0.1,Under way using engine,TRIPOLI,09-09 20:00,Post-Anomaly Transit,Low,Realigned with shipping lane; resumed passage toward Tripoli approach
2026-09-08 14:15:00,636018000,9498871,AEGEAN MARINER,A8TZ6,Chemical Tanker,8.9,Katakolo / Ionian Islands Approach (Western Greece),Tripoli Commercial Port Approach (Libya),36.279037,19.2506,13.5,226.1,226,0.0,Under way using engine,TRIPOLI,09-09 20:00,Post-Anomaly Transit,Low,Realigned with shipping lane; resumed passage toward Tripoli approach
2026-09-08 14:18:00,636018000,9498871,AEGEAN MARINER,A8TZ6,Chemical Tanker,8.9,Katakolo / Ionian Islands Approach (Western Greece),Tripoli Commercial Port Approach (Libya),36.271256,19.240574,13.5,226.5,227,-0.1,Under way using engine,TRIPOLI,09-09 20:00,Post-Anomaly Transit,Low,Realigned with shipping lane; resumed passage toward Tripoli approach
2026-09-08 14:21:00,636018000,9498871,AEGEAN MARINER,A8TZ6,Chemical Tanker,8.9,Katakolo / Ionian Islands Approach (Western Greece),Tripoli Commercial Port Approach (Libya),36.263509,19.230539,13.4,226.3,227,0.1,Under way using engine,TRIPOLI,09-09 20:00,Post-Anomaly Transit,Low,Realigned with shipping lane; resumed passage toward Tripoli approach
2026-09-08 14:24:00,636018000,9498871,AEGEAN MARINER,A8TZ6,Chemical Tanker,8.9,Katakolo / Ionian Islands Approach (Western Greece),Tripoli Commercial Port Approach (Libya),36.255733,19.220515,13.4,226.4,227,-0.0,Under way using engine,TRIPOLI,09-09 20:00,Post-Anomaly Transit,Low,Realigned with shipping lane; resumed passage toward Tripoli approach
2026-09-08 14:27:00,636018000,9498871,AEGEAN MARINER,A8TZ6,Chemical Tanker,8.9,Katakolo / Ionian Islands Approach (Western Greece),Tripoli Commercial Port Approach (Libya),36.247868,19.210597,13.5,225.0,225,-0.1,Under way using engine,TRIPOLI,09-09 20:00,Post-Anomaly Transit,Low,Realigned with shipping lane; resumed passage toward Tripoli approach
2026-09-08 14:30:00,636018000,9498871,AEGEAN MARINER,A8TZ6,Chemical Tanker,8.9,Katakolo / Ionian Islands Approach (Western Greece),Tripoli Commercial Port Approach (Libya),36.239976,19.200731,13.4,225.8,226,0.1,Under way using engine,TRIPOLI,09-09 20:00,Post-Anomaly Transit,Low,Realigned with shipping lane; resumed passage toward Tripoli approach
2026-09-08 14:33:00,636018000,9498871,AEGEAN MARINER,A8TZ6,Chemical Tanker,8.9,Katakolo / Ionian Islands Approach (Western Greece),Tripoli Commercial Port Approach (Libya),36.232211,19.190711,13.5,226.3,227,-0.0,Under way using engine,TRIPOLI,09-09 20:00,Post-Anomaly Transit,Low,Realigned with shipping lane; resumed passage toward Tripoli approach
2026-09-08 14:36:00,636018000,9498871,AEGEAN MARINER,A8TZ6,Chemical Tanker,8.9,Katakolo / Ionian Islands Approach (Western Greece),Tripoli Commercial Port Approach (Libya),36.224443,19.180684,13.5,225.8,226,-0.3,Under way using engine,TRIPOLI,09-09 20:00,Post-Anomaly Transit,Low,Realigned with shipping lane; resumed passage toward Tripoli approach
2026-09-08 14:39:00,636018000,9498871,AEGEAN MARINER,A8TZ6,Chemical Tanker,8.9,Katakolo / Ionian Islands Approach (Western Greece),Tripoli Commercial Port Approach (Libya),36.216543,19.170815,13.5,225.2,226,0.2,Under way using engine,TRIPOLI,09-09 20:00,Post-Anomaly Transit,Low,Realigned with shipping lane; resumed passage toward Tripoli approach
2026-09-08 14:42:00,636018000,9498871,AEGEAN MARINER,A8TZ6,Chemical Tanker,8.9,Katakolo / Ionian Islands Approach (Western Greece),Tripoli Commercial Port Approach (Libya),36.208658,19.160934,13.4,225.6,226,-0.0,Under way using engine,TRIPOLI,09-09 20:00,Post-Anomaly Transit,Low,Realigned with shipping lane; resumed passage toward Tripoli approach
2026-09-08 14:45:00,636018000,9498871,AEGEAN MARINER,A8TZ6,Chemical Tanker,8.9,Katakolo / Ionian Islands Approach (Western Greece),Tripoli Commercial Port Approach (Libya),36.200832,19.150965,13.4,226.6,227,-0.0,Under way using engine,TRIPOLI,09-09 20:00,Post-Anomaly Transit,Low,Realigned with shipping lane; resumed passage toward Tripoli approach
2026-09-08 14:48:00,636018000,9498871,AEGEAN MARINER,A8TZ6,Chemical Tanker,8.9,Katakolo / Ionian Islands Approach (Western Greece),Tripoli Commercial Port Approach (Libya),36.193116,19.140853,13.5,227.2,227,-0.1,Under way using engine,TRIPOLI,09-09 20:00,Post-Anomaly Transit,Low,Realigned with shipping lane; resumed passage toward Tripoli approach
2026-09-08 14:51:00,636018000,9498871,AEGEAN MARINER,A8TZ6,Chemical Tanker,8.9,Katakolo / Ionian Islands Approach (Western Greece),Tripoli Commercial Port Approach (Libya),36.185304,19.13089,13.4,225.7,226,-0.1,Under way using engine,TRIPOLI,09-09 20:00,Post-Anomaly Transit,Low,Realigned with shipping lane; resumed passage toward Tripoli approach
2026-09-08 14:54:00,636018000,9498871,AEGEAN MARINER,A8TZ6,Chemical Tanker,8.9,Katakolo / Ionian Islands Approach (Western Greece),Tripoli Commercial Port Approach (Libya),36.177582,19.12085,13.4,226.1,226,-0.0,Under way using engine,TRIPOLI,09-09 20:00,Post-Anomaly Transit,Low,Realigned with shipping lane; resumed passage toward Tripoli approach
2026-09-08 14:57:00,636018000,9498871,AEGEAN MARINER,A8TZ6,Chemical Tanker,8.9,Katakolo / Ionian Islands Approach (Western Greece),Tripoli Commercial Port Approach (Libya),36.16977,19.110887,13.5,225.7,226,-0.0,Under way using engine,TRIPOLI,09-09 20:00,Post-Anomaly Transit,Low,Realigned with shipping lane; resumed passage toward Tripoli approach
2026-09-08 15:00:00,636018000,9498871,AEGEAN MARINER,A8TZ6,Chemical Tanker,8.9,Katakolo / Ionian Islands Approach (Western Greece),Tripoli Commercial Port Approach (Libya),36.162037,19.100825,13.4,226.1,226,0.0,Under way using engine,TRIPOLI,09-09 20:00,Post-Anomaly Transit,Low,Realigned with shipping lane; resumed passage toward Tripoli approach
2026-09-08 15:03:00,636018000,9498871,AEGEAN MARINER,A8TZ6,Chemical Tanker,8.9,Katakolo / Ionian Islands Approach (Western Greece),Tripoli Commercial Port Approach (Libya),36.154234,19.090886,13.4,225.5,226,-0.1,Under way using engine,TRIPOLI,09-09 20:00,Post-Anomaly Transit,Low,Realigned with shipping lane; resumed passage toward Tripoli approach
2026-09-08 15:06:00,636018000,9498871,AEGEAN MARINER,A8TZ6,Chemical Tanker,8.9,Katakolo / Ionian Islands Approach (Western Greece),Tripoli Commercial Port Approach (Libya),36.146407,19.080981,13.4,226.3,227,0.1,Under way using engine,TRIPOLI,09-09 20:00,Post-Anomaly Transit,Low,Realigned with shipping lane; resumed passage toward Tripoli approach
2026-09-08 15:09:00,636018000,9498871,AEGEAN MARINER,A8TZ6,Chemical Tanker,8.9,Katakolo / Ionian Islands Approach (Western Greece),Tripoli Commercial Port Approach (Libya),36.138589,19.071015,13.5,226.3,227,-0.0,Under way using engine,TRIPOLI,09-09 20:00,Post-Anomaly Transit,Low,Realigned with shipping lane; resumed passage toward Tripoli approach
2026-09-08 15:12:00,636018000,9498871,AEGEAN MARINER,A8TZ6,Chemical Tanker,8.9,Katakolo / Ionian Islands Approach (Western Greece),Tripoli Commercial Port Approach (Libya),36.130828,19.061021,13.4,225.0,225,0.1,Under way using engine,TRIPOLI,09-09 20:00,Post-Anomaly Transit,Low,Realigned with shipping lane; resumed passage toward Tripoli approach
2026-09-08 15:15:00,636018000,9498871,AEGEAN MARINER,A8TZ6,Chemical Tanker,8.9,Katakolo / Ionian Islands Approach (Western Greece),Tripoli Commercial Port Approach (Libya),36.122939,19.051163,13.5,225.1,225,0.1,Under way using engine,TRIPOLI,09-09 20:00,Post-Anomaly Transit,Low,Realigned with shipping lane; resumed passage toward Tripoli approach
2026-09-08 15:18:00,636018000,9498871,AEGEAN MARINER,A8TZ6,Chemical Tanker,8.9,Katakolo / Ionian Islands Approach (Western Greece),Tripoli Commercial Port Approach (Libya),36.115086,19.041312,13.4,225.6,226,0.1,Under way using engine,TRIPOLI,09-09 20:00,Post-Anomaly Transit,Low,Realigned with shipping lane; resumed passage toward Tripoli approach
2026-09-08 15:21:00,636018000,9498871,AEGEAN MARINER,A8TZ6,Chemical Tanker,8.9,Katakolo / Ionian Islands Approach (Western Greece),Tripoli Commercial Port Approach (Libya),36.107322,19.031322,13.5,225.4,226,-0.0,Under way using engine,TRIPOLI,09-09 20:00,Post-Anomaly Transit,Low,Realigned with shipping lane; resumed passage toward Tripoli approach
2026-09-08 15:24:00,636018000,9498871,AEGEAN MARINER,A8TZ6,Chemical Tanker,8.9,Katakolo / Ionian Islands Approach (Western Greece),Tripoli Commercial Port Approach (Libya),36.099449,19.021459,13.5,224.8,225,0.1,Under way using engine,TRIPOLI,09-09 20:00,Post-Anomaly Transit,Low,Realigned with shipping lane; resumed passage toward Tripoli approach
2026-09-08 15:27:00,636018000,9498871,AEGEAN MARINER,A8TZ6,Chemical Tanker,8.9,Katakolo / Ionian Islands Approach (Western Greece),Tripoli Commercial Port Approach (Libya),36.091664,19.011477,13.5,226.6,227,0.0,Under way using engine,TRIPOLI,09-09 20:00,Post-Anomaly Transit,Low,Realigned with shipping lane; resumed passage toward Tripoli approach
2026-09-08 15:30:00,636018000,9498871,AEGEAN MARINER,A8TZ6,Chemical Tanker,8.9,Katakolo / Ionian Islands Approach (Western Greece),Tripoli Commercial Port Approach (Libya),36.083887,19.001478,13.5,225.8,226,0.0,Under way using engine,TRIPOLI,09-09 20:00,Post-Anomaly Transit,Low,Realigned with shipping lane; resumed passage toward Tripoli approach
2026-09-08 15:33:00,636018000,9498871,AEGEAN MARINER,A8TZ6,Chemical Tanker,8.9,Katakolo / Ionian Islands Approach (Western Greece),Tripoli Commercial Port Approach (Libya),36.076146,18.991486,13.5,226.5,227,-0.1,Under way using engine,TRIPOLI,09-09 20:00,Post-Anomaly Transit,Low,Realigned with shipping lane; resumed passage toward Tripoli approach
2026-09-08 15:36:00,636018000,9498871,AEGEAN MARINER,A8TZ6,Chemical Tanker,8.9,Katakolo / Ionian Islands Approach (Western Greece),Tripoli Commercial Port Approach (Libya),36.068422,18.981434,13.5,226.1,227,-0.0,Under way using engine,TRIPOLI,09-09 20:00,Post-Anomaly Transit,Low,Realigned with shipping lane; resumed passage toward Tripoli approach
2026-09-08 15:39:00,636018000,9498871,AEGEAN MARINER,A8TZ6,Chemical Tanker,8.9,Katakolo / Ionian Islands Approach (Western Greece),Tripoli Commercial Port Approach (Libya),36.060641,18.971454,13.4,225.8,226,-0.0,Under way using engine,TRIPOLI,09-09 20:00,Post-Anomaly Transit,Low,Realigned with shipping lane; resumed passage toward Tripoli approach
2026-09-08 15:42:00,636018000,9498871,AEGEAN MARINER,A8TZ6,Chemical Tanker,8.9,Katakolo / Ionian Islands Approach (Western Greece),Tripoli Commercial Port Approach (Libya),36.052837,18.961509,13.5,225.6,226,-0.1,Under way using engine,TRIPOLI,09-09 20:00,Post-Anomaly Transit,Low,Realigned with shipping lane; resumed passage toward Tripoli approach
2026-09-08 15:45:00,636018000,9498871,AEGEAN MARINER,A8TZ6,Chemical Tanker,8.9,Katakolo / Ionian Islands Approach (Western Greece),Tripoli Commercial Port Approach (Libya),36.044949,18.951647,13.5,225.5,226,0.1,Under way using engine,TRIPOLI,09-09 20:00,Post-Anomaly Transit,Low,Realigned with shipping lane; resumed passage toward Tripoli approach
2026-09-08 15:48:00,636018000,9498871,AEGEAN MARINER,A8TZ6,Chemical Tanker,8.9,Katakolo / Ionian Islands Approach (Western Greece),Tripoli Commercial Port Approach (Libya),36.037089,18.941792,13.5,225.4,226,-0.1,Under way using engine,TRIPOLI,09-09 20:00,Post-Anomaly Transit,Low,Realigned with shipping lane; resumed passage toward Tripoli approach
2026-09-08 15:51:00,636018000,9498871,AEGEAN MARINER,A8TZ6,Chemical Tanker,8.9,Katakolo / Ionian Islands Approach (Western Greece),Tripoli Commercial Port Approach (Libya),36.029209,18.931961,13.5,225.3,226,0.2,Under way using engine,TRIPOLI,09-09 20:00,Post-Anomaly Transit,Low,Realigned with shipping lane; resumed passage toward Tripoli approach
2026-09-08 15:54:00,636018000,9498871,AEGEAN MARINER,A8TZ6,Chemical Tanker,8.9,Katakolo / Ionian Islands Approach (Western Greece),Tripoli Commercial Port Approach (Libya),36.021361,18.922066,13.4,225.8,226,0.1,Under way using engine,TRIPOLI,09-09 20:00,Post-Anomaly Transit,Low,Realigned with shipping lane; resumed passage toward Tripoli approach
2026-09-08 15:57:00,636018000,9498871,AEGEAN MARINER,A8TZ6,Chemical Tanker,8.9,Katakolo / Ionian Islands Approach (Western Greece),Tripoli Commercial Port Approach (Libya),36.013431,18.912307,13.4,224.7,225,-0.1,Under way using engine,TRIPOLI,09-09 20:00,Post-Anomaly Transit,Low,Realigned with shipping lane; resumed passage toward Tripoli approach
2026-09-08 16:00:00,636018000,9498871,AEGEAN MARINER,A8TZ6,Chemical Tanker,8.9,Katakolo / Ionian Islands Approach (Western Greece),Tripoli Commercial Port Approach (Libya),36.00551,18.902505,13.5,225.0,225,0.2,Under way using engine,TRIPOLI,09-09 20:00,Post-Anomaly Transit,Low,Realigned with shipping lane; resumed passage toward Tripoli approach
2026-09-08 16:03:00,636018000,9498871,AEGEAN MARINER,A8TZ6,Chemical Tanker,8.9,Katakolo / Ionian Islands Approach (Western Greece),Tripoli Commercial Port Approach (Libya),35.997558,18.89276,13.4,225.1,226,-0.0,Under way using engine,TRIPOLI,09-09 20:00,Post-Anomaly Transit,Low,Realigned with shipping lane; resumed passage toward Tripoli approach
2026-09-08 16:06:00,636018000,9498871,AEGEAN MARINER,A8TZ6,Chemical Tanker,8.9,Katakolo / Ionian Islands Approach (Western Greece),Tripoli Commercial Port Approach (Libya),35.989795,18.882776,13.4,226.9,227,-0.1,Under way using engine,TRIPOLI,09-09 20:00,Post-Anomaly Transit,Low,Realigned with shipping lane; resumed passage toward Tripoli approach
2026-09-08 16:09:00,636018000,9498871,AEGEAN MARINER,A8TZ6,Chemical Tanker,8.9,Katakolo / Ionian Islands Approach (Western Greece),Tripoli Commercial Port Approach (Libya),35.982066,18.872761,13.5,226.1,227,-0.2,Under way using engine,TRIPOLI,09-09 20:00,Post-Anomaly Transit,Low,Realigned with shipping lane; resumed passage toward Tripoli approach
2026-09-08 16:12:00,636018000,9498871,AEGEAN MARINER,A8TZ6,Chemical Tanker,8.9,Katakolo / Ionian Islands Approach (Western Greece),Tripoli Commercial Port Approach (Libya),35.97427,18.862824,13.5,226.0,226,-0.1,Under way using engine,TRIPOLI,09-09 20:00,Post-Anomaly Transit,Low,Realigned with shipping lane; resumed passage toward Tripoli approach
2026-09-08 16:15:00,636018000,9498871,AEGEAN MARINER,A8TZ6,Chemical Tanker,8.9,Katakolo / Ionian Islands Approach (Western Greece),Tripoli Commercial Port Approach (Libya),35.966529,18.852858,13.4,226.0,226,-0.0,Under way using engine,TRIPOLI,09-09 20:00,Post-Anomaly Transit,Low,Realigned with shipping lane; resumed passage toward Tripoli approach
2026-09-08 16:18:00,636018000,9498871,AEGEAN MARINER,A8TZ6,Chemical Tanker,8.9,Katakolo / Ionian Islands Approach (Western Greece),Tripoli Commercial Port Approach (Libya),35.958706,18.842953,13.5,225.6,226,-0.1,Under way using engine,TRIPOLI,09-09 20:00,Post-Anomaly Transit,Low,Realigned with shipping lane; resumed passage toward Tripoli approach
2026-09-08 16:21:00,636018000,9498871,AEGEAN MARINER,A8TZ6,Chemical Tanker,8.9,Katakolo / Ionian Islands Approach (Western Greece),Tripoli Commercial Port Approach (Libya),35.950886,18.833064,13.4,225.8,226,-0.0,Under way using engine,TRIPOLI,09-09 20:00,Post-Anomaly Transit,Low,Realigned with shipping lane; resumed passage toward Tripoli approach
2026-09-08 16:24:00,636018000,9498871,AEGEAN MARINER,A8TZ6,Chemical Tanker,8.9,Katakolo / Ionian Islands Approach (Western Greece),Tripoli Commercial Port Approach (Libya),35.943111,18.823128,13.4,226.5,227,0.1,Under way using engine,TRIPOLI,09-09 20:00,Post-Anomaly Transit,Low,Realigned with shipping lane; resumed passage toward Tripoli approach
2026-09-08 16:27:00,636018000,9498871,AEGEAN MARINER,A8TZ6,Chemical Tanker,8.9,Katakolo / Ionian Islands Approach (Western Greece),Tripoli Commercial Port Approach (Libya),35.935312,18.8132,13.4,225.6,226,0.1,Under way using engine,TRIPOLI,09-09 20:00,Post-Anomaly Transit,Low,Realigned with shipping lane; resumed passage toward Tripoli approach
2026-09-08 16:30:00,636018000,9498871,AEGEAN MARINER,A8TZ6,Chemical Tanker,8.9,Katakolo / Ionian Islands Approach (Western Greece),Tripoli Commercial Port Approach (Libya),35.927475,18.803314,13.5,225.9,226,0.1,Under way using engine,TRIPOLI,09-09 20:00,Post-Anomaly Transit,Low,Realigned with shipping lane; resumed passage toward Tripoli approach
2026-09-08 16:33:00,636018000,9498871,AEGEAN MARINER,A8TZ6,Chemical Tanker,8.9,Katakolo / Ionian Islands Approach (Western Greece),Tripoli Commercial Port Approach (Libya),35.919711,18.793332,13.5,226.0,227,0.0,Under way using engine,TRIPOLI,09-09 20:00,Post-Anomaly Transit,Low,Realigned with shipping lane; resumed passage toward Tripoli approach
2026-09-08 16:36:00,636018000,9498871,AEGEAN MARINER,A8TZ6,Chemical Tanker,8.9,Katakolo / Ionian Islands Approach (Western Greece),Tripoli Commercial Port Approach (Libya),35.912007,18.7833,13.4,227.0,227,0.1,Under way using engine,TRIPOLI,09-09 20:00,Post-Anomaly Transit,Low,Realigned with shipping lane; resumed passage toward Tripoli approach
2026-09-08 16:39:00,636018000,9498871,AEGEAN MARINER,A8TZ6,Chemical Tanker,8.9,Katakolo / Ionian Islands Approach (Western Greece),Tripoli Commercial Port Approach (Libya),35.904285,18.773303,13.4,225.5,226,0.1,Under way using engine,TRIPOLI,09-09 20:00,Post-Anomaly Transit,Low,Realigned with shipping lane; resumed passage toward Tripoli approach
2026-09-08 16:42:00,636018000,9498871,AEGEAN MARINER,A8TZ6,Chemical Tanker,8.9,Katakolo / Ionian Islands Approach (Western Greece),Tripoli Commercial Port Approach (Libya),35.896664,18.763191,13.4,227.5,228,-0.2,Under way using engine,TRIPOLI,09-09 20:00,Post-Anomaly Transit,Low,Realigned with shipping lane; resumed passage toward Tripoli approach
2026-09-08 16:45:00,636018000,9498871,AEGEAN MARINER,A8TZ6,Chemical Tanker,8.9,Katakolo / Ionian Islands Approach (Western Greece),Tripoli Commercial Port Approach (Libya),35.889043,18.753083,13.4,227.3,228,0.1,Under way using engine,TRIPOLI,09-09 20:00,Post-Anomaly Transit,Low,Realigned with shipping lane; resumed passage toward Tripoli approach
2026-09-08 16:48:00,636018000,9498871,AEGEAN MARINER,A8TZ6,Chemical Tanker,8.9,Katakolo / Ionian Islands Approach (Western Greece),Tripoli Commercial Port Approach (Libya),35.881293,18.743095,13.4,225.9,226,0.1,Under way using engine,TRIPOLI,09-09 20:00,Post-Anomaly Transit,Low,Realigned with shipping lane; resumed passage toward Tripoli approach
2026-09-08 16:51:00,636018000,9498871,AEGEAN MARINER,A8TZ6,Chemical Tanker,8.9,Katakolo / Ionian Islands Approach (Western Greece),Tripoli Commercial Port Approach (Libya),35.873455,18.73322,13.5,225.6,226,0.2,Under way using engine,TRIPOLI,09-09 20:00,Post-Anomaly Transit,Low,Realigned with shipping lane; resumed passage toward Tripoli approach
2026-09-08 16:54:00,636018000,9498871,AEGEAN MARINER,A8TZ6,Chemical Tanker,8.9,Katakolo / Ionian Islands Approach (Western Greece),Tripoli Commercial Port Approach (Libya),35.865633,18.723334,13.4,225.5,226,0.0,Under way using engine,TRIPOLI,09-09 20:00,Post-Anomaly Transit,Low,Realigned with shipping lane; resumed passage toward Tripoli approach
2026-09-08 16:57:00,636018000,9498871,AEGEAN MARINER,A8TZ6,Chemical Tanker,8.9,Katakolo / Ionian Islands Approach (Western Greece),Tripoli Commercial Port Approach (Libya),35.857804,18.713462,13.4,225.8,226,0.1,Under way using engine,TRIPOLI,09-09 20:00,Post-Anomaly Transit,Low,Realigned with shipping lane; resumed passage toward Tripoli approach
2026-09-08 17:00:00,636018000,9498871,AEGEAN MARINER,A8TZ6,Chemical Tanker,8.9,Katakolo / Ionian Islands Approach (Western Greece),Tripoli Commercial Port Approach (Libya),35.850089,18.703462,13.4,227.0,228,0.1,Under way using engine,TRIPOLI,09-09 20:00,Post-Anomaly Transit,Low,Realigned with shipping lane; resumed passage toward Tripoli approach
2026-09-08 17:03:00,636018000,9498871,AEGEAN MARINER,A8TZ6,Chemical Tanker,8.9,Katakolo / Ionian Islands Approach (Western Greece),Tripoli Commercial Port Approach (Libya),35.842482,18.693342,13.4,227.1,228,-0.2,Under way using engine,TRIPOLI,09-09 20:00,Post-Anomaly Transit,Low,Realigned with shipping lane; resumed passage toward Tripoli approach
2026-09-08 17:06:00,636018000,9498871,AEGEAN MARINER,A8TZ6,Chemical Tanker,8.9,Katakolo / Ionian Islands Approach (Western Greece),Tripoli Commercial Port Approach (Libya),35.834782,18.683335,13.5,225.9,226,0.1,Under way using engine,TRIPOLI,09-09 20:00,Post-Anomaly Transit,Low,Realigned with shipping lane; resumed passage toward Tripoli approach
2026-09-08 17:09:00,636018000,9498871,AEGEAN MARINER,A8TZ6,Chemical Tanker,8.9,Katakolo / Ionian Islands Approach (Western Greece),Tripoli Commercial Port Approach (Libya),35.827067,18.673352,13.4,226.3,227,-0.2,Under way using engine,TRIPOLI,09-09 20:00,Post-Anomaly Transit,Low,Realigned with shipping lane; resumed passage toward Tripoli approach
2026-09-08 17:12:00,636018000,9498871,AEGEAN MARINER,A8TZ6,Chemical Tanker,8.9,Katakolo / Ionian Islands Approach (Western Greece),Tripoli Commercial Port Approach (Libya),35.819359,18.663346,13.4,226.8,227,0.1,Under way using engine,TRIPOLI,09-09 20:00,Post-Anomaly Transit,Low,Realigned with shipping lane; resumed passage toward Tripoli approach
2026-09-08 17:15:00,636018000,9498871,AEGEAN MARINER,A8TZ6,Chemical Tanker,8.9,Katakolo / Ionian Islands Approach (Western Greece),Tripoli Commercial Port Approach (Libya),35.811648,18.653338,13.5,226.0,227,0.0,Under way using engine,TRIPOLI,09-09 20:00,Post-Anomaly Transit,Low,Realigned with shipping lane; resumed passage toward Tripoli approach
2026-09-08 17:18:00,636018000,9498871,AEGEAN MARINER,A8TZ6,Chemical Tanker,8.9,Katakolo / Ionian Islands Approach (Western Greece),Tripoli Commercial Port Approach (Libya),35.803941,18.643332,13.4,226.3,227,-0.0,Under way using engine,TRIPOLI,09-09 20:00,Post-Anomaly Transit,Low,Realigned with shipping lane; resumed passage toward Tripoli approach
2026-09-08 17:21:00,636018000,9498871,AEGEAN MARINER,A8TZ6,Chemical Tanker,8.9,Katakolo / Ionian Islands Approach (Western Greece),Tripoli Commercial Port Approach (Libya),35.796141,18.633442,13.4,225.4,226,0.1,Under way using engine,TRIPOLI,09-09 20:00,Post-Anomaly Transit,Low,Realigned with shipping lane; resumed passage toward Tripoli approach
2026-09-08 17:24:00,636018000,9498871,AEGEAN MARINER,A8TZ6,Chemical Tanker,8.9,Katakolo / Ionian Islands Approach (Western Greece),Tripoli Commercial Port Approach (Libya),35.788308,18.62362,13.4,225.3,226,-0.3,Under way using engine,TRIPOLI,09-09 20:00,Post-Anomaly Transit,Low,Realigned with shipping lane; resumed passage toward Tripoli approach
2026-09-08 17:27:00,636018000,9498871,AEGEAN MARINER,A8TZ6,Chemical Tanker,8.9,Katakolo / Ionian Islands Approach (Western Greece),Tripoli Commercial Port Approach (Libya),35.780495,18.613745,13.4,226.2,227,0.1,Under way using engine,TRIPOLI,09-09 20:00,Post-Anomaly Transit,Low,Realigned with shipping lane; resumed passage toward Tripoli approach
2026-09-08 17:30:00,636018000,9498871,AEGEAN MARINER,A8TZ6,Chemical Tanker,8.9,Katakolo / Ionian Islands Approach (Western Greece),Tripoli Commercial Port Approach (Libya),35.772745,18.603785,13.4,226.5,227,-0.1,Under way using engine,TRIPOLI,09-09 20:00,Post-Anomaly Transit,Low,Realigned with shipping lane; resumed passage toward Tripoli approach
2026-09-08 17:33:00,636018000,9498871,AEGEAN MARINER,A8TZ6,Chemical Tanker,8.9,Katakolo / Ionian Islands Approach (Western Greece),Tripoli Commercial Port Approach (Libya),35.76498,18.59384,13.4,225.9,227,-0.2,Under way using engine,TRIPOLI,09-09 20:00,Post-Anomaly Transit,Low,Realigned with shipping lane; resumed passage toward Tripoli approach
2026-09-08 17:36:00,636018000,9498871,AEGEAN MARINER,A8TZ6,Chemical Tanker,8.9,Katakolo / Ionian Islands Approach (Western Greece),Tripoli Commercial Port Approach (Libya),35.757117,18.584022,13.4,225.2,226,-0.0,Under way using engine,TRIPOLI,09-09 20:00,Post-Anomaly Transit,Low,Realigned with shipping lane; resumed passage toward Tripoli approach
2026-09-08 17:39:00,636018000,9498871,AEGEAN MARINER,A8TZ6,Chemical Tanker,8.9,Katakolo / Ionian Islands Approach (Western Greece),Tripoli Commercial Port Approach (Libya),35.749236,18.574237,13.4,225.9,226,0.1,Under way using engine,TRIPOLI,09-09 20:00,Post-Anomaly Transit,Low,Realigned with shipping lane; resumed passage toward Tripoli approach
2026-09-08 17:42:00,636018000,9498871,AEGEAN MARINER,A8TZ6,Chemical Tanker,8.9,Katakolo / Ionian Islands Approach (Western Greece),Tripoli Commercial Port Approach (Libya),35.7414,18.56439,13.5,225.6,226,-0.0,Under way using engine,TRIPOLI,09-09 20:00,Post-Anomaly Transit,Low,Realigned with shipping lane; resumed passage toward Tripoli approach
2026-09-08 17:45:00,636018000,9498871,AEGEAN MARINER,A8TZ6,Chemical Tanker,8.9,Katakolo / Ionian Islands Approach (Western Greece),Tripoli Commercial Port Approach (Libya),35.73363,18.554465,13.4,225.9,227,-0.1,Under way using engine,TRIPOLI,09-09 20:00,Post-Anomaly Transit,Low,Realigned with shipping lane; resumed passage toward Tripoli approach
2026-09-08 17:48:00,636018000,9498871,AEGEAN MARINER,A8TZ6,Chemical Tanker,8.9,Katakolo / Ionian Islands Approach (Western Greece),Tripoli Commercial Port Approach (Libya),35.725934,18.544459,13.4,226.5,227,-0.0,Under way using engine,TRIPOLI,09-09 20:00,Post-Anomaly Transit,Low,Realigned with shipping lane; resumed passage toward Tripoli approach
2026-09-08 17:51:00,636018000,9498871,AEGEAN MARINER,A8TZ6,Chemical Tanker,8.9,Katakolo / Ionian Islands Approach (Western Greece),Tripoli Commercial Port Approach (Libya),35.718239,18.534459,13.4,226.3,227,-0.1,Under way using engine,TRIPOLI,09-09 20:00,Post-Anomaly Transit,Low,Realigned with shipping lane; resumed passage toward Tripoli approach
2026-09-08 17:54:00,636018000,9498871,AEGEAN MARINER,A8TZ6,Chemical Tanker,8.9,Katakolo / Ionian Islands Approach (Western Greece),Tripoli Commercial Port Approach (Libya),35.71044,18.524583,13.4,225.7,226,-0.1,Under way using engine,TRIPOLI,09-09 20:00,Post-Anomaly Transit,Low,Realigned with shipping lane; resumed passage toward Tripoli approach
2026-09-08 17:57:00,636018000,9498871,AEGEAN MARINER,A8TZ6,Chemical Tanker,8.9,Katakolo / Ionian Islands Approach (Western Greece),Tripoli Commercial Port Approach (Libya),35.702638,18.514685,13.4,225.7,226,0.1,Under way using engine,TRIPOLI,09-09 20:00,Post-Anomaly Transit,Low,Realigned with shipping lane; resumed passage toward Tripoli approach
2026-09-08 18:00:00,636018000,9498871,AEGEAN MARINER,A8TZ6,Chemical Tanker,8.9,Katakolo / Ionian Islands Approach (Western Greece),Tripoli Commercial Port Approach (Libya),35.694775,18.504838,13.5,225.2,226,-0.1,Under way using engine,TRIPOLI,09-09 20:00,Post-Anomaly Transit,Low,Realigned with shipping lane; resumed passage toward Tripoli approach
2026-09-08 18:03:00,636018000,9498871,AEGEAN MARINER,A8TZ6,Chemical Tanker,8.9,Katakolo / Ionian Islands Approach (Western Greece),Tripoli Commercial Port Approach (Libya),35.686971,18.494967,13.5,226.8,227,-0.0,Under way using engine,TRIPOLI,09-09 20:00,Post-Anomaly Transit,Low,Realigned with shipping lane; resumed passage toward Tripoli approach
2026-09-08 18:06:00,636018000,9498871,AEGEAN MARINER,A8TZ6,Chemical Tanker,8.9,Katakolo / Ionian Islands Approach (Western Greece),Tripoli Commercial Port Approach (Libya),35.679292,18.484939,13.4,226.9,228,-0.1,Under way using engine,TRIPOLI,09-09 20:00,Post-Anomaly Transit,Low,Realigned with shipping lane; resumed passage toward Tripoli approach
2026-09-08 18:09:00,636018000,9498871,AEGEAN MARINER,A8TZ6,Chemical Tanker,8.9,Katakolo / Ionian Islands Approach (Western Greece),Tripoli Commercial Port Approach (Libya),35.671567,18.474974,13.4,226.0,227,-0.0,Under way using engine,TRIPOLI,09-09 20:00,Post-Anomaly Transit,Low,Realigned with shipping lane; resumed passage toward Tripoli approach
2026-09-08 18:12:00,636018000,9498871,AEGEAN MARINER,A8TZ6,Chemical Tanker,8.9,Katakolo / Ionian Islands Approach (Western Greece),Tripoli Commercial Port Approach (Libya),35.6638,18.465089,13.4,226.2,227,0.0,Under way using engine,TRIPOLI,09-09 20:00,Post-Anomaly Transit,Low,Realigned with shipping lane; resumed passage toward Tripoli approach
2026-09-08 18:15:00,636018000,9498871,AEGEAN MARINER,A8TZ6,Chemical Tanker,8.9,Katakolo / Ionian Islands Approach (Western Greece),Tripoli Commercial Port Approach (Libya),35.656021,18.455191,13.4,226.2,227,-0.0,Under way using engine,TRIPOLI,09-09 20:00,Post-Anomaly Transit,Low,Realigned with shipping lane; resumed passage toward Tripoli approach
2026-09-08 18:18:00,636018000,9498871,AEGEAN MARINER,A8TZ6,Chemical Tanker,8.9,Katakolo / Ionian Islands Approach (Western Greece),Tripoli Commercial Port Approach (Libya),35.648275,18.44525,13.4,226.3,227,0.1,Under way using engine,TRIPOLI,09-09 20:00,Post-Anomaly Transit,Low,Realigned with shipping lane; resumed passage toward Tripoli approach
2026-09-08 18:21:00,636018000,9498871,AEGEAN MARINER,A8TZ6,Chemical Tanker,8.9,Katakolo / Ionian Islands Approach (Western Greece),Tripoli Commercial Port Approach (Libya),35.640514,18.435304,13.4,225.8,227,-0.2,Under way using engine,TRIPOLI,09-09 20:00,Post-Anomaly Transit,Low,Realigned with shipping lane; resumed passage toward Tripoli approach
2026-09-08 18:24:00,636018000,9498871,AEGEAN MARINER,A8TZ6,Chemical Tanker,8.9,Katakolo / Ionian Islands Approach (Western Greece),Tripoli Commercial Port Approach (Libya),35.63278,18.425353,13.5,226.5,227,0.1,Under way using engine,TRIPOLI,09-09 20:00,Post-Anomaly Transit,Low,Realigned with shipping lane; resumed passage toward Tripoli approach
2026-09-08 18:27:00,636018000,9498871,AEGEAN MARINER,A8TZ6,Chemical Tanker,8.9,Katakolo / Ionian Islands Approach (Western Greece),Tripoli Commercial Port Approach (Libya),35.625014,18.415438,13.5,225.6,226,-0.0,Under way using engine,TRIPOLI,09-09 20:00,Post-Anomaly Transit,Low,Realigned with shipping lane; resumed passage toward Tripoli approach
2026-09-08 18:30:00,636018000,9498871,AEGEAN MARINER,A8TZ6,Chemical Tanker,8.9,Katakolo / Ionian Islands Approach (Western Greece),Tripoli Commercial Port Approach (Libya),35.617185,18.405584,13.5,226.0,227,0.0,Under way using engine,TRIPOLI,09-09 20:00,Post-Anomaly Transit,Low,Realigned with shipping lane; resumed passage toward Tripoli approach
2026-09-08 18:33:00,636018000,9498871,AEGEAN MARINER,A8TZ6,Chemical Tanker,8.9,Katakolo / Ionian Islands Approach (Western Greece),Tripoli Commercial Port Approach (Libya),35.609473,18.395598,13.4,226.4,227,-0.1,Under way using engine,TRIPOLI,09-09 20:00,Post-Anomaly Transit,Low,Realigned with shipping lane; resumed passage toward Tripoli approach
2026-09-08 18:36:00,636018000,9498871,AEGEAN MARINER,A8TZ6,Chemical Tanker,8.9,Katakolo / Ionian Islands Approach (Western Greece),Tripoli Commercial Port Approach (Libya),35.601706,18.385683,13.4,226.2,227,-0.1,Under way using engine,TRIPOLI,09-09 20:00,Post-Anomaly Transit,Low,Realigned with shipping lane; resumed passage toward Tripoli approach
2026-09-08 18:39:00,636018000,9498871,AEGEAN MARINER,A8TZ6,Chemical Tanker,8.9,Katakolo / Ionian Islands Approach (Western Greece),Tripoli Commercial Port Approach (Libya),35.593917,18.375809,13.4,225.7,226,0.0,Under way using engine,TRIPOLI,09-09 20:00,Post-Anomaly Transit,Low,Realigned with shipping lane; resumed passage toward Tripoli approach
2026-09-08 18:42:00,636018000,9498871,AEGEAN MARINER,A8TZ6,Chemical Tanker,8.9,Katakolo / Ionian Islands Approach (Western Greece),Tripoli Commercial Port Approach (Libya),35.586194,18.365843,13.4,225.8,226,0.0,Under way using engine,TRIPOLI,09-09 20:00,Post-Anomaly Transit,Low,Realigned with shipping lane; resumed passage toward Tripoli approach
2026-09-08 18:45:00,636018000,9498871,AEGEAN MARINER,A8TZ6,Chemical Tanker,8.9,Katakolo / Ionian Islands Approach (Western Greece),Tripoli Commercial Port Approach (Libya),35.57834,18.356077,13.4,225.1,226,0.0,Under way using engine,TRIPOLI,09-09 20:00,Post-Anomaly Transit,Low,Realigned with shipping lane; resumed passage toward Tripoli approach
2026-09-08 18:48:00,636018000,9498871,AEGEAN MARINER,A8TZ6,Chemical Tanker,8.9,Katakolo / Ionian Islands Approach (Western Greece),Tripoli Commercial Port Approach (Libya),35.570382,18.346383,13.5,224.2,225,0.2,Under way using engine,TRIPOLI,09-09 20:00,Post-Anomaly Transit,Low,Realigned with shipping lane; resumed passage toward Tripoli approach
2026-09-08 18:51:00,636018000,9498871,AEGEAN MARINER,A8TZ6,Chemical Tanker,8.9,Katakolo / Ionian Islands Approach (Western Greece),Tripoli Commercial Port Approach (Libya),35.562477,18.336647,13.4,225.2,226,0.2,Under way using engine,TRIPOLI,09-09 20:00,Post-Anomaly Transit,Low,Realigned with shipping lane; resumed passage toward Tripoli approach
2026-09-08 18:54:00,636018000,9498871,AEGEAN MARINER,A8TZ6,Chemical Tanker,8.9,Katakolo / Ionian Islands Approach (Western Greece),Tripoli Commercial Port Approach (Libya),35.554597,18.326875,13.4,225.4,226,0.1,Under way using engine,TRIPOLI,09-09 20:00,Post-Anomaly Transit,Low,Realigned with shipping lane; resumed passage toward Tripoli approach
2026-09-08 18:57:00,636018000,9498871,AEGEAN MARINER,A8TZ6,Chemical Tanker,8.9,Katakolo / Ionian Islands Approach (Western Greece),Tripoli Commercial Port Approach (Libya),35.546799,18.317015,13.5,225.7,226,0.1,Under way using engine,TRIPOLI,09-09 20:00,Post-Anomaly Transit,Low,Realigned with shipping lane; resumed passage toward Tripoli approach
2026-09-08 19:00:00,636018000,9498871,AEGEAN MARINER,A8TZ6,Chemical Tanker,8.9,Katakolo / Ionian Islands Approach (Western Greece),Tripoli Commercial Port Approach (Libya),35.539078,18.307094,13.4,226.9,228,-0.1,Under way using engine,TRIPOLI,09-09 20:00,Post-Anomaly Transit,Low,Realigned with shipping lane; resumed passage toward Tripoli approach
2026-09-08 19:03:00,636018000,9498871,AEGEAN MARINER,A8TZ6,Chemical Tanker,8.9,Katakolo / Ionian Islands Approach (Western Greece),Tripoli Commercial Port Approach (Libya),35.531359,18.297154,13.4,226.5,227,-0.1,Under way using engine,TRIPOLI,09-09 20:00,Post-Anomaly Transit,Low,Realigned with shipping lane; resumed passage toward Tripoli approach
2026-09-08 19:06:00,636018000,9498871,AEGEAN MARINER,A8TZ6,Chemical Tanker,8.9,Katakolo / Ionian Islands Approach (Western Greece),Tripoli Commercial Port Approach (Libya),35.523684,18.287162,13.4,226.9,228,0.2,Under way using engine,TRIPOLI,09-09 20:00,Post-Anomaly Transit,Low,Realigned with shipping lane; resumed passage toward Tripoli approach
2026-09-08 19:09:00,636018000,9498871,AEGEAN MARINER,A8TZ6,Chemical Tanker,8.9,Katakolo / Ionian Islands Approach (Western Greece),Tripoli Commercial Port Approach (Libya),35.515989,18.277165,13.4,227.1,228,-0.0,Under way using engine,TRIPOLI,09-09 20:00,Post-Anomaly Transit,Low,Realigned with shipping lane; resumed passage toward Tripoli approach
2026-09-08 19:12:00,636018000,9498871,AEGEAN MARINER,A8TZ6,Chemical Tanker,8.9,Katakolo / Ionian Islands Approach (Western Greece),Tripoli Commercial Port Approach (Libya),35.508337,18.267094,13.4,226.8,228,0.1,Under way using engine,TRIPOLI,09-09 20:00,Post-Anomaly Transit,Low,Realigned with shipping lane; resumed passage toward Tripoli approach
2026-09-08 19:15:00,636018000,9498871,AEGEAN MARINER,A8TZ6,Chemical Tanker,8.9,Katakolo / Ionian Islands Approach (Western Greece),Tripoli Commercial Port Approach (Libya),35.500629,18.257125,13.4,226.1,227,-0.0,Under way using engine,TRIPOLI,09-09 20:00,Post-Anomaly Transit,Low,Realigned with shipping lane; resumed passage toward Tripoli approach
2026-09-08 19:18:00,636018000,9498871,AEGEAN MARINER,A8TZ6,Chemical Tanker,8.9,Katakolo / Ionian Islands Approach (Western Greece),Tripoli Commercial Port Approach (Libya),35.492781,18.247315,13.4,225.0,226,-0.1,Under way using engine,TRIPOLI,09-09 20:00,Post-Anomaly Transit,Low,Realigned with shipping lane; resumed passage toward Tripoli approach
2026-09-08 19:21:00,636018000,9498871,AEGEAN MARINER,A8TZ6,Chemical Tanker,8.9,Katakolo / Ionian Islands Approach (Western Greece),Tripoli Commercial Port Approach (Libya),35.484987,18.237431,13.4,226.5,227,0.1,Under way using engine,TRIPOLI,09-09 20:00,Post-Anomaly Transit,Low,Realigned with shipping lane; resumed passage toward Tripoli approach
2026-09-08 19:24:00,636018000,9498871,AEGEAN MARINER,A8TZ6,Chemical Tanker,8.9,Katakolo / Ionian Islands Approach (Western Greece),Tripoli Commercial Port Approach (Libya),35.47713,18.227646,13.4,225.2,226,-0.1,Under way using engine,TRIPOLI,09-09 20:00,Post-Anomaly Transit,Low,Realigned with shipping lane; resumed passage toward Tripoli approach
2026-09-08 19:27:00,636018000,9498871,AEGEAN MARINER,A8TZ6,Chemical Tanker,8.9,Katakolo / Ionian Islands Approach (Western Greece),Tripoli Commercial Port Approach (Libya),35.469236,18.217881,13.5,225.1,226,0.2,Under way using engine,TRIPOLI,09-09 20:00,Post-Anomaly Transit,Low,Realigned with shipping lane; resumed passage toward Tripoli approach
2026-09-08 19:30:00,636018000,9498871,AEGEAN MARINER,A8TZ6,Chemical Tanker,8.9,Katakolo / Ionian Islands Approach (Western Greece),Tripoli Commercial Port Approach (Libya),35.461352,18.208123,13.5,225.2,226,0.0,Under way using engine,TRIPOLI,09-09 20:00,Post-Anomaly Transit,Low,Realigned with shipping lane; resumed passage toward Tripoli approach
2026-09-08 19:33:00,636018000,9498871,AEGEAN MARINER,A8TZ6,Chemical Tanker,8.9,Katakolo / Ionian Islands Approach (Western Greece),Tripoli Commercial Port Approach (Libya),35.453491,18.198318,13.4,225.8,227,-0.1,Under way using engine,TRIPOLI,09-09 20:00,Post-Anomaly Transit,Low,Realigned with shipping lane; resumed passage toward Tripoli approach
2026-09-08 19:36:00,636018000,9498871,AEGEAN MARINER,A8TZ6,Chemical Tanker,8.9,Katakolo / Ionian Islands Approach (Western Greece),Tripoli Commercial Port Approach (Libya),35.445696,18.18845,13.5,225.7,226,-0.1,Under way using engine,TRIPOLI,09-09 20:00,Post-Anomaly Transit,Low,Realigned with shipping lane; resumed passage toward Tripoli approach
2026-09-08 19:39:00,636018000,9498871,AEGEAN MARINER,A8TZ6,Chemical Tanker,8.9,Katakolo / Ionian Islands Approach (Western Greece),Tripoli Commercial Port Approach (Libya),35.43789,18.178583,13.5,225.7,226,0.2,Under way using engine,TRIPOLI,09-09 20:00,Post-Anomaly Transit,Low,Realigned with shipping lane; resumed passage toward Tripoli approach
2026-09-08 19:42:00,636018000,9498871,AEGEAN MARINER,A8TZ6,Chemical Tanker,8.9,Katakolo / Ionian Islands Approach (Western Greece),Tripoli Commercial Port Approach (Libya),35.43021,18.16859,13.5,226.8,228,0.1,Under way using engine,TRIPOLI,09-09 20:00,Post-Anomaly Transit,Low,Realigned with shipping lane; resumed passage toward Tripoli approach
2026-09-08 19:45:00,636018000,9498871,AEGEAN MARINER,A8TZ6,Chemical Tanker,8.9,Katakolo / Ionian Islands Approach (Western Greece),Tripoli Commercial Port Approach (Libya),35.422521,18.158597,13.5,226.9,228,-0.1,Under way using engine,TRIPOLI,09-09 20:00,Post-Anomaly Transit,Low,Realigned with shipping lane; resumed passage toward Tripoli approach
2026-09-08 19:48:00,636018000,9498871,AEGEAN MARINER,A8TZ6,Chemical Tanker,8.9,Katakolo / Ionian Islands Approach (Western Greece),Tripoli Commercial Port Approach (Libya),35.414888,18.148535,13.4,227.1,228,-0.1,Under way using engine,TRIPOLI,09-09 20:00,Post-Anomaly Transit,Low,Realigned with shipping lane; resumed passage toward Tripoli approach
2026-09-08 19:51:00,636018000,9498871,AEGEAN MARINER,A8TZ6,Chemical Tanker,8.9,Katakolo / Ionian Islands Approach (Western Greece),Tripoli Commercial Port Approach (Libya),35.407077,18.138662,13.5,225.4,226,0.1,Under way using engine,TRIPOLI,09-09 20:00,Post-Anomaly Transit,Low,Realigned with shipping lane; resumed passage toward Tripoli approach
2026-09-08 19:54:00,636018000,9498871,AEGEAN MARINER,A8TZ6,Chemical Tanker,8.9,Katakolo / Ionian Islands Approach (Western Greece),Tripoli Commercial Port Approach (Libya),35.399299,18.12881,13.5,226.1,227,-0.2,Under way using engine,TRIPOLI,09-09 20:00,Post-Anomaly Transit,Low,Realigned with shipping lane; resumed passage toward Tripoli approach
2026-09-08 19:57:00,636018000,9498871,AEGEAN MARINER,A8TZ6,Chemical Tanker,8.9,Katakolo / Ionian Islands Approach (Western Greece),Tripoli Commercial Port Approach (Libya),35.391575,18.118875,13.4,226.4,227,-0.1,Under way using engine,TRIPOLI,09-09 20:00,Post-Anomaly Transit,Low,Realigned with shipping lane; resumed passage toward Tripoli approach
2026-09-08 20:00:00,636018000,9498871,AEGEAN MARINER,A8TZ6,Chemical Tanker,8.9,Katakolo / Ionian Islands Approach (Western Greece),Tripoli Commercial Port Approach (Libya),35.383776,18.109021,13.4,225.9,227,-0.0,Under way using engine,TRIPOLI,09-09 20:00,Post-Anomaly Transit,Low,Realigned with shipping lane; resumed passage toward Tripoli approach
2026-09-08 20:03:00,636018000,9498871,AEGEAN MARINER,A8TZ6,Chemical Tanker,8.9,Katakolo / Ionian Islands Approach (Western Greece),Tripoli Commercial Port Approach (Libya),35.376041,18.099091,13.4,226.3,227,0.0,Under way using engine,TRIPOLI,09-09 20:00,Post-Anomaly Transit,Low,Realigned with shipping lane; resumed passage toward Tripoli approach
2026-09-08 20:06:00,636018000,9498871,AEGEAN MARINER,A8TZ6,Chemical Tanker,8.9,Katakolo / Ionian Islands Approach (Western Greece),Tripoli Commercial Port Approach (Libya),35.368257,18.089224,13.4,225.9,227,-0.1,Under way using engine,TRIPOLI,09-09 20:00,Post-Anomaly Transit,Low,Realigned with shipping lane; resumed passage toward Tripoli approach
2026-09-08 20:09:00,636018000,9498871,AEGEAN MARINER,A8TZ6,Chemical Tanker,8.9,Katakolo / Ionian Islands Approach (Western Greece),Tripoli Commercial Port Approach (Libya),35.360492,18.079324,13.4,226.4,227,0.1,Under way using engine,TRIPOLI,09-09 20:00,Post-Anomaly Transit,Low,Realigned with shipping lane; resumed passage toward Tripoli approach
2026-09-08 20:12:00,636018000,9498871,AEGEAN MARINER,A8TZ6,Chemical Tanker,8.9,Katakolo / Ionian Islands Approach (Western Greece),Tripoli Commercial Port Approach (Libya),35.352692,18.069436,13.4,226.2,227,0.0,Under way using engine,TRIPOLI,09-09 20:00,Post-Anomaly Transit,Low,Realigned with shipping lane; resumed passage toward Tripoli approach
2026-09-08 20:15:00,636018000,9498871,AEGEAN MARINER,A8TZ6,Chemical Tanker,8.9,Katakolo / Ionian Islands Approach (Western Greece),Tripoli Commercial Port Approach (Libya),35.344926,18.059512,13.5,226.6,227,0.1,Under way using engine,TRIPOLI,09-09 20:00,Post-Anomaly Transit,Low,Realigned with shipping lane; resumed passage toward Tripoli approach
2026-09-08 20:18:00,636018000,9498871,AEGEAN MARINER,A8TZ6,Chemical Tanker,8.9,Katakolo / Ionian Islands Approach (Western Greece),Tripoli Commercial Port Approach (Libya),35.337219,18.049553,13.4,226.2,227,-0.0,Under way using engine,TRIPOLI,09-09 20:00,Post-Anomaly Transit,Low,Realigned with shipping lane; resumed passage toward Tripoli approach
2026-09-08 20:21:00,636018000,9498871,AEGEAN MARINER,A8TZ6,Chemical Tanker,8.9,Katakolo / Ionian Islands Approach (Western Greece),Tripoli Commercial Port Approach (Libya),35.32943,18.039673,13.5,226.5,227,0.1,Under way using engine,TRIPOLI,09-09 20:00,Post-Anomaly Transit,Low,Realigned with shipping lane; resumed passage toward Tripoli approach
2026-09-08 20:24:00,636018000,9498871,AEGEAN MARINER,A8TZ6,Chemical Tanker,8.9,Katakolo / Ionian Islands Approach (Western Greece),Tripoli Commercial Port Approach (Libya),35.321699,18.02974,13.5,225.8,227,0.1,Under way using engine,TRIPOLI,09-09 20:00,Post-Anomaly Transit,Low,Realigned with shipping lane; resumed passage toward Tripoli approach
2026-09-08 20:27:00,636018000,9498871,AEGEAN MARINER,A8TZ6,Chemical Tanker,8.9,Katakolo / Ionian Islands Approach (Western Greece),Tripoli Commercial Port Approach (Libya),35.313807,18.020005,13.4,225.0,226,-0.0,Under way using engine,TRIPOLI,09-09 20:00,Post-Anomaly Transit,Low,Realigned with shipping lane; resumed passage toward Tripoli approach
2026-09-08 20:30:00,636018000,9498871,AEGEAN MARINER,A8TZ6,Chemical Tanker,8.9,Katakolo / Ionian Islands Approach (Western Greece),Tripoli Commercial Port Approach (Libya),35.305868,18.010291,13.5,224.9,226,-0.1,Under way using engine,TRIPOLI,09-09 20:00,Post-Anomaly Transit,Low,Realigned with shipping lane; resumed passage toward Tripoli approach
2026-09-08 20:33:00,636018000,9498871,AEGEAN MARINER,A8TZ6,Chemical Tanker,8.9,Katakolo / Ionian Islands Approach (Western Greece),Tripoli Commercial Port Approach (Libya),35.298105,18.000365,13.5,226.7,228,0.0,Under way using engine,TRIPOLI,09-09 20:00,Post-Anomaly Transit,Low,Realigned with shipping lane; resumed passage toward Tripoli approach
2026-09-08 20:36:00,636018000,9498871,AEGEAN MARINER,A8TZ6,Chemical Tanker,8.9,Katakolo / Ionian Islands Approach (Western Greece),Tripoli Commercial Port Approach (Libya),35.290411,17.990377,13.5,226.5,227,0.0,Under way using engine,TRIPOLI,09-09 20:00,Post-Anomaly Transit,Low,Realigned with shipping lane; resumed passage toward Tripoli approach
2026-09-08 20:39:00,636018000,9498871,AEGEAN MARINER,A8TZ6,Chemical Tanker,8.9,Katakolo / Ionian Islands Approach (Western Greece),Tripoli Commercial Port Approach (Libya),35.282735,17.980385,13.5,226.5,227,-0.1,Under way using engine,TRIPOLI,09-09 20:00,Post-Anomaly Transit,Low,Realigned with shipping lane; resumed passage toward Tripoli approach
2026-09-08 20:42:00,636018000,9498871,AEGEAN MARINER,A8TZ6,Chemical Tanker,8.9,Katakolo / Ionian Islands Approach (Western Greece),Tripoli Commercial Port Approach (Libya),35.274897,17.970575,13.5,225.4,226,0.2,Under way using engine,TRIPOLI,09-09 20:00,Post-Anomaly Transit,Low,Realigned with shipping lane; resumed passage toward Tripoli approach
2026-09-08 20:45:00,636018000,9498871,AEGEAN MARINER,A8TZ6,Chemical Tanker,8.9,Katakolo / Ionian Islands Approach (Western Greece),Tripoli Commercial Port Approach (Libya),35.267169,17.960663,13.4,226.9,228,-0.0,Under way using engine,TRIPOLI,09-09 20:00,Post-Anomaly Transit,Low,Realigned with shipping lane; resumed passage toward Tripoli approach
2026-09-08 20:48:00,636018000,9498871,AEGEAN MARINER,A8TZ6,Chemical Tanker,8.9,Katakolo / Ionian Islands Approach (Western Greece),Tripoli Commercial Port Approach (Libya),35.259527,17.950633,13.5,226.9,228,-0.0,Under way using engine,TRIPOLI,09-09 20:00,Post-Anomaly Transit,Low,Realigned with shipping lane; resumed passage toward Tripoli approach
2026-09-08 20:51:00,636018000,9498871,AEGEAN MARINER,A8TZ6,Chemical Tanker,8.9,Katakolo / Ionian Islands Approach (Western Greece),Tripoli Commercial Port Approach (Libya),35.251752,17.940749,13.4,225.5,226,-0.3,Under way using engine,TRIPOLI,09-09 20:00,Post-Anomaly Transit,Low,Realigned with shipping lane; resumed passage toward Tripoli approach
2026-09-08 20:54:00,636018000,9498871,AEGEAN MARINER,A8TZ6,Chemical Tanker,8.9,Katakolo / Ionian Islands Approach (Western Greece),Tripoli Commercial Port Approach (Libya),35.243957,17.93089,13.5,227.0,228,0.1,Under way using engine,TRIPOLI,09-09 20:00,Post-Anomaly Transit,Low,Realigned with shipping lane; resumed passage toward Tripoli approach
2026-09-08 20:57:00,636018000,9498871,AEGEAN MARINER,A8TZ6,Chemical Tanker,8.9,Katakolo / Ionian Islands Approach (Western Greece),Tripoli Commercial Port Approach (Libya),35.236308,17.920864,13.4,227.1,228,0.0,Under way using engine,TRIPOLI,09-09 20:00,Post-Anomaly Transit,Low,Realigned with shipping lane; resumed passage toward Tripoli approach
2026-09-08 21:00:00,636018000,9498871,AEGEAN MARINER,A8TZ6,Chemical Tanker,8.9,Katakolo / Ionian Islands Approach (Western Greece),Tripoli Commercial Port Approach (Libya),35.228686,17.910816,13.4,226.9,228,-0.1,Under way using engine,TRIPOLI,09-09 20:00,Post-Anomaly Transit,Low,Realigned with shipping lane; resumed passage toward Tripoli approach
2026-09-08 21:03:00,636018000,9498871,AEGEAN MARINER,A8TZ6,Chemical Tanker,8.9,Katakolo / Ionian Islands Approach (Western Greece),Tripoli Commercial Port Approach (Libya),35.221083,17.900746,13.4,226.8,228,-0.1,Under way using engine,TRIPOLI,09-09 20:00,Post-Anomaly Transit,Low,Realigned with shipping lane; resumed passage toward Tripoli approach
2026-09-08 21:06:00,636018000,9498871,AEGEAN MARINER,A8TZ6,Chemical Tanker,8.9,Katakolo / Ionian Islands Approach (Western Greece),Tripoli Commercial Port Approach (Libya),35.213373,17.890789,13.5,226.3,227,-0.0,Under way using engine,TRIPOLI,09-09 20:00,Post-Anomaly Transit,Low,Realigned with shipping lane; resumed passage toward Tripoli approach
2026-09-08 21:09:00,636018000,9498871,AEGEAN MARINER,A8TZ6,Chemical Tanker,8.9,Katakolo / Ionian Islands Approach (Western Greece),Tripoli Commercial Port Approach (Libya),35.205595,17.880895,13.5,226.4,227,0.1,Under way using engine,TRIPOLI,09-09 20:00,Post-Anomaly Transit,Low,Realigned with shipping lane; resumed passage toward Tripoli approach
2026-09-08 21:12:00,636018000,9498871,AEGEAN MARINER,A8TZ6,Chemical Tanker,8.9,Katakolo / Ionian Islands Approach (Western Greece),Tripoli Commercial Port Approach (Libya),35.197988,17.870845,13.4,227.4,228,-0.1,Under way using engine,TRIPOLI,09-09 20:00,Post-Anomaly Transit,Low,Realigned with shipping lane; resumed passage toward Tripoli approach
2026-09-08 21:15:00,636018000,9498871,AEGEAN MARINER,A8TZ6,Chemical Tanker,8.9,Katakolo / Ionian Islands Approach (Western Greece),Tripoli Commercial Port Approach (Libya),35.190336,17.860832,13.5,226.9,228,0.1,Under way using engine,TRIPOLI,09-09 20:00,Post-Anomaly Transit,Low,Realigned with shipping lane; resumed passage toward Tripoli approach
2026-09-08 21:18:00,636018000,9498871,AEGEAN MARINER,A8TZ6,Chemical Tanker,8.9,Katakolo / Ionian Islands Approach (Western Greece),Tripoli Commercial Port Approach (Libya),35.182757,17.850757,13.4,227.1,228,0.1,Under way using engine,TRIPOLI,09-09 20:00,Post-Anomaly Transit,Low,Realigned with shipping lane; resumed passage toward Tripoli approach
2026-09-08 21:21:00,636018000,9498871,AEGEAN MARINER,A8TZ6,Chemical Tanker,8.9,Katakolo / Ionian Islands Approach (Western Greece),Tripoli Commercial Port Approach (Libya),35.175099,17.84073,13.4,226.6,227,0.0,Under way using engine,TRIPOLI,09-09 20:00,Post-Anomaly Transit,Low,Realigned with shipping lane; resumed passage toward Tripoli approach
2026-09-08 21:24:00,636018000,9498871,AEGEAN MARINER,A8TZ6,Chemical Tanker,8.9,Katakolo / Ionian Islands Approach (Western Greece),Tripoli Commercial Port Approach (Libya),35.167479,17.83064,13.5,227.5,228,-0.0,Under way using engine,TRIPOLI,09-09 20:00,Post-Anomaly Transit,Low,Realigned with shipping lane; resumed passage toward Tripoli approach
2026-09-08 21:27:00,636018000,9498871,AEGEAN MARINER,A8TZ6,Chemical Tanker,8.9,Katakolo / Ionian Islands Approach (Western Greece),Tripoli Commercial Port Approach (Libya),35.159954,17.820502,13.4,227.4,228,-0.1,Under way using engine,TRIPOLI,09-09 20:00,Post-Anomaly Transit,Low,Realigned with shipping lane; resumed passage toward Tripoli approach
2026-09-08 21:30:00,636018000,9498871,AEGEAN MARINER,A8TZ6,Chemical Tanker,8.9,Katakolo / Ionian Islands Approach (Western Greece),Tripoli Commercial Port Approach (Libya),35.152311,17.810463,13.4,227.0,228,0.1,Under way using engine,TRIPOLI,09-09 20:00,Post-Anomaly Transit,Low,Realigned with shipping lane; resumed passage toward Tripoli approach
2026-09-08 21:33:00,636018000,9498871,AEGEAN MARINER,A8TZ6,Chemical Tanker,8.9,Katakolo / Ionian Islands Approach (Western Greece),Tripoli Commercial Port Approach (Libya),35.144753,17.800345,13.4,227.7,229,-0.1,Under way using engine,TRIPOLI,09-09 20:00,Post-Anomaly Transit,Low,Realigned with shipping lane; resumed passage toward Tripoli approach
2026-09-08 21:36:00,636018000,9498871,AEGEAN MARINER,A8TZ6,Chemical Tanker,8.9,Katakolo / Ionian Islands Approach (Western Greece),Tripoli Commercial Port Approach (Libya),35.137295,17.790107,13.5,228.1,229,0.1,Under way using engine,TRIPOLI,09-09 20:00,Post-Anomaly Transit,Low,Realigned with shipping lane; resumed passage toward Tripoli approach
2026-09-08 21:39:00,636018000,9498871,AEGEAN MARINER,A8TZ6,Chemical Tanker,8.9,Katakolo / Ionian Islands Approach (Western Greece),Tripoli Commercial Port Approach (Libya),35.129709,17.780005,13.5,227.0,228,0.0,Under way using engine,TRIPOLI,09-09 20:00,Post-Anomaly Transit,Low,Realigned with shipping lane; resumed passage toward Tripoli approach
2026-09-08 21:42:00,636018000,9498871,AEGEAN MARINER,A8TZ6,Chemical Tanker,8.9,Katakolo / Ionian Islands Approach (Western Greece),Tripoli Commercial Port Approach (Libya),35.122038,17.770001,13.5,226.6,227,0.1,Under way using engine,TRIPOLI,09-09 20:00,Post-Anomaly Transit,Low,Realigned with shipping lane; resumed passage toward Tripoli approach
2026-09-08 21:45:00,636018000,9498871,AEGEAN MARINER,A8TZ6,Chemical Tanker,8.9,Katakolo / Ionian Islands Approach (Western Greece),Tripoli Commercial Port Approach (Libya),35.11444,17.759939,13.5,227.5,228,0.0,Under way using engine,TRIPOLI,09-09 20:00,Post-Anomaly Transit,Low,Realigned with shipping lane; resumed passage toward Tripoli approach
2026-09-08 21:48:00,636018000,9498871,AEGEAN MARINER,A8TZ6,Chemical Tanker,8.9,Katakolo / Ionian Islands Approach (Western Greece),Tripoli Commercial Port Approach (Libya),35.106881,17.749811,13.5,227.8,229,0.1,Under way using engine,TRIPOLI,09-09 20:00,Post-Anomaly Transit,Low,Realigned with shipping lane; resumed passage toward Tripoli approach
2026-09-08 21:51:00,636018000,9498871,AEGEAN MARINER,A8TZ6,Chemical Tanker,8.9,Katakolo / Ionian Islands Approach (Western Greece),Tripoli Commercial Port Approach (Libya),35.099322,17.739685,13.5,227.8,229,0.0,Under way using engine,TRIPOLI,09-09 20:00,Post-Anomaly Transit,Low,Realigned with shipping lane; resumed passage toward Tripoli approach
2026-09-08 21:54:00,636018000,9498871,AEGEAN MARINER,A8TZ6,Chemical Tanker,8.9,Katakolo / Ionian Islands Approach (Western Greece),Tripoli Commercial Port Approach (Libya),35.091761,17.729558,13.4,227.3,228,0.0,Under way using engine,TRIPOLI,09-09 20:00,Post-Anomaly Transit,Low,Realigned with shipping lane; resumed passage toward Tripoli approach
2026-09-08 21:57:00,636018000,9498871,AEGEAN MARINER,A8TZ6,Chemical Tanker,8.9,Katakolo / Ionian Islands Approach (Western Greece),Tripoli Commercial Port Approach (Libya),35.084148,17.719518,13.4,227.5,228,0.2,Under way using engine,TRIPOLI,09-09 20:00,Post-Anomaly Transit,Low,Realigned with shipping lane; resumed passage toward Tripoli approach
2026-09-08 22:00:00,636018000,9498871,AEGEAN MARINER,A8TZ6,Chemical Tanker,8.9,Katakolo / Ionian Islands Approach (Western Greece),Tripoli Commercial Port Approach (Libya),35.076622,17.709358,13.4,228.0,229,0.0,Under way using engine,TRIPOLI,09-09 20:00,Post-Anomaly Transit,Low,Realigned with shipping lane; resumed passage toward Tripoli approach
2026-09-08 22:03:00,636018000,9498871,AEGEAN MARINER,A8TZ6,Chemical Tanker,8.9,Katakolo / Ionian Islands Approach (Western Greece),Tripoli Commercial Port Approach (Libya),35.069219,17.699071,13.4,229.2,230,0.1,Under way using engine,TRIPOLI,09-09 20:00,Post-Anomaly Transit,Low,Realigned with shipping lane; resumed passage toward Tripoli approach
2026-09-08 22:06:00,636018000,9498871,AEGEAN MARINER,A8TZ6,Chemical Tanker,8.9,Katakolo / Ionian Islands Approach (Western Greece),Tripoli Commercial Port Approach (Libya),35.061772,17.688813,13.5,227.6,228,-0.0,Under way using engine,TRIPOLI,09-09 20:00,Post-Anomaly Transit,Low,Realigned with shipping lane; resumed passage toward Tripoli approach
2026-09-08 22:09:00,636018000,9498871,AEGEAN MARINER,A8TZ6,Chemical Tanker,8.9,Katakolo / Ionian Islands Approach (Western Greece),Tripoli Commercial Port Approach (Libya),35.054193,17.678678,13.5,227.6,228,-0.1,Under way using engine,TRIPOLI,09-09 20:00,Post-Anomaly Transit,Low,Realigned with shipping lane; resumed passage toward Tripoli approach
2026-09-08 22:12:00,636018000,9498871,AEGEAN MARINER,A8TZ6,Chemical Tanker,8.9,Katakolo / Ionian Islands Approach (Western Greece),Tripoli Commercial Port Approach (Libya),35.046771,17.668429,13.4,228.7,230,-0.1,Under way using engine,TRIPOLI,09-09 20:00,Post-Anomaly Transit,Low,Realigned with shipping lane; resumed passage toward Tripoli approach
2026-09-08 22:15:00,636018000,9498871,AEGEAN MARINER,A8TZ6,Chemical Tanker,8.9,Katakolo / Ionian Islands Approach (Western Greece),Tripoli Commercial Port Approach (Libya),35.039338,17.658158,13.5,228.7,230,0.2,Under way using engine,TRIPOLI,09-09 20:00,Post-Anomaly Transit,Low,Realigned with shipping lane; resumed passage toward Tripoli approach
2026-09-08 22:18:00,636018000,9498871,AEGEAN MARINER,A8TZ6,Chemical Tanker,8.9,Katakolo / Ionian Islands Approach (Western Greece),Tripoli Commercial Port Approach (Libya),35.032017,17.647799,13.4,229.4,230,-0.0,Under way using engine,TRIPOLI,09-09 20:00,Post-Anomaly Transit,Low,Realigned with shipping lane; resumed passage toward Tripoli approach
2026-09-08 22:21:00,636018000,9498871,AEGEAN MARINER,A8TZ6,Chemical Tanker,8.9,Katakolo / Ionian Islands Approach (Western Greece),Tripoli Commercial Port Approach (Libya),35.025255,17.636902,13.5,235.4,236,0.7,Under way using engine,TRIPOLI,09-09 20:00,Post-Anomaly Transit,Low,Realigned with shipping lane; resumed passage toward Tripoli approach
2026-09-08 22:24:00,636018000,9498871,AEGEAN MARINER,A8TZ6,Chemical Tanker,8.9,Katakolo / Ionian Islands Approach (Western Greece),Tripoli Commercial Port Approach (Libya),35.018584,17.62592,13.4,233.1,234,-0.1,Under way using engine,TRIPOLI,09-09 20:00,Post-Anomaly Transit,Low,Realigned with shipping lane; resumed passage toward Tripoli approach
2026-09-08 22:27:00,636018000,9498871,AEGEAN MARINER,A8TZ6,Chemical Tanker,8.9,Katakolo / Ionian Islands Approach (Western Greece),Tripoli Commercial Port Approach (Libya),35.011956,17.614918,13.4,233.8,235,-0.0,Under way using engine,TRIPOLI,09-09 20:00,Post-Anomaly Transit,Low,Realigned with shipping lane; resumed passage toward Tripoli approach
2026-09-08 22:30:00,636018000,9498871,AEGEAN MARINER,A8TZ6,Chemical Tanker,8.9,Katakolo / Ionian Islands Approach (Western Greece),Tripoli Commercial Port Approach (Libya),35.005202,17.604019,13.5,232.7,234,0.1,Under way using engine,TRIPOLI,09-09 20:00,Post-Anomaly Transit,Low,Realigned with shipping lane; resumed passage toward Tripoli approach
2026-09-08 22:33:00,636018000,9498871,AEGEAN MARINER,A8TZ6,Chemical Tanker,8.9,Katakolo / Ionian Islands Approach (Western Greece),Tripoli Commercial Port Approach (Libya),34.998462,17.593105,13.4,233.7,235,-0.0,Under way using engine,TRIPOLI,09-09 20:00,Post-Anomaly Transit,Low,Realigned with shipping lane; resumed passage toward Tripoli approach
2026-09-08 22:36:00,636018000,9498871,AEGEAN MARINER,A8TZ6,Chemical Tanker,8.9,Katakolo / Ionian Islands Approach (Western Greece),Tripoli Commercial Port Approach (Libya),34.991857,17.58206,13.4,233.7,235,0.2,Under way using engine,TRIPOLI,09-09 20:00,Post-Anomaly Transit,Low,Realigned with shipping lane; resumed passage toward Tripoli approach
2026-09-08 22:39:00,636018000,9498871,AEGEAN MARINER,A8TZ6,Chemical Tanker,8.9,Katakolo / Ionian Islands Approach (Western Greece),Tripoli Commercial Port Approach (Libya),34.985247,17.571014,13.4,233.5,234,-0.2,Under way using engine,TRIPOLI,09-09 20:00,Post-Anomaly Transit,Low,Realigned with shipping lane; resumed passage toward Tripoli approach
2026-09-08 22:42:00,636018000,9498871,AEGEAN MARINER,A8TZ6,Chemical Tanker,8.9,Katakolo / Ionian Islands Approach (Western Greece),Tripoli Commercial Port Approach (Libya),34.978641,17.559965,13.4,233.7,235,0.0,Under way using engine,TRIPOLI,09-09 20:00,Post-Anomaly Transit,Low,Realigned with shipping lane; resumed passage toward Tripoli approach
2026-09-08 22:45:00,636018000,9498871,AEGEAN MARINER,A8TZ6,Chemical Tanker,8.9,Katakolo / Ionian Islands Approach (Western Greece),Tripoli Commercial Port Approach (Libya),34.972023,17.548945,13.4,233.2,234,0.1,Under way using engine,TRIPOLI,09-09 20:00,Post-Anomaly Transit,Low,Realigned with shipping lane; resumed passage toward Tripoli approach
2026-09-08 22:48:00,636018000,9498871,AEGEAN MARINER,A8TZ6,Chemical Tanker,8.9,Katakolo / Ionian Islands Approach (Western Greece),Tripoli Commercial Port Approach (Libya),34.965371,17.537979,13.4,233.1,234,-0.2,Under way using engine,TRIPOLI,09-09 20:00,Post-Anomaly Transit,Low,Realigned with shipping lane; resumed passage toward Tripoli approach
2026-09-08 22:51:00,636018000,9498871,AEGEAN MARINER,A8TZ6,Chemical Tanker,8.9,Katakolo / Ionian Islands Approach (Western Greece),Tripoli Commercial Port Approach (Libya),34.958648,17.527052,13.5,233.5,234,0.0,Under way using engine,TRIPOLI,09-09 20:00,Post-Anomaly Transit,Low,Realigned with shipping lane; resumed passage toward Tripoli approach
2026-09-08 22:54:00,636018000,9498871,AEGEAN MARINER,A8TZ6,Chemical Tanker,8.9,Katakolo / Ionian Islands Approach (Western Greece),Tripoli Commercial Port Approach (Libya),34.952023,17.516025,13.5,233.5,234,-0.2,Under way using engine,TRIPOLI,09-09 20:00,Post-Anomaly Transit,Low,Realigned with shipping lane; resumed passage toward Tripoli approach
2026-09-08 22:57:00,636018000,9498871,AEGEAN MARINER,A8TZ6,Chemical Tanker,8.9,Katakolo / Ionian Islands Approach (Western Greece),Tripoli Commercial Port Approach (Libya),34.945417,17.505017,13.4,233.4,234,-0.1,Under way using engine,TRIPOLI,09-09 20:00,Post-Anomaly Transit,Low,Realigned with shipping lane; resumed passage toward Tripoli approach
2026-09-08 23:00:00,636018000,9498871,AEGEAN MARINER,A8TZ6,Chemical Tanker,8.9,Katakolo / Ionian Islands Approach (Western Greece),Tripoli Commercial Port Approach (Libya),34.938725,17.494046,13.4,233.5,234,0.1,Under way using engine,TRIPOLI,09-09 20:00,Post-Anomaly Transit,Low,Realigned with shipping lane; resumed passage toward Tripoli approach
2026-09-08 23:03:00,636018000,9498871,AEGEAN MARINER,A8TZ6,Chemical Tanker,8.9,Katakolo / Ionian Islands Approach (Western Greece),Tripoli Commercial Port Approach (Libya),34.932149,17.483009,13.4,234.1,235,0.0,Under way using engine,TRIPOLI,09-09 20:00,Post-Anomaly Transit,Low,Realigned with shipping lane; resumed passage toward Tripoli approach
2026-09-08 23:06:00,636018000,9498871,AEGEAN MARINER,A8TZ6,Chemical Tanker,8.9,Katakolo / Ionian Islands Approach (Western Greece),Tripoli Commercial Port Approach (Libya),34.925512,17.472021,13.4,233.4,234,-0.2,Under way using engine,TRIPOLI,09-09 20:00,Post-Anomaly Transit,Low,Realigned with shipping lane; resumed passage toward Tripoli approach
2026-09-08 23:09:00,636018000,9498871,AEGEAN MARINER,A8TZ6,Chemical Tanker,8.9,Katakolo / Ionian Islands Approach (Western Greece),Tripoli Commercial Port Approach (Libya),34.918794,17.461083,13.4,232.8,234,0.0,Under way using engine,TRIPOLI,09-09 20:00,Post-Anomaly Transit,Low,Realigned with shipping lane; resumed passage toward Tripoli approach
2026-09-08 23:12:00,636018000,9498871,AEGEAN MARINER,A8TZ6,Chemical Tanker,8.9,Katakolo / Ionian Islands Approach (Western Greece),Tripoli Commercial Port Approach (Libya),34.911996,17.450196,13.5,232.9,234,-0.0,Under way using engine,TRIPOLI,09-09 20:00,Post-Anomaly Transit,Low,Realigned with shipping lane; resumed passage toward Tripoli approach
2026-09-08 23:15:00,636018000,9498871,AEGEAN MARINER,A8TZ6,Chemical Tanker,8.9,Katakolo / Ionian Islands Approach (Western Greece),Tripoli Commercial Port Approach (Libya),34.905226,17.439293,13.5,232.9,234,-0.0,Under way using engine,TRIPOLI,09-09 20:00,Post-Anomaly Transit,Low,Realigned with shipping lane; resumed passage toward Tripoli approach
2026-09-08 23:18:00,636018000,9498871,AEGEAN MARINER,A8TZ6,Chemical Tanker,8.9,Katakolo / Ionian Islands Approach (Western Greece),Tripoli Commercial Port Approach (Libya),34.898379,17.428459,13.4,232.3,233,0.3,Under way using engine,TRIPOLI,09-09 20:00,Post-Anomaly Transit,Low,Realigned with shipping lane; resumed passage toward Tripoli approach
2026-09-08 23:21:00,636018000,9498871,AEGEAN MARINER,A8TZ6,Chemical Tanker,8.9,Katakolo / Ionian Islands Approach (Western Greece),Tripoli Commercial Port Approach (Libya),34.891435,17.417759,13.4,231.1,232,-0.1,Under way using engine,TRIPOLI,09-09 20:00,Post-Anomaly Transit,Low,Realigned with shipping lane; resumed passage toward Tripoli approach
2026-09-08 23:24:00,636018000,9498871,AEGEAN MARINER,A8TZ6,Chemical Tanker,8.9,Katakolo / Ionian Islands Approach (Western Greece),Tripoli Commercial Port Approach (Libya),34.884457,17.407043,13.5,231.7,233,0.2,Under way using engine,TRIPOLI,09-09 20:00,Post-Anomaly Transit,Low,Realigned with shipping lane; resumed passage toward Tripoli approach
2026-09-08 23:27:00,636018000,9498871,AEGEAN MARINER,A8TZ6,Chemical Tanker,8.9,Katakolo / Ionian Islands Approach (Western Greece),Tripoli Commercial Port Approach (Libya),34.87752,17.396286,13.4,231.9,233,-0.2,Under way using engine,TRIPOLI,09-09 20:00,Post-Anomaly Transit,Low,Realigned with shipping lane; resumed passage toward Tripoli approach
2026-09-08 23:30:00,636018000,9498871,AEGEAN MARINER,A8TZ6,Chemical Tanker,8.9,Katakolo / Ionian Islands Approach (Western Greece),Tripoli Commercial Port Approach (Libya),34.870723,17.38541,13.5,233.4,234,0.1,Under way using engine,TRIPOLI,09-09 20:00,Post-Anomaly Transit,Low,Realigned with shipping lane; resumed passage toward Tripoli approach
2026-09-08 23:33:00,636018000,9498871,AEGEAN MARINER,A8TZ6,Chemical Tanker,8.9,Katakolo / Ionian Islands Approach (Western Greece),Tripoli Commercial Port Approach (Libya),34.863947,17.374526,13.5,233.1,234,-0.2,Under way using engine,TRIPOLI,09-09 20:00,Post-Anomaly Transit,Low,Realigned with shipping lane; resumed passage toward Tripoli approach
2026-09-08 23:36:00,636018000,9498871,AEGEAN MARINER,A8TZ6,Chemical Tanker,8.9,Katakolo / Ionian Islands Approach (Western Greece),Tripoli Commercial Port Approach (Libya),34.857263,17.363558,13.4,233.7,235,0.2,Under way using engine,TRIPOLI,09-09 20:00,Post-Anomaly Transit,Low,Realigned with shipping lane; resumed passage toward Tripoli approach
2026-09-08 23:39:00,636018000,9498871,AEGEAN MARINER,A8TZ6,Chemical Tanker,8.9,Katakolo / Ionian Islands Approach (Western Greece),Tripoli Commercial Port Approach (Libya),34.850677,17.352495,13.5,234.5,235,-0.0,Under way using engine,TRIPOLI,09-09 20:00,Post-Anomaly Transit,Low,Realigned with shipping lane; resumed passage toward Tripoli approach
2026-09-08 23:42:00,636018000,9498871,AEGEAN MARINER,A8TZ6,Chemical Tanker,8.9,Katakolo / Ionian Islands Approach (Western Greece),Tripoli Commercial Port Approach (Libya),34.844069,17.341457,13.5,233.5,234,0.1,Under way using engine,TRIPOLI,09-09 20:00,Post-Anomaly Transit,Low,Realigned with shipping lane; resumed passage toward Tripoli approach
2026-09-08 23:45:00,636018000,9498871,AEGEAN MARINER,A8TZ6,Chemical Tanker,8.9,Katakolo / Ionian Islands Approach (Western Greece),Tripoli Commercial Port Approach (Libya),34.837398,17.330467,13.5,233.4,234,-0.1,Under way using engine,TRIPOLI,09-09 20:00,Post-Anomaly Transit,Low,Realigned with shipping lane; resumed passage toward Tripoli approach
2026-09-08 23:48:00,636018000,9498871,AEGEAN MARINER,A8TZ6,Chemical Tanker,8.9,Katakolo / Ionian Islands Approach (Western Greece),Tripoli Commercial Port Approach (Libya),34.83074,17.319465,13.5,233.5,234,0.1,Under way using engine,TRIPOLI,09-09 20:00,Post-Anomaly Transit,Low,Realigned with shipping lane; resumed passage toward Tripoli approach
2026-09-08 23:51:00,636018000,9498871,AEGEAN MARINER,A8TZ6,Chemical Tanker,8.9,Katakolo / Ionian Islands Approach (Western Greece),Tripoli Commercial Port Approach (Libya),34.824136,17.308422,13.4,233.7,234,0.1,Under way using engine,TRIPOLI,09-09 20:00,Post-Anomaly Transit,Low,Realigned with shipping lane; resumed passage toward Tripoli approach
2026-09-08 23:54:00,636018000,9498871,AEGEAN MARINER,A8TZ6,Chemical Tanker,8.9,Katakolo / Ionian Islands Approach (Western Greece),Tripoli Commercial Port Approach (Libya),34.817473,17.297427,13.5,233.3,234,-0.1,Under way using engine,TRIPOLI,09-09 20:00,Post-Anomaly Transit,Low,Realigned with shipping lane; resumed passage toward Tripoli approach
2026-09-08 23:57:00,636018000,9498871,AEGEAN MARINER,A8TZ6,Chemical Tanker,8.9,Katakolo / Ionian Islands Approach (Western Greece),Tripoli Commercial Port Approach (Libya),34.810844,17.286434,13.5,233.7,235,-0.1,Under way using engine,TRIPOLI,09-09 20:00,Post-Anomaly Transit,Low,Realigned with shipping lane; resumed passage toward Tripoli approach
2026-09-09 00:00:00,636018000,9498871,AEGEAN MARINER,A8TZ6,Chemical Tanker,8.9,Katakolo / Ionian Islands Approach (Western Greece),Tripoli Commercial Port Approach (Libya),34.80417,17.27545,13.4,232.7,233,0.0,Under way using engine,TRIPOLI,09-09 20:00,Post-Anomaly Transit,Low,Realigned with shipping lane; resumed passage toward Tripoli approach
2026-09-08 00:00:00,538009000,9521190,BLACK CORAL,V7X39,Crude Oil Tanker,15.2,Benghazi Offshore Pilot Station (Libya),Trieste / Northern Adriatic Fairway (Italy),32.401426,19.799579,10.6,346.0,345,0.9,Under way using engine,TRIESTE,09-11 08:00,Normal,None,"Clearing Libyan coastal traffic, heading NNW"
2026-09-08 00:03:00,538009000,9521190,BLACK CORAL,V7X39,Crude Oil Tanker,15.2,Benghazi Offshore Pilot Station (Libya),Trieste / Northern Adriatic Fairway (Italy),32.410556,19.797284,11.6,348.9,347,-0.1,Under way using engine,TRIESTE,09-11 08:00,Normal,None,"Clearing Libyan coastal traffic, heading NNW"
2026-09-08 00:06:00,538009000,9521190,BLACK CORAL,V7X39,Crude Oil Tanker,15.2,Benghazi Offshore Pilot Station (Libya),Trieste / Northern Adriatic Fairway (Italy),32.420506,19.79469,12.6,347.5,346,0.1,Under way using engine,TRIESTE,09-11 08:00,Normal,None,"Clearing Libyan coastal traffic, heading NNW"
2026-09-08 00:09:00,538009000,9521190,BLACK CORAL,V7X39,Crude Oil Tanker,15.2,Benghazi Offshore Pilot Station (Libya),Trieste / Northern Adriatic Fairway (Italy),32.431327,19.791898,13.7,348.3,347,-0.0,Under way using engine,TRIESTE,09-11 08:00,Normal,None,"Clearing Libyan coastal traffic, heading NNW"
2026-09-08 00:12:00,538009000,9521190,BLACK CORAL,V7X39,Crude Oil Tanker,15.2,Benghazi Offshore Pilot Station (Libya),Trieste / Northern Adriatic Fairway (Italy),32.442947,19.788912,14.4,347.3,346,-0.0,Under way using engine,TRIESTE,09-11 08:00,Normal,None,"Clearing Libyan coastal traffic, heading NNW"
2026-09-08 00:15:00,538009000,9521190,BLACK CORAL,V7X39,Crude Oil Tanker,15.2,Benghazi Offshore Pilot Station (Libya),Trieste / Northern Adriatic Fairway (Italy),32.454773,19.785916,14.6,348.0,347,-0.1,Under way using engine,TRIESTE,09-11 08:00,Normal,None,"Clearing Libyan coastal traffic, heading NNW"
2026-09-08 00:18:00,538009000,9521190,BLACK CORAL,V7X39,Crude Oil Tanker,15.2,Benghazi Offshore Pilot Station (Libya),Trieste / Northern Adriatic Fairway (Italy),32.466584,19.782782,14.5,347.5,346,-0.1,Under way using engine,TRIESTE,09-11 08:00,Normal,None,"Clearing Libyan coastal traffic, heading NNW"
2026-09-08 00:21:00,538009000,9521190,BLACK CORAL,V7X39,Crude Oil Tanker,15.2,Benghazi Offshore Pilot Station (Libya),Trieste / Northern Adriatic Fairway (Italy),32.478383,19.77965,14.5,347.1,346,0.1,Under way using engine,TRIESTE,09-11 08:00,Normal,None,"Clearing Libyan coastal traffic, heading NNW"
2026-09-08 00:24:00,538009000,9521190,BLACK CORAL,V7X39,Crude Oil Tanker,15.2,Benghazi Offshore Pilot Station (Libya),Trieste / Northern Adriatic Fairway (Italy),32.490167,19.776402,14.5,347.0,346,0.1,Under way using engine,TRIESTE,09-11 08:00,Normal,None,"Clearing Libyan coastal traffic, heading NNW"
2026-09-08 00:27:00,538009000,9521190,BLACK CORAL,V7X39,Crude Oil Tanker,15.2,Benghazi Offshore Pilot Station (Libya),Trieste / Northern Adriatic Fairway (Italy),32.501935,19.773127,14.5,346.9,346,0.0,Under way using engine,TRIESTE,09-11 08:00,Normal,None,"Clearing Libyan coastal traffic, heading NNW"
2026-09-08 00:30:00,538009000,9521190,BLACK CORAL,V7X39,Crude Oil Tanker,15.2,Benghazi Offshore Pilot Station (Libya),Trieste / Northern Adriatic Fairway (Italy),32.513723,19.769897,14.5,347.1,346,0.1,Under way using engine,TRIESTE,09-11 08:00,Normal,None,"Clearing Libyan coastal traffic, heading NNW"
2026-09-08 00:33:00,538009000,9521190,BLACK CORAL,V7X39,Crude Oil Tanker,15.2,Benghazi Offshore Pilot Station (Libya),Trieste / Northern Adriatic Fairway (Italy),32.525502,19.766732,14.5,347.2,346,0.0,Under way using engine,TRIESTE,09-11 08:00,Normal,None,"Clearing Libyan coastal traffic, heading NNW"
2026-09-08 00:36:00,538009000,9521190,BLACK CORAL,V7X39,Crude Oil Tanker,15.2,Benghazi Offshore Pilot Station (Libya),Trieste / Northern Adriatic Fairway (Italy),32.537304,19.763612,14.6,347.4,346,-0.0,Under way using engine,TRIESTE,09-11 08:00,Normal,None,"Clearing Libyan coastal traffic, heading NNW"
2026-09-08 00:39:00,538009000,9521190,BLACK CORAL,V7X39,Crude Oil Tanker,15.2,Benghazi Offshore Pilot Station (Libya),Trieste / Northern Adriatic Fairway (Italy),32.549101,19.760436,14.5,346.9,346,-0.1,Under way using engine,TRIESTE,09-11 08:00,Normal,None,"Clearing Libyan coastal traffic, heading NNW"
2026-09-08 00:42:00,538009000,9521190,BLACK CORAL,V7X39,Crude Oil Tanker,15.2,Benghazi Offshore Pilot Station (Libya),Trieste / Northern Adriatic Fairway (Italy),32.560894,19.757268,14.5,347.8,347,0.1,Under way using engine,TRIESTE,09-11 08:00,Normal,None,"Clearing Libyan coastal traffic, heading NNW"
2026-09-08 00:45:00,538009000,9521190,BLACK CORAL,V7X39,Crude Oil Tanker,15.2,Benghazi Offshore Pilot Station (Libya),Trieste / Northern Adriatic Fairway (Italy),32.572728,19.754215,14.5,347.6,346,0.0,Under way using engine,TRIESTE,09-11 08:00,Normal,None,"Clearing Libyan coastal traffic, heading NNW"
2026-09-08 00:48:00,538009000,9521190,BLACK CORAL,V7X39,Crude Oil Tanker,15.2,Benghazi Offshore Pilot Station (Libya),Trieste / Northern Adriatic Fairway (Italy),32.584534,19.751024,14.5,347.4,346,0.0,Under way using engine,TRIESTE,09-11 08:00,Normal,None,"Clearing Libyan coastal traffic, heading NNW"
2026-09-08 00:51:00,538009000,9521190,BLACK CORAL,V7X39,Crude Oil Tanker,15.2,Benghazi Offshore Pilot Station (Libya),Trieste / Northern Adriatic Fairway (Italy),32.596318,19.74783,14.5,347.2,346,0.1,Under way using engine,TRIESTE,09-11 08:00,Normal,None,"Clearing Libyan coastal traffic, heading NNW"
2026-09-08 00:54:00,538009000,9521190,BLACK CORAL,V7X39,Crude Oil Tanker,15.2,Benghazi Offshore Pilot Station (Libya),Trieste / Northern Adriatic Fairway (Italy),32.608116,19.744607,14.5,346.9,346,-0.0,Under way using engine,TRIESTE,09-11 08:00,Normal,None,"Clearing Libyan coastal traffic, heading NNW"
2026-09-08 00:57:00,538009000,9521190,BLACK CORAL,V7X39,Crude Oil Tanker,15.2,Benghazi Offshore Pilot Station (Libya),Trieste / Northern Adriatic Fairway (Italy),32.619944,19.741569,14.5,348.1,347,-0.1,Under way using engine,TRIESTE,09-11 08:00,Normal,None,"Clearing Libyan coastal traffic, heading NNW"
2026-09-08 01:00:00,538009000,9521190,BLACK CORAL,V7X39,Crude Oil Tanker,15.2,Benghazi Offshore Pilot Station (Libya),Trieste / Northern Adriatic Fairway (Italy),32.631784,19.73867,14.5,348.2,347,-0.0,Under way using engine,TRIESTE,09-11 08:00,Normal,None,"Clearing Libyan coastal traffic, heading NNW"
2026-09-08 01:03:00,538009000,9521190,BLACK CORAL,V7X39,Crude Oil Tanker,15.2,Benghazi Offshore Pilot Station (Libya),Trieste / Northern Adriatic Fairway (Italy),32.643633,19.735787,14.5,348.0,347,-0.1,Under way using engine,TRIESTE,09-11 08:00,Normal,None,"Clearing Libyan coastal traffic, heading NNW"
2026-09-08 01:06:00,538009000,9521190,BLACK CORAL,V7X39,Crude Oil Tanker,15.2,Benghazi Offshore Pilot Station (Libya),Trieste / Northern Adriatic Fairway (Italy),32.655454,19.732668,14.5,347.2,346,-0.2,Under way using engine,TRIESTE,09-11 08:00,Normal,None,"Clearing Libyan coastal traffic, heading NNW"
2026-09-08 01:09:00,538009000,9521190,BLACK CORAL,V7X39,Crude Oil Tanker,15.2,Benghazi Offshore Pilot Station (Libya),Trieste / Northern Adriatic Fairway (Italy),32.667222,19.729372,14.5,346.5,345,-0.1,Under way using engine,TRIESTE,09-11 08:00,Normal,None,"Clearing Libyan coastal traffic, heading NNW"
2026-09-08 01:12:00,538009000,9521190,BLACK CORAL,V7X39,Crude Oil Tanker,15.2,Benghazi Offshore Pilot Station (Libya),Trieste / Northern Adriatic Fairway (Italy),32.679021,19.726204,14.6,347.1,346,0.1,Under way using engine,TRIESTE,09-11 08:00,Normal,None,"Clearing Libyan coastal traffic, heading NNW"
2026-09-08 01:15:00,538009000,9521190,BLACK CORAL,V7X39,Crude Oil Tanker,15.2,Benghazi Offshore Pilot Station (Libya),Trieste / Northern Adriatic Fairway (Italy),32.690784,19.72286,14.5,346.2,345,0.1,Under way using engine,TRIESTE,09-11 08:00,Normal,None,"Clearing Libyan coastal traffic, heading NNW"
2026-09-08 01:18:00,538009000,9521190,BLACK CORAL,V7X39,Crude Oil Tanker,15.2,Benghazi Offshore Pilot Station (Libya),Trieste / Northern Adriatic Fairway (Italy),32.702527,19.719441,14.5,345.8,345,-0.1,Under way using engine,TRIESTE,09-11 08:00,Normal,None,"Clearing Libyan coastal traffic, heading NNW"
2026-09-08 01:21:00,538009000,9521190,BLACK CORAL,V7X39,Crude Oil Tanker,15.2,Benghazi Offshore Pilot Station (Libya),Trieste / Northern Adriatic Fairway (Italy),32.714246,19.715931,14.5,345.5,344,0.0,Under way using engine,TRIESTE,09-11 08:00,Normal,None,"Clearing Libyan coastal traffic, heading NNW"
2026-09-08 01:24:00,538009000,9521190,BLACK CORAL,V7X39,Crude Oil Tanker,15.2,Benghazi Offshore Pilot Station (Libya),Trieste / Northern Adriatic Fairway (Italy),32.725961,19.712341,14.5,344.8,344,0.1,Under way using engine,TRIESTE,09-11 08:00,Normal,None,"Clearing Libyan coastal traffic, heading NNW"
2026-09-08 01:27:00,538009000,9521190,BLACK CORAL,V7X39,Crude Oil Tanker,15.2,Benghazi Offshore Pilot Station (Libya),Trieste / Northern Adriatic Fairway (Italy),32.737673,19.708767,14.5,346.0,345,0.1,Under way using engine,TRIESTE,09-11 08:00,Normal,None,"Clearing Libyan coastal traffic, heading NNW"
2026-09-08 01:30:00,538009000,9521190,BLACK CORAL,V7X39,Crude Oil Tanker,15.2,Benghazi Offshore Pilot Station (Libya),Trieste / Northern Adriatic Fairway (Italy),32.749433,19.705399,14.5,346.7,345,-0.2,Under way using engine,TRIESTE,09-11 08:00,Normal,None,"Clearing Libyan coastal traffic, heading NNW"
2026-09-08 01:33:00,538009000,9521190,BLACK CORAL,V7X39,Crude Oil Tanker,15.2,Benghazi Offshore Pilot Station (Libya),Trieste / Northern Adriatic Fairway (Italy),32.761195,19.702079,14.5,346.8,346,0.0,Under way using engine,TRIESTE,09-11 08:00,Normal,None,"Clearing Libyan coastal traffic, heading NNW"
2026-09-08 01:36:00,538009000,9521190,BLACK CORAL,V7X39,Crude Oil Tanker,15.2,Benghazi Offshore Pilot Station (Libya),Trieste / Northern Adriatic Fairway (Italy),32.772953,19.69867,14.5,346.1,345,0.1,Under way using engine,TRIESTE,09-11 08:00,Normal,None,"Clearing Libyan coastal traffic, heading NNW"
2026-09-08 01:39:00,538009000,9521190,BLACK CORAL,V7X39,Crude Oil Tanker,15.2,Benghazi Offshore Pilot Station (Libya),Trieste / Northern Adriatic Fairway (Italy),32.784727,19.695413,14.5,347.2,346,-0.0,Under way using engine,TRIESTE,09-11 08:00,Normal,None,"Clearing Libyan coastal traffic, heading NNW"
2026-09-08 01:42:00,538009000,9521190,BLACK CORAL,V7X39,Crude Oil Tanker,15.2,Benghazi Offshore Pilot Station (Libya),Trieste / Northern Adriatic Fairway (Italy),32.796524,19.692242,14.5,347.1,346,0.1,Under way using engine,TRIESTE,09-11 08:00,Normal,None,"Clearing Libyan coastal traffic, heading NNW"
2026-09-08 01:45:00,538009000,9521190,BLACK CORAL,V7X39,Crude Oil Tanker,15.2,Benghazi Offshore Pilot Station (Libya),Trieste / Northern Adriatic Fairway (Italy),32.808334,19.689137,14.5,347.1,346,-0.1,Under way using engine,TRIESTE,09-11 08:00,Normal,None,"Clearing Libyan coastal traffic, heading NNW"
2026-09-08 01:48:00,538009000,9521190,BLACK CORAL,V7X39,Crude Oil Tanker,15.2,Benghazi Offshore Pilot Station (Libya),Trieste / Northern Adriatic Fairway (Italy),32.820091,19.685776,14.5,346.4,345,0.1,Under way using engine,TRIESTE,09-11 08:00,Normal,None,"Clearing Libyan coastal traffic, heading NNW"
2026-09-08 01:51:00,538009000,9521190,BLACK CORAL,V7X39,Crude Oil Tanker,15.2,Benghazi Offshore Pilot Station (Libya),Trieste / Northern Adriatic Fairway (Italy),32.831805,19.682247,14.5,345.8,345,0.0,Under way using engine,TRIESTE,09-11 08:00,Normal,None,"Clearing Libyan coastal traffic, heading NNW"
2026-09-08 01:54:00,538009000,9521190,BLACK CORAL,V7X39,Crude Oil Tanker,15.2,Benghazi Offshore Pilot Station (Libya),Trieste / Northern Adriatic Fairway (Italy),32.843558,19.67873,14.5,346.2,345,0.1,Under way using engine,TRIESTE,09-11 08:00,Normal,None,"Clearing Libyan coastal traffic, heading NNW"
2026-09-08 01:57:00,538009000,9521190,BLACK CORAL,V7X39,Crude Oil Tanker,15.2,Benghazi Offshore Pilot Station (Libya),Trieste / Northern Adriatic Fairway (Italy),32.855348,19.675516,14.5,347.4,346,0.2,Under way using engine,TRIESTE,09-11 08:00,Normal,None,"Clearing Libyan coastal traffic, heading NNW"
2026-09-08 02:00:00,538009000,9521190,BLACK CORAL,V7X39,Crude Oil Tanker,15.2,Benghazi Offshore Pilot Station (Libya),Trieste / Northern Adriatic Fairway (Italy),32.867137,19.672293,14.5,346.2,345,-0.0,Under way using engine,TRIESTE,09-11 08:00,Normal,None,"Clearing Libyan coastal traffic, heading NNW"
2026-09-08 02:03:00,538009000,9521190,BLACK CORAL,V7X39,Crude Oil Tanker,15.2,Benghazi Offshore Pilot Station (Libya),Trieste / Northern Adriatic Fairway (Italy),32.878933,19.669094,14.5,347.3,346,-0.2,Under way using engine,TRIESTE,09-11 08:00,Normal,None,"Clearing Libyan coastal traffic, heading NNW"
2026-09-08 02:06:00,538009000,9521190,BLACK CORAL,V7X39,Crude Oil Tanker,15.2,Benghazi Offshore Pilot Station (Libya),Trieste / Northern Adriatic Fairway (Italy),32.89069,19.665702,14.5,346.3,345,0.1,Under way using engine,TRIESTE,09-11 08:00,Normal,None,"Clearing Libyan coastal traffic, heading NNW"
2026-09-08 02:09:00,538009000,9521190,BLACK CORAL,V7X39,Crude Oil Tanker,15.2,Benghazi Offshore Pilot Station (Libya),Trieste / Northern Adriatic Fairway (Italy),32.902417,19.662162,14.5,344.8,344,-0.2,Under way using engine,TRIESTE,09-11 08:00,Normal,None,"Clearing Libyan coastal traffic, heading NNW"
2026-09-08 02:12:00,538009000,9521190,BLACK CORAL,V7X39,Crude Oil Tanker,15.2,Benghazi Offshore Pilot Station (Libya),Trieste / Northern Adriatic Fairway (Italy),32.914103,19.658535,14.5,345.9,345,-0.1,Under way using engine,TRIESTE,09-11 08:00,Normal,None,"Clearing Libyan coastal traffic, heading NNW"
2026-09-08 02:15:00,538009000,9521190,BLACK CORAL,V7X39,Crude Oil Tanker,15.2,Benghazi Offshore Pilot Station (Libya),Trieste / Northern Adriatic Fairway (Italy),32.925826,19.655014,14.5,345.6,344,-0.1,Under way using engine,TRIESTE,09-11 08:00,Normal,None,"Clearing Libyan coastal traffic, heading NNW"
2026-09-08 02:18:00,538009000,9521190,BLACK CORAL,V7X39,Crude Oil Tanker,15.2,Benghazi Offshore Pilot Station (Libya),Trieste / Northern Adriatic Fairway (Italy),32.937556,19.651487,14.5,345.8,345,-0.1,Under way using engine,TRIESTE,09-11 08:00,Normal,None,"Clearing Libyan coastal traffic, heading NNW"
2026-09-08 02:21:00,538009000,9521190,BLACK CORAL,V7X39,Crude Oil Tanker,15.2,Benghazi Offshore Pilot Station (Libya),Trieste / Northern Adriatic Fairway (Italy),32.949284,19.648001,14.5,345.7,344,0.1,Under way using engine,TRIESTE,09-11 08:00,Normal,None,"Clearing Libyan coastal traffic, heading NNW"
2026-09-08 02:24:00,538009000,9521190,BLACK CORAL,V7X39,Crude Oil Tanker,15.2,Benghazi Offshore Pilot Station (Libya),Trieste / Northern Adriatic Fairway (Italy),32.961043,19.644608,14.5,346.5,345,-0.1,Under way using engine,TRIESTE,09-11 08:00,Normal,None,"Clearing Libyan coastal traffic, heading NNW"
2026-09-08 02:27:00,538009000,9521190,BLACK CORAL,V7X39,Crude Oil Tanker,15.2,Benghazi Offshore Pilot Station (Libya),Trieste / Northern Adriatic Fairway (Italy),32.972808,19.641216,14.5,346.8,346,0.1,Under way using engine,TRIESTE,09-11 08:00,Normal,None,"Clearing Libyan coastal traffic, heading NNW"
2026-09-08 02:30:00,538009000,9521190,BLACK CORAL,V7X39,Crude Oil Tanker,15.2,Benghazi Offshore Pilot Station (Libya),Trieste / Northern Adriatic Fairway (Italy),32.984581,19.637931,14.5,346.8,346,-0.2,Under way using engine,TRIESTE,09-11 08:00,Normal,None,"Clearing Libyan coastal traffic, heading NNW"
2026-09-08 02:33:00,538009000,9521190,BLACK CORAL,V7X39,Crude Oil Tanker,15.2,Benghazi Offshore Pilot Station (Libya),Trieste / Northern Adriatic Fairway (Italy),32.99631,19.634431,14.4,346.0,345,-0.0,Under way using engine,TRIESTE,09-11 08:00,Normal,None,"Clearing Libyan coastal traffic, heading NNW"
2026-09-08 02:36:00,538009000,9521190,BLACK CORAL,V7X39,Crude Oil Tanker,15.2,Benghazi Offshore Pilot Station (Libya),Trieste / Northern Adriatic Fairway (Italy),33.008025,19.63087,14.5,345.1,344,-0.1,Under way using engine,TRIESTE,09-11 08:00,Normal,None,"Clearing Libyan coastal traffic, heading NNW"
2026-09-08 02:39:00,538009000,9521190,BLACK CORAL,V7X39,Crude Oil Tanker,15.2,Benghazi Offshore Pilot Station (Libya),Trieste / Northern Adriatic Fairway (Italy),33.01971,19.62714,14.5,345.6,344,-0.2,Under way using engine,TRIESTE,09-11 08:00,Normal,None,"Clearing Libyan coastal traffic, heading NNW"
2026-09-08 02:42:00,538009000,9521190,BLACK CORAL,V7X39,Crude Oil Tanker,15.2,Benghazi Offshore Pilot Station (Libya),Trieste / Northern Adriatic Fairway (Italy),33.031407,19.623458,14.5,344.9,344,-0.1,Under way using engine,TRIESTE,09-11 08:00,Normal,None,"Clearing Libyan coastal traffic, heading NNW"
2026-09-08 02:45:00,538009000,9521190,BLACK CORAL,V7X39,Crude Oil Tanker,15.2,Benghazi Offshore Pilot Station (Libya),Trieste / Northern Adriatic Fairway (Italy),33.043067,19.619671,14.5,344.8,344,-0.1,Under way using engine,TRIESTE,09-11 08:00,Normal,None,"Clearing Libyan coastal traffic, heading NNW"
2026-09-08 02:48:00,538009000,9521190,BLACK CORAL,V7X39,Crude Oil Tanker,15.2,Benghazi Offshore Pilot Station (Libya),Trieste / Northern Adriatic Fairway (Italy),33.054702,19.615733,14.5,344.2,343,0.3,Under way using engine,TRIESTE,09-11 08:00,Normal,None,"Clearing Libyan coastal traffic, heading NNW"
2026-09-08 02:51:00,538009000,9521190,BLACK CORAL,V7X39,Crude Oil Tanker,15.2,Benghazi Offshore Pilot Station (Libya),Trieste / Northern Adriatic Fairway (Italy),33.066374,19.611872,14.5,344.6,343,0.1,Under way using engine,TRIESTE,09-11 08:00,Normal,None,Mid-Ionian passage along northbound corridor
2026-09-08 02:54:00,538009000,9521190,BLACK CORAL,V7X39,Crude Oil Tanker,15.2,Benghazi Offshore Pilot Station (Libya),Trieste / Northern Adriatic Fairway (Italy),33.078011,19.60799,14.5,344.3,343,-0.0,Under way using engine,TRIESTE,09-11 08:00,Normal,None,Mid-Ionian passage along northbound corridor
2026-09-08 02:57:00,538009000,9521190,BLACK CORAL,V7X39,Crude Oil Tanker,15.2,Benghazi Offshore Pilot Station (Libya),Trieste / Northern Adriatic Fairway (Italy),33.089604,19.603942,14.5,343.5,342,0.0,Under way using engine,TRIESTE,09-11 08:00,Normal,None,Mid-Ionian passage along northbound corridor
2026-09-08 03:00:00,538009000,9521190,BLACK CORAL,V7X39,Crude Oil Tanker,15.2,Benghazi Offshore Pilot Station (Libya),Trieste / Northern Adriatic Fairway (Italy),33.101237,19.60001,14.5,344.9,344,0.0,Under way using engine,TRIESTE,09-11 08:00,Normal,None,Mid-Ionian passage along northbound corridor
2026-09-08 03:03:00,538009000,9521190,BLACK CORAL,V7X39,Crude Oil Tanker,15.2,Benghazi Offshore Pilot Station (Libya),Trieste / Northern Adriatic Fairway (Italy),33.112914,19.596195,14.5,344.2,343,-0.1,Under way using engine,TRIESTE,09-11 08:00,Normal,None,Mid-Ionian passage along northbound corridor
2026-09-08 03:06:00,538009000,9521190,BLACK CORAL,V7X39,Crude Oil Tanker,15.2,Benghazi Offshore Pilot Station (Libya),Trieste / Northern Adriatic Fairway (Italy),33.124604,19.592529,14.5,345.8,345,-0.1,Under way using engine,TRIESTE,09-11 08:00,Normal,None,Mid-Ionian passage along northbound corridor
2026-09-08 03:09:00,538009000,9521190,BLACK CORAL,V7X39,Crude Oil Tanker,15.2,Benghazi Offshore Pilot Station (Libya),Trieste / Northern Adriatic Fairway (Italy),33.136323,19.588977,14.5,345.9,345,0.1,Under way using engine,TRIESTE,09-11 08:00,Normal,None,Mid-Ionian passage along northbound corridor
2026-09-08 03:12:00,538009000,9521190,BLACK CORAL,V7X39,Crude Oil Tanker,15.2,Benghazi Offshore Pilot Station (Libya),Trieste / Northern Adriatic Fairway (Italy),33.14805,19.585381,14.5,345.5,344,-0.2,Under way using engine,TRIESTE,09-11 08:00,Normal,None,Mid-Ionian passage along northbound corridor
2026-09-08 03:15:00,538009000,9521190,BLACK CORAL,V7X39,Crude Oil Tanker,15.2,Benghazi Offshore Pilot Station (Libya),Trieste / Northern Adriatic Fairway (Italy),33.159699,19.581591,14.5,344.8,344,-0.0,Under way using engine,TRIESTE,09-11 08:00,Normal,None,Mid-Ionian passage along northbound corridor
2026-09-08 03:18:00,538009000,9521190,BLACK CORAL,V7X39,Crude Oil Tanker,15.2,Benghazi Offshore Pilot Station (Libya),Trieste / Northern Adriatic Fairway (Italy),33.171388,19.577903,14.5,345.4,344,-0.1,Under way using engine,TRIESTE,09-11 08:00,Normal,None,Mid-Ionian passage along northbound corridor
2026-09-08 03:21:00,538009000,9521190,BLACK CORAL,V7X39,Crude Oil Tanker,15.2,Benghazi Offshore Pilot Station (Libya),Trieste / Northern Adriatic Fairway (Italy),33.183123,19.574336,14.5,345.9,345,0.1,Under way using engine,TRIESTE,09-11 08:00,Normal,None,Mid-Ionian passage along northbound corridor
2026-09-08 03:24:00,538009000,9521190,BLACK CORAL,V7X39,Crude Oil Tanker,15.2,Benghazi Offshore Pilot Station (Libya),Trieste / Northern Adriatic Fairway (Italy),33.19484,19.570731,14.5,345.4,344,-0.0,Under way using engine,TRIESTE,09-11 08:00,Normal,None,Mid-Ionian passage along northbound corridor
2026-09-08 03:27:00,538009000,9521190,BLACK CORAL,V7X39,Crude Oil Tanker,15.2,Benghazi Offshore Pilot Station (Libya),Trieste / Northern Adriatic Fairway (Italy),33.20647,19.566792,14.5,343.6,342,0.2,Under way using engine,TRIESTE,09-11 08:00,Normal,None,Mid-Ionian passage along northbound corridor
2026-09-08 07:15:00,538009000,9521190,BLACK CORAL,V7X39,Crude Oil Tanker,15.2,Benghazi Offshore Pilot Station (Libya),Trieste / Northern Adriatic Fairway (Italy),33.761237,19.386246,14.8,340.8,340,2.2,Under way using engine,TRIESTE,09-11 08:00,AIS Signal Resumption,Critical,AIS signal restored after 3.75-hour transmission gap; implied gap speed of only 8.3 kt confirms covert loiter
2026-09-08 07:18:00,538009000,9521190,BLACK CORAL,V7X39,Crude Oil Tanker,15.2,Benghazi Offshore Pilot Station (Libya),Trieste / Northern Adriatic Fairway (Italy),33.772831,19.382159,14.4,344.1,343,-0.6,Under way using engine,TRIESTE,09-11 08:00,Post-Gap Transit,High,Voyage resumed down-corridor following unverified AIS blackout period
2026-09-08 07:21:00,538009000,9521190,BLACK CORAL,V7X39,Crude Oil Tanker,15.2,Benghazi Offshore Pilot Station (Libya),Trieste / Northern Adriatic Fairway (Italy),33.784399,19.378072,14.4,343.8,343,0.1,Under way using engine,TRIESTE,09-11 08:00,Post-Gap Transit,High,Voyage resumed down-corridor following unverified AIS blackout period
2026-09-08 07:24:00,538009000,9521190,BLACK CORAL,V7X39,Crude Oil Tanker,15.2,Benghazi Offshore Pilot Station (Libya),Trieste / Northern Adriatic Fairway (Italy),33.795976,19.374031,14.4,343.7,342,-0.0,Under way using engine,TRIESTE,09-11 08:00,Post-Gap Transit,High,Voyage resumed down-corridor following unverified AIS blackout period
2026-09-08 07:27:00,538009000,9521190,BLACK CORAL,V7X39,Crude Oil Tanker,15.2,Benghazi Offshore Pilot Station (Libya),Trieste / Northern Adriatic Fairway (Italy),33.80752,19.369881,14.5,343.4,342,0.0,Under way using engine,TRIESTE,09-11 08:00,Post-Gap Transit,High,Voyage resumed down-corridor following unverified AIS blackout period
2026-09-08 07:30:00,538009000,9521190,BLACK CORAL,V7X39,Crude Oil Tanker,15.2,Benghazi Offshore Pilot Station (Libya),Trieste / Northern Adriatic Fairway (Italy),33.81907,19.365716,14.4,343.0,342,0.0,Under way using engine,TRIESTE,09-11 08:00,Post-Gap Transit,High,Voyage resumed down-corridor following unverified AIS blackout period
2026-09-08 07:33:00,538009000,9521190,BLACK CORAL,V7X39,Crude Oil Tanker,15.2,Benghazi Offshore Pilot Station (Libya),Trieste / Northern Adriatic Fairway (Italy),33.830595,19.361558,14.5,343.7,343,0.1,Under way using engine,TRIESTE,09-11 08:00,Post-Gap Transit,High,Voyage resumed down-corridor following unverified AIS blackout period
2026-09-08 07:36:00,538009000,9521190,BLACK CORAL,V7X39,Crude Oil Tanker,15.2,Benghazi Offshore Pilot Station (Libya),Trieste / Northern Adriatic Fairway (Italy),33.842203,19.357557,14.5,344.7,343,0.3,Under way using engine,TRIESTE,09-11 08:00,Post-Gap Transit,High,Voyage resumed down-corridor following unverified AIS blackout period
2026-09-08 07:39:00,538009000,9521190,BLACK CORAL,V7X39,Crude Oil Tanker,15.2,Benghazi Offshore Pilot Station (Libya),Trieste / Northern Adriatic Fairway (Italy),33.853779,19.353532,14.5,343.8,343,0.1,Under way using engine,TRIESTE,09-11 08:00,Post-Gap Transit,High,Voyage resumed down-corridor following unverified AIS blackout period
2026-09-08 07:42:00,538009000,9521190,BLACK CORAL,V7X39,Crude Oil Tanker,15.2,Benghazi Offshore Pilot Station (Libya),Trieste / Northern Adriatic Fairway (Italy),33.865388,19.349585,14.5,344.2,343,-0.0,Under way using engine,TRIESTE,09-11 08:00,Post-Gap Transit,High,Voyage resumed down-corridor following unverified AIS blackout period
2026-09-08 07:45:00,538009000,9521190,BLACK CORAL,V7X39,Crude Oil Tanker,15.2,Benghazi Offshore Pilot Station (Libya),Trieste / Northern Adriatic Fairway (Italy),33.876962,19.345543,14.5,343.9,343,0.0,Under way using engine,TRIESTE,09-11 08:00,Post-Gap Transit,High,Voyage resumed down-corridor following unverified AIS blackout period
2026-09-08 07:48:00,538009000,9521190,BLACK CORAL,V7X39,Crude Oil Tanker,15.2,Benghazi Offshore Pilot Station (Libya),Trieste / Northern Adriatic Fairway (Italy),33.888533,19.341569,14.4,344.0,343,-0.1,Under way using engine,TRIESTE,09-11 08:00,Post-Gap Transit,High,Voyage resumed down-corridor following unverified AIS blackout period
2026-09-08 07:51:00,538009000,9521190,BLACK CORAL,V7X39,Crude Oil Tanker,15.2,Benghazi Offshore Pilot Station (Libya),Trieste / Northern Adriatic Fairway (Italy),33.900108,19.337508,14.4,343.4,342,-0.2,Under way using engine,TRIESTE,09-11 08:00,Post-Gap Transit,High,Voyage resumed down-corridor following unverified AIS blackout period
2026-09-08 07:54:00,538009000,9521190,BLACK CORAL,V7X39,Crude Oil Tanker,15.2,Benghazi Offshore Pilot Station (Libya),Trieste / Northern Adriatic Fairway (Italy),33.911643,19.333262,14.4,342.9,342,0.2,Under way using engine,TRIESTE,09-11 08:00,Post-Gap Transit,High,Voyage resumed down-corridor following unverified AIS blackout period
2026-09-08 07:57:00,538009000,9521190,BLACK CORAL,V7X39,Crude Oil Tanker,15.2,Benghazi Offshore Pilot Station (Libya),Trieste / Northern Adriatic Fairway (Italy),33.923164,19.329066,14.5,343.1,342,-0.1,Under way using engine,TRIESTE,09-11 08:00,Post-Gap Transit,High,Voyage resumed down-corridor following unverified AIS blackout period
2026-09-08 08:00:00,538009000,9521190,BLACK CORAL,V7X39,Crude Oil Tanker,15.2,Benghazi Offshore Pilot Station (Libya),Trieste / Northern Adriatic Fairway (Italy),33.934669,19.324824,14.5,343.0,342,-0.1,Under way using engine,TRIESTE,09-11 08:00,Post-Gap Transit,High,Voyage resumed down-corridor following unverified AIS blackout period
2026-09-08 08:03:00,538009000,9521190,BLACK CORAL,V7X39,Crude Oil Tanker,15.2,Benghazi Offshore Pilot Station (Libya),Trieste / Northern Adriatic Fairway (Italy),33.946196,19.320629,14.4,343.5,342,-0.1,Under way using engine,TRIESTE,09-11 08:00,Post-Gap Transit,High,Voyage resumed down-corridor following unverified AIS blackout period
2026-09-08 08:06:00,538009000,9521190,BLACK CORAL,V7X39,Crude Oil Tanker,15.2,Benghazi Offshore Pilot Station (Libya),Trieste / Northern Adriatic Fairway (Italy),33.957768,19.316573,14.4,343.5,342,-0.1,Under way using engine,TRIESTE,09-11 08:00,Post-Gap Transit,High,Voyage resumed down-corridor following unverified AIS blackout period
2026-09-08 08:09:00,538009000,9521190,BLACK CORAL,V7X39,Crude Oil Tanker,15.2,Benghazi Offshore Pilot Station (Libya),Trieste / Northern Adriatic Fairway (Italy),33.969308,19.312315,14.5,343.2,342,0.2,Under way using engine,TRIESTE,09-11 08:00,Post-Gap Transit,High,Voyage resumed down-corridor following unverified AIS blackout period
2026-09-08 08:12:00,538009000,9521190,BLACK CORAL,V7X39,Crude Oil Tanker,15.2,Benghazi Offshore Pilot Station (Libya),Trieste / Northern Adriatic Fairway (Italy),33.980849,19.308173,14.4,343.8,343,-0.1,Under way using engine,TRIESTE,09-11 08:00,Post-Gap Transit,High,Voyage resumed down-corridor following unverified AIS blackout period
2026-09-08 08:15:00,538009000,9521190,BLACK CORAL,V7X39,Crude Oil Tanker,15.2,Benghazi Offshore Pilot Station (Libya),Trieste / Northern Adriatic Fairway (Italy),33.9924,19.304113,14.4,343.7,343,-0.0,Under way using engine,TRIESTE,09-11 08:00,Post-Gap Transit,High,Voyage resumed down-corridor following unverified AIS blackout period
2026-09-08 08:18:00,538009000,9521190,BLACK CORAL,V7X39,Crude Oil Tanker,15.2,Benghazi Offshore Pilot Station (Libya),Trieste / Northern Adriatic Fairway (Italy),34.003889,19.299735,14.5,342.1,341,0.1,Under way using engine,TRIESTE,09-11 08:00,Post-Gap Transit,High,Voyage resumed down-corridor following unverified AIS blackout period
2026-09-08 08:21:00,538009000,9521190,BLACK CORAL,V7X39,Crude Oil Tanker,15.2,Benghazi Offshore Pilot Station (Libya),Trieste / Northern Adriatic Fairway (Italy),34.015424,19.295494,14.5,343.6,342,0.1,Under way using engine,TRIESTE,09-11 08:00,Post-Gap Transit,High,Voyage resumed down-corridor following unverified AIS blackout period
2026-09-08 08:24:00,538009000,9521190,BLACK CORAL,V7X39,Crude Oil Tanker,15.2,Benghazi Offshore Pilot Station (Libya),Trieste / Northern Adriatic Fairway (Italy),34.02695,19.291328,14.4,343.3,342,0.1,Under way using engine,TRIESTE,09-11 08:00,Post-Gap Transit,High,Voyage resumed down-corridor following unverified AIS blackout period
2026-09-08 08:27:00,538009000,9521190,BLACK CORAL,V7X39,Crude Oil Tanker,15.2,Benghazi Offshore Pilot Station (Libya),Trieste / Northern Adriatic Fairway (Italy),34.038521,19.287306,14.5,344.0,343,0.1,Under way using engine,TRIESTE,09-11 08:00,Post-Gap Transit,High,Voyage resumed down-corridor following unverified AIS blackout period
2026-09-08 08:30:00,538009000,9521190,BLACK CORAL,V7X39,Crude Oil Tanker,15.2,Benghazi Offshore Pilot Station (Libya),Trieste / Northern Adriatic Fairway (Italy),34.050066,19.283244,14.5,343.6,342,-0.0,Under way using engine,TRIESTE,09-11 08:00,Post-Gap Transit,High,Voyage resumed down-corridor following unverified AIS blackout period
2026-09-08 08:33:00,538009000,9521190,BLACK CORAL,V7X39,Crude Oil Tanker,15.2,Benghazi Offshore Pilot Station (Libya),Trieste / Northern Adriatic Fairway (Italy),34.061579,19.27909,14.5,344.1,343,0.1,Under way using engine,TRIESTE,09-11 08:00,Post-Gap Transit,High,Voyage resumed down-corridor following unverified AIS blackout period
2026-09-08 08:36:00,538009000,9521190,BLACK CORAL,V7X39,Crude Oil Tanker,15.2,Benghazi Offshore Pilot Station (Libya),Trieste / Northern Adriatic Fairway (Italy),34.073157,19.275117,14.4,344.4,343,-0.1,Under way using engine,TRIESTE,09-11 08:00,Post-Gap Transit,High,Voyage resumed down-corridor following unverified AIS blackout period
2026-09-08 08:39:00,538009000,9521190,BLACK CORAL,V7X39,Crude Oil Tanker,15.2,Benghazi Offshore Pilot Station (Libya),Trieste / Northern Adriatic Fairway (Italy),34.084743,19.271205,14.4,344.1,343,0.1,Under way using engine,TRIESTE,09-11 08:00,Post-Gap Transit,High,Voyage resumed down-corridor following unverified AIS blackout period
2026-09-08 08:42:00,538009000,9521190,BLACK CORAL,V7X39,Crude Oil Tanker,15.2,Benghazi Offshore Pilot Station (Libya),Trieste / Northern Adriatic Fairway (Italy),34.09631,19.267185,14.5,343.5,342,0.0,Under way using engine,TRIESTE,09-11 08:00,Post-Gap Transit,High,Voyage resumed down-corridor following unverified AIS blackout period
2026-09-08 08:45:00,538009000,9521190,BLACK CORAL,V7X39,Crude Oil Tanker,15.2,Benghazi Offshore Pilot Station (Libya),Trieste / Northern Adriatic Fairway (Italy),34.107871,19.263083,14.5,343.7,343,-0.0,Under way using engine,TRIESTE,09-11 08:00,Post-Gap Transit,High,Voyage resumed down-corridor following unverified AIS blackout period
2026-09-08 08:48:00,538009000,9521190,BLACK CORAL,V7X39,Crude Oil Tanker,15.2,Benghazi Offshore Pilot Station (Libya),Trieste / Northern Adriatic Fairway (Italy),34.119357,19.258767,14.5,342.2,341,-0.1,Under way using engine,TRIESTE,09-11 08:00,Post-Gap Transit,High,Voyage resumed down-corridor following unverified AIS blackout period
2026-09-08 08:51:00,538009000,9521190,BLACK CORAL,V7X39,Crude Oil Tanker,15.2,Benghazi Offshore Pilot Station (Libya),Trieste / Northern Adriatic Fairway (Italy),34.130865,19.254476,14.5,343.0,342,-0.1,Under way using engine,TRIESTE,09-11 08:00,Post-Gap Transit,High,Voyage resumed down-corridor following unverified AIS blackout period
2026-09-08 08:54:00,538009000,9521190,BLACK CORAL,V7X39,Crude Oil Tanker,15.2,Benghazi Offshore Pilot Station (Libya),Trieste / Northern Adriatic Fairway (Italy),34.142386,19.250292,14.4,343.2,342,0.1,Under way using engine,TRIESTE,09-11 08:00,Post-Gap Transit,High,Voyage resumed down-corridor following unverified AIS blackout period
2026-09-08 08:57:00,538009000,9521190,BLACK CORAL,V7X39,Crude Oil Tanker,15.2,Benghazi Offshore Pilot Station (Libya),Trieste / Northern Adriatic Fairway (Italy),34.153929,19.246158,14.5,343.9,343,0.2,Under way using engine,TRIESTE,09-11 08:00,Post-Gap Transit,High,Voyage resumed down-corridor following unverified AIS blackout period
2026-09-08 09:00:00,538009000,9521190,BLACK CORAL,V7X39,Crude Oil Tanker,15.2,Benghazi Offshore Pilot Station (Libya),Trieste / Northern Adriatic Fairway (Italy),34.165458,19.241938,14.5,343.2,342,0.0,Under way using engine,TRIESTE,09-11 08:00,Post-Gap Transit,High,Voyage resumed down-corridor following unverified AIS blackout period
2026-09-08 09:03:00,538009000,9521190,BLACK CORAL,V7X39,Crude Oil Tanker,15.2,Benghazi Offshore Pilot Station (Libya),Trieste / Northern Adriatic Fairway (Italy),34.176957,19.237644,14.4,342.4,341,-0.2,Under way using engine,TRIESTE,09-11 08:00,Post-Gap Transit,High,Voyage resumed down-corridor following unverified AIS blackout period
2026-09-08 09:06:00,538009000,9521190,BLACK CORAL,V7X39,Crude Oil Tanker,15.2,Benghazi Offshore Pilot Station (Libya),Trieste / Northern Adriatic Fairway (Italy),34.188467,19.233466,14.4,343.5,342,0.1,Under way using engine,TRIESTE,09-11 08:00,Post-Gap Transit,High,Voyage resumed down-corridor following unverified AIS blackout period
2026-09-08 09:09:00,538009000,9521190,BLACK CORAL,V7X39,Crude Oil Tanker,15.2,Benghazi Offshore Pilot Station (Libya),Trieste / Northern Adriatic Fairway (Italy),34.199995,19.22936,14.5,343.9,343,-0.2,Under way using engine,TRIESTE,09-11 08:00,Post-Gap Transit,High,Voyage resumed down-corridor following unverified AIS blackout period
2026-09-08 09:12:00,538009000,9521190,BLACK CORAL,V7X39,Crude Oil Tanker,15.2,Benghazi Offshore Pilot Station (Libya),Trieste / Northern Adriatic Fairway (Italy),34.211559,19.225246,14.4,343.2,342,-0.0,Under way using engine,TRIESTE,09-11 08:00,Post-Gap Transit,High,Voyage resumed down-corridor following unverified AIS blackout period
2026-09-08 09:15:00,538009000,9521190,BLACK CORAL,V7X39,Crude Oil Tanker,15.2,Benghazi Offshore Pilot Station (Libya),Trieste / Northern Adriatic Fairway (Italy),34.223141,19.221226,14.5,344.2,343,0.0,Under way using engine,TRIESTE,09-11 08:00,Post-Gap Transit,High,Voyage resumed down-corridor following unverified AIS blackout period
2026-09-08 09:18:00,538009000,9521190,BLACK CORAL,V7X39,Crude Oil Tanker,15.2,Benghazi Offshore Pilot Station (Libya),Trieste / Northern Adriatic Fairway (Italy),34.234669,19.217156,14.4,343.7,343,-0.2,Under way using engine,TRIESTE,09-11 08:00,Post-Gap Transit,High,Voyage resumed down-corridor following unverified AIS blackout period
2026-09-08 09:21:00,538009000,9521190,BLACK CORAL,V7X39,Crude Oil Tanker,15.2,Benghazi Offshore Pilot Station (Libya),Trieste / Northern Adriatic Fairway (Italy),34.24616,19.212867,14.5,343.1,342,0.1,Under way using engine,TRIESTE,09-11 08:00,Post-Gap Transit,High,Voyage resumed down-corridor following unverified AIS blackout period
2026-09-08 09:24:00,538009000,9521190,BLACK CORAL,V7X39,Crude Oil Tanker,15.2,Benghazi Offshore Pilot Station (Libya),Trieste / Northern Adriatic Fairway (Italy),34.257661,19.208662,14.4,343.2,342,-0.1,Under way using engine,TRIESTE,09-11 08:00,Post-Gap Transit,High,Voyage resumed down-corridor following unverified AIS blackout period
2026-09-08 09:27:00,538009000,9521190,BLACK CORAL,V7X39,Crude Oil Tanker,15.2,Benghazi Offshore Pilot Station (Libya),Trieste / Northern Adriatic Fairway (Italy),34.269168,19.204481,14.4,343.5,342,-0.0,Under way using engine,TRIESTE,09-11 08:00,Post-Gap Transit,High,Voyage resumed down-corridor following unverified AIS blackout period
2026-09-08 09:30:00,538009000,9521190,BLACK CORAL,V7X39,Crude Oil Tanker,15.2,Benghazi Offshore Pilot Station (Libya),Trieste / Northern Adriatic Fairway (Italy),34.280656,19.20021,14.4,343.2,342,-0.1,Under way using engine,TRIESTE,09-11 08:00,Post-Gap Transit,High,Voyage resumed down-corridor following unverified AIS blackout period
2026-09-08 09:33:00,538009000,9521190,BLACK CORAL,V7X39,Crude Oil Tanker,15.2,Benghazi Offshore Pilot Station (Libya),Trieste / Northern Adriatic Fairway (Italy),34.292144,19.195895,14.4,342.6,341,0.2,Under way using engine,TRIESTE,09-11 08:00,Post-Gap Transit,High,Voyage resumed down-corridor following unverified AIS blackout period
2026-09-08 09:36:00,538009000,9521190,BLACK CORAL,V7X39,Crude Oil Tanker,15.2,Benghazi Offshore Pilot Station (Libya),Trieste / Northern Adriatic Fairway (Italy),34.303591,19.191462,14.5,342.2,341,-0.1,Under way using engine,TRIESTE,09-11 08:00,Post-Gap Transit,High,Voyage resumed down-corridor following unverified AIS blackout period
2026-09-08 09:39:00,538009000,9521190,BLACK CORAL,V7X39,Crude Oil Tanker,15.2,Benghazi Offshore Pilot Station (Libya),Trieste / Northern Adriatic Fairway (Italy),34.315031,19.187041,14.4,342.1,341,0.1,Under way using engine,TRIESTE,09-11 08:00,Post-Gap Transit,High,Voyage resumed down-corridor following unverified AIS blackout period
2026-09-08 09:42:00,538009000,9521190,BLACK CORAL,V7X39,Crude Oil Tanker,15.2,Benghazi Offshore Pilot Station (Libya),Trieste / Northern Adriatic Fairway (Italy),34.326409,19.182389,14.4,341.8,341,-0.1,Under way using engine,TRIESTE,09-11 08:00,Post-Gap Transit,High,Voyage resumed down-corridor following unverified AIS blackout period
2026-09-08 09:45:00,538009000,9521190,BLACK CORAL,V7X39,Crude Oil Tanker,15.2,Benghazi Offshore Pilot Station (Libya),Trieste / Northern Adriatic Fairway (Italy),34.337844,19.177919,14.4,342.5,341,0.2,Under way using engine,TRIESTE,09-11 08:00,Post-Gap Transit,High,Voyage resumed down-corridor following unverified AIS blackout period
2026-09-08 09:48:00,538009000,9521190,BLACK CORAL,V7X39,Crude Oil Tanker,15.2,Benghazi Offshore Pilot Station (Libya),Trieste / Northern Adriatic Fairway (Italy),34.349328,19.17366,14.4,342.8,342,-0.1,Under way using engine,TRIESTE,09-11 08:00,Post-Gap Transit,High,Voyage resumed down-corridor following unverified AIS blackout period
2026-09-08 09:51:00,538009000,9521190,BLACK CORAL,V7X39,Crude Oil Tanker,15.2,Benghazi Offshore Pilot Station (Libya),Trieste / Northern Adriatic Fairway (Italy),34.360852,19.169551,14.4,343.5,342,-0.1,Under way using engine,TRIESTE,09-11 08:00,Post-Gap Transit,High,Voyage resumed down-corridor following unverified AIS blackout period
2026-09-08 09:54:00,538009000,9521190,BLACK CORAL,V7X39,Crude Oil Tanker,15.2,Benghazi Offshore Pilot Station (Libya),Trieste / Northern Adriatic Fairway (Italy),34.372324,19.165232,14.4,343.4,342,-0.0,Under way using engine,TRIESTE,09-11 08:00,Post-Gap Transit,High,Voyage resumed down-corridor following unverified AIS blackout period
2026-09-08 09:57:00,538009000,9521190,BLACK CORAL,V7X39,Crude Oil Tanker,15.2,Benghazi Offshore Pilot Station (Libya),Trieste / Northern Adriatic Fairway (Italy),34.383841,19.161105,14.4,343.4,342,-0.1,Under way using engine,TRIESTE,09-11 08:00,Post-Gap Transit,High,Voyage resumed down-corridor following unverified AIS blackout period
2026-09-08 10:00:00,538009000,9521190,BLACK CORAL,V7X39,Crude Oil Tanker,15.2,Benghazi Offshore Pilot Station (Libya),Trieste / Northern Adriatic Fairway (Italy),34.395309,19.156807,14.4,342.9,342,0.1,Under way using engine,TRIESTE,09-11 08:00,Post-Gap Transit,High,Voyage resumed down-corridor following unverified AIS blackout period
2026-09-08 10:03:00,538009000,9521190,BLACK CORAL,V7X39,Crude Oil Tanker,15.2,Benghazi Offshore Pilot Station (Libya),Trieste / Northern Adriatic Fairway (Italy),34.4068,19.15255,14.4,342.8,342,-0.1,Under way using engine,TRIESTE,09-11 08:00,Post-Gap Transit,High,Voyage resumed down-corridor following unverified AIS blackout period
2026-09-08 10:06:00,538009000,9521190,BLACK CORAL,V7X39,Crude Oil Tanker,15.2,Benghazi Offshore Pilot Station (Libya),Trieste / Northern Adriatic Fairway (Italy),34.418261,19.148204,14.4,342.7,342,-0.0,Under way using engine,TRIESTE,09-11 08:00,Post-Gap Transit,High,Voyage resumed down-corridor following unverified AIS blackout period
2026-09-08 10:09:00,538009000,9521190,BLACK CORAL,V7X39,Crude Oil Tanker,15.2,Benghazi Offshore Pilot Station (Libya),Trieste / Northern Adriatic Fairway (Italy),34.429718,19.143752,14.5,341.9,341,-0.1,Under way using engine,TRIESTE,09-11 08:00,Post-Gap Transit,High,Voyage resumed down-corridor following unverified AIS blackout period
2026-09-08 10:12:00,538009000,9521190,BLACK CORAL,V7X39,Crude Oil Tanker,15.2,Benghazi Offshore Pilot Station (Libya),Trieste / Northern Adriatic Fairway (Italy),34.44116,19.139309,14.4,342.5,341,0.1,Under way using engine,TRIESTE,09-11 08:00,Post-Gap Transit,High,Voyage resumed down-corridor following unverified AIS blackout period
2026-09-08 10:15:00,538009000,9521190,BLACK CORAL,V7X39,Crude Oil Tanker,15.2,Benghazi Offshore Pilot Station (Libya),Trieste / Northern Adriatic Fairway (Italy),34.452603,19.13484,14.4,341.9,341,-0.2,Under way using engine,TRIESTE,09-11 08:00,Post-Gap Transit,High,Voyage resumed down-corridor following unverified AIS blackout period
2026-09-08 10:18:00,538009000,9521190,BLACK CORAL,V7X39,Crude Oil Tanker,15.2,Benghazi Offshore Pilot Station (Libya),Trieste / Northern Adriatic Fairway (Italy),34.464061,19.130497,14.4,342.4,341,0.0,Under way using engine,TRIESTE,09-11 08:00,Post-Gap Transit,High,Voyage resumed down-corridor following unverified AIS blackout period
2026-09-08 10:21:00,538009000,9521190,BLACK CORAL,V7X39,Crude Oil Tanker,15.2,Benghazi Offshore Pilot Station (Libya),Trieste / Northern Adriatic Fairway (Italy),34.475518,19.126154,14.5,343.0,342,-0.0,Under way using engine,TRIESTE,09-11 08:00,Post-Gap Transit,High,Voyage resumed down-corridor following unverified AIS blackout period
2026-09-08 10:24:00,538009000,9521190,BLACK CORAL,V7X39,Crude Oil Tanker,15.2,Benghazi Offshore Pilot Station (Libya),Trieste / Northern Adriatic Fairway (Italy),34.487006,19.121948,14.4,342.8,342,0.1,Under way using engine,TRIESTE,09-11 08:00,Post-Gap Transit,High,Voyage resumed down-corridor following unverified AIS blackout period
2026-09-08 10:27:00,538009000,9521190,BLACK CORAL,V7X39,Crude Oil Tanker,15.2,Benghazi Offshore Pilot Station (Libya),Trieste / Northern Adriatic Fairway (Italy),34.498489,19.117648,14.4,342.7,342,-0.0,Under way using engine,TRIESTE,09-11 08:00,Post-Gap Transit,High,Voyage resumed down-corridor following unverified AIS blackout period
2026-09-08 10:30:00,538009000,9521190,BLACK CORAL,V7X39,Crude Oil Tanker,15.2,Benghazi Offshore Pilot Station (Libya),Trieste / Northern Adriatic Fairway (Italy),34.50997,19.113351,14.4,342.6,341,0.1,Under way using engine,TRIESTE,09-11 08:00,Post-Gap Transit,High,Voyage resumed down-corridor following unverified AIS blackout period
2026-09-08 10:33:00,538009000,9521190,BLACK CORAL,V7X39,Crude Oil Tanker,15.2,Benghazi Offshore Pilot Station (Libya),Trieste / Northern Adriatic Fairway (Italy),34.521451,19.109006,14.5,342.8,342,0.0,Under way using engine,TRIESTE,09-11 08:00,Post-Gap Transit,High,Voyage resumed down-corridor following unverified AIS blackout period
2026-09-08 10:36:00,538009000,9521190,BLACK CORAL,V7X39,Crude Oil Tanker,15.2,Benghazi Offshore Pilot Station (Libya),Trieste / Northern Adriatic Fairway (Italy),34.532941,19.104732,14.4,343.0,342,0.1,Under way using engine,TRIESTE,09-11 08:00,Post-Gap Transit,High,Voyage resumed down-corridor following unverified AIS blackout period
2026-09-08 10:39:00,538009000,9521190,BLACK CORAL,V7X39,Crude Oil Tanker,15.2,Benghazi Offshore Pilot Station (Libya),Trieste / Northern Adriatic Fairway (Italy),34.544431,19.100396,14.4,342.4,341,-0.1,Under way using engine,TRIESTE,09-11 08:00,Post-Gap Transit,High,Voyage resumed down-corridor following unverified AIS blackout period
2026-09-08 10:42:00,538009000,9521190,BLACK CORAL,V7X39,Crude Oil Tanker,15.2,Benghazi Offshore Pilot Station (Libya),Trieste / Northern Adriatic Fairway (Italy),34.555804,19.095694,14.4,340.9,340,0.0,Under way using engine,TRIESTE,09-11 08:00,Post-Gap Transit,High,Voyage resumed down-corridor following unverified AIS blackout period
2026-09-08 10:45:00,538009000,9521190,BLACK CORAL,V7X39,Crude Oil Tanker,15.2,Benghazi Offshore Pilot Station (Libya),Trieste / Northern Adriatic Fairway (Italy),34.567194,19.091101,14.4,342.2,341,-0.1,Under way using engine,TRIESTE,09-11 08:00,Post-Gap Transit,High,Voyage resumed down-corridor following unverified AIS blackout period
2026-09-08 10:48:00,538009000,9521190,BLACK CORAL,V7X39,Crude Oil Tanker,15.2,Benghazi Offshore Pilot Station (Libya),Trieste / Northern Adriatic Fairway (Italy),34.578629,19.086653,14.4,342.4,341,0.1,Under way using engine,TRIESTE,09-11 08:00,Post-Gap Transit,High,Voyage resumed down-corridor following unverified AIS blackout period
2026-09-08 10:51:00,538009000,9521190,BLACK CORAL,V7X39,Crude Oil Tanker,15.2,Benghazi Offshore Pilot Station (Libya),Trieste / Northern Adriatic Fairway (Italy),34.590132,19.082396,14.4,343.0,342,0.0,Under way using engine,TRIESTE,09-11 08:00,Post-Gap Transit,High,Voyage resumed down-corridor following unverified AIS blackout period
2026-09-08 10:54:00,538009000,9521190,BLACK CORAL,V7X39,Crude Oil Tanker,15.2,Benghazi Offshore Pilot Station (Libya),Trieste / Northern Adriatic Fairway (Italy),34.601622,19.078167,14.4,343.3,342,-0.0,Under way using engine,TRIESTE,09-11 08:00,Post-Gap Transit,High,Voyage resumed down-corridor following unverified AIS blackout period
2026-09-08 10:57:00,538009000,9521190,BLACK CORAL,V7X39,Crude Oil Tanker,15.2,Benghazi Offshore Pilot Station (Libya),Trieste / Northern Adriatic Fairway (Italy),34.613171,19.074056,14.4,343.3,342,-0.1,Under way using engine,TRIESTE,09-11 08:00,Post-Gap Transit,High,Voyage resumed down-corridor following unverified AIS blackout period
2026-09-08 11:00:00,538009000,9521190,BLACK CORAL,V7X39,Crude Oil Tanker,15.2,Benghazi Offshore Pilot Station (Libya),Trieste / Northern Adriatic Fairway (Italy),34.624651,19.069743,14.5,342.8,342,0.0,Under way using engine,TRIESTE,09-11 08:00,Post-Gap Transit,High,Voyage resumed down-corridor following unverified AIS blackout period
2026-09-08 11:03:00,538009000,9521190,BLACK CORAL,V7X39,Crude Oil Tanker,15.2,Benghazi Offshore Pilot Station (Libya),Trieste / Northern Adriatic Fairway (Italy),34.636134,19.065471,14.4,342.8,342,-0.1,Under way using engine,TRIESTE,09-11 08:00,Post-Gap Transit,High,Voyage resumed down-corridor following unverified AIS blackout period
2026-09-08 11:06:00,538009000,9521190,BLACK CORAL,V7X39,Crude Oil Tanker,15.2,Benghazi Offshore Pilot Station (Libya),Trieste / Northern Adriatic Fairway (Italy),34.647636,19.061213,14.4,342.8,342,0.0,Under way using engine,TRIESTE,09-11 08:00,Post-Gap Transit,High,Voyage resumed down-corridor following unverified AIS blackout period
2026-09-08 11:09:00,538009000,9521190,BLACK CORAL,V7X39,Crude Oil Tanker,15.2,Benghazi Offshore Pilot Station (Libya),Trieste / Northern Adriatic Fairway (Italy),34.65906,19.056661,14.4,341.4,340,-0.2,Under way using engine,TRIESTE,09-11 08:00,Post-Gap Transit,High,Voyage resumed down-corridor following unverified AIS blackout period
2026-09-08 11:12:00,538009000,9521190,BLACK CORAL,V7X39,Crude Oil Tanker,15.2,Benghazi Offshore Pilot Station (Libya),Trieste / Northern Adriatic Fairway (Italy),34.670539,19.052321,14.4,343.3,342,0.1,Under way using engine,TRIESTE,09-11 08:00,Post-Gap Transit,High,Voyage resumed down-corridor following unverified AIS blackout period
2026-09-08 11:15:00,538009000,9521190,BLACK CORAL,V7X39,Crude Oil Tanker,15.2,Benghazi Offshore Pilot Station (Libya),Trieste / Northern Adriatic Fairway (Italy),34.682021,19.048077,14.4,342.9,342,-0.0,Under way using engine,TRIESTE,09-11 08:00,Post-Gap Transit,High,Voyage resumed down-corridor following unverified AIS blackout period
2026-09-08 11:18:00,538009000,9521190,BLACK CORAL,V7X39,Crude Oil Tanker,15.2,Benghazi Offshore Pilot Station (Libya),Trieste / Northern Adriatic Fairway (Italy),34.693486,19.043704,14.4,341.7,341,0.1,Under way using engine,TRIESTE,09-11 08:00,Post-Gap Transit,High,Voyage resumed down-corridor following unverified AIS blackout period
2026-09-08 11:21:00,538009000,9521190,BLACK CORAL,V7X39,Crude Oil Tanker,15.2,Benghazi Offshore Pilot Station (Libya),Trieste / Northern Adriatic Fairway (Italy),34.704844,19.038996,14.4,341.5,340,-0.1,Under way using engine,TRIESTE,09-11 08:00,Post-Gap Transit,High,Voyage resumed down-corridor following unverified AIS blackout period
2026-09-08 11:24:00,538009000,9521190,BLACK CORAL,V7X39,Crude Oil Tanker,15.2,Benghazi Offshore Pilot Station (Libya),Trieste / Northern Adriatic Fairway (Italy),34.716258,19.034489,14.4,342.5,341,-0.1,Under way using engine,TRIESTE,09-11 08:00,Post-Gap Transit,High,Voyage resumed down-corridor following unverified AIS blackout period
2026-09-08 11:27:00,538009000,9521190,BLACK CORAL,V7X39,Crude Oil Tanker,15.2,Benghazi Offshore Pilot Station (Libya),Trieste / Northern Adriatic Fairway (Italy),34.727677,19.029962,14.4,342.0,341,0.0,Under way using engine,TRIESTE,09-11 08:00,Post-Gap Transit,High,Voyage resumed down-corridor following unverified AIS blackout period
2026-09-08 11:30:00,538009000,9521190,BLACK CORAL,V7X39,Crude Oil Tanker,15.2,Benghazi Offshore Pilot Station (Libya),Trieste / Northern Adriatic Fairway (Italy),34.73906,19.025366,14.4,341.8,341,-0.2,Under way using engine,TRIESTE,09-11 08:00,Post-Gap Transit,High,Voyage resumed down-corridor following unverified AIS blackout period
2026-09-08 11:33:00,538009000,9521190,BLACK CORAL,V7X39,Crude Oil Tanker,15.2,Benghazi Offshore Pilot Station (Libya),Trieste / Northern Adriatic Fairway (Italy),34.750465,19.020841,14.4,341.9,341,0.0,Under way using engine,TRIESTE,09-11 08:00,Post-Gap Transit,High,Voyage resumed down-corridor following unverified AIS blackout period
2026-09-08 11:36:00,538009000,9521190,BLACK CORAL,V7X39,Crude Oil Tanker,15.2,Benghazi Offshore Pilot Station (Libya),Trieste / Northern Adriatic Fairway (Italy),34.761817,19.01631,14.3,342.8,342,0.5,Under way using engine,TRIESTE,09-11 08:00,Post-Gap Transit,High,Voyage resumed down-corridor following unverified AIS blackout period
2026-09-08 11:39:00,538009000,9521190,BLACK CORAL,V7X39,Crude Oil Tanker,15.2,Benghazi Offshore Pilot Station (Libya),Trieste / Northern Adriatic Fairway (Italy),34.773209,19.012098,14.3,343.4,342,-0.1,Under way using engine,TRIESTE,09-11 08:00,Post-Gap Transit,High,Voyage resumed down-corridor following unverified AIS blackout period
2026-09-08 11:42:00,538009000,9521190,BLACK CORAL,V7X39,Crude Oil Tanker,15.2,Benghazi Offshore Pilot Station (Libya),Trieste / Northern Adriatic Fairway (Italy),34.784624,19.007896,14.3,342.6,341,-0.0,Under way using engine,TRIESTE,09-11 08:00,Post-Gap Transit,High,Voyage resumed down-corridor following unverified AIS blackout period
2026-09-08 11:45:00,538009000,9521190,BLACK CORAL,V7X39,Crude Oil Tanker,15.2,Benghazi Offshore Pilot Station (Libya),Trieste / Northern Adriatic Fairway (Italy),34.796007,19.003568,14.3,342.7,341,-0.0,Under way using engine,TRIESTE,09-11 08:00,Post-Gap Transit,High,Voyage resumed down-corridor following unverified AIS blackout period
2026-09-08 11:48:00,538009000,9521190,BLACK CORAL,V7X39,Crude Oil Tanker,15.2,Benghazi Offshore Pilot Station (Libya),Trieste / Northern Adriatic Fairway (Italy),34.807359,18.999112,14.3,342.4,341,0.1,Under way using engine,TRIESTE,09-11 08:00,Post-Gap Transit,High,Voyage resumed down-corridor following unverified AIS blackout period
2026-09-08 11:51:00,538009000,9521190,BLACK CORAL,V7X39,Crude Oil Tanker,15.2,Benghazi Offshore Pilot Station (Libya),Trieste / Northern Adriatic Fairway (Italy),34.818712,18.994692,14.3,342.8,342,0.2,Under way using engine,TRIESTE,09-11 08:00,Post-Gap Transit,High,Voyage resumed down-corridor following unverified AIS blackout period
2026-09-08 11:54:00,538009000,9521190,BLACK CORAL,V7X39,Crude Oil Tanker,15.2,Benghazi Offshore Pilot Station (Libya),Trieste / Northern Adriatic Fairway (Italy),34.830108,18.990403,14.3,342.7,341,-0.1,Under way using engine,TRIESTE,09-11 08:00,Post-Gap Transit,High,Voyage resumed down-corridor following unverified AIS blackout period
2026-09-08 11:57:00,538009000,9521190,BLACK CORAL,V7X39,Crude Oil Tanker,15.2,Benghazi Offshore Pilot Station (Libya),Trieste / Northern Adriatic Fairway (Italy),34.841477,18.986021,14.3,342.6,341,-0.2,Under way using engine,TRIESTE,09-11 08:00,Post-Gap Transit,High,Voyage resumed down-corridor following unverified AIS blackout period
2026-09-08 12:00:00,538009000,9521190,BLACK CORAL,V7X39,Crude Oil Tanker,15.2,Benghazi Offshore Pilot Station (Libya),Trieste / Northern Adriatic Fairway (Italy),34.85286,18.981731,14.3,342.6,341,0.3,Under way using engine,TRIESTE,09-11 08:00,Post-Gap Transit,High,Voyage resumed down-corridor following unverified AIS blackout period
2026-09-08 12:03:00,538009000,9521190,BLACK CORAL,V7X39,Crude Oil Tanker,15.2,Benghazi Offshore Pilot Station (Libya),Trieste / Northern Adriatic Fairway (Italy),34.864193,18.977287,14.3,342.8,342,0.1,Under way using engine,TRIESTE,09-11 08:00,Post-Gap Transit,High,Voyage resumed down-corridor following unverified AIS blackout period
2026-09-08 12:06:00,538009000,9521190,BLACK CORAL,V7X39,Crude Oil Tanker,15.2,Benghazi Offshore Pilot Station (Libya),Trieste / Northern Adriatic Fairway (Italy),34.875623,18.973167,14.3,343.3,342,-0.2,Under way using engine,TRIESTE,09-11 08:00,Post-Gap Transit,High,Voyage resumed down-corridor following unverified AIS blackout period
2026-09-08 12:09:00,538009000,9521190,BLACK CORAL,V7X39,Crude Oil Tanker,15.2,Benghazi Offshore Pilot Station (Libya),Trieste / Northern Adriatic Fairway (Italy),34.887031,18.968927,14.4,342.7,341,-0.0,Under way using engine,TRIESTE,09-11 08:00,Post-Gap Transit,High,Voyage resumed down-corridor following unverified AIS blackout period
2026-09-08 12:12:00,538009000,9521190,BLACK CORAL,V7X39,Crude Oil Tanker,15.2,Benghazi Offshore Pilot Station (Libya),Trieste / Northern Adriatic Fairway (Italy),34.898439,18.964665,14.3,343.3,342,0.1,Under way using engine,TRIESTE,09-11 08:00,Post-Gap Transit,High,Voyage resumed down-corridor following unverified AIS blackout period
2026-09-08 12:15:00,538009000,9521190,BLACK CORAL,V7X39,Crude Oil Tanker,15.2,Benghazi Offshore Pilot Station (Libya),Trieste / Northern Adriatic Fairway (Italy),34.909871,18.96048,14.3,343.2,342,0.1,Under way using engine,TRIESTE,09-11 08:00,Post-Gap Transit,High,Voyage resumed down-corridor following unverified AIS blackout period
2026-09-08 12:18:00,538009000,9521190,BLACK CORAL,V7X39,Crude Oil Tanker,15.2,Benghazi Offshore Pilot Station (Libya),Trieste / Northern Adriatic Fairway (Italy),34.921259,18.956159,14.3,342.3,341,0.0,Under way using engine,TRIESTE,09-11 08:00,Post-Gap Transit,High,Voyage resumed down-corridor following unverified AIS blackout period
2026-09-08 12:21:00,538009000,9521190,BLACK CORAL,V7X39,Crude Oil Tanker,15.2,Benghazi Offshore Pilot Station (Libya),Trieste / Northern Adriatic Fairway (Italy),34.932591,18.951602,14.3,341.8,341,-0.3,Under way using engine,TRIESTE,09-11 08:00,Post-Gap Transit,High,Voyage resumed down-corridor following unverified AIS blackout period
2026-09-08 12:24:00,538009000,9521190,BLACK CORAL,V7X39,Crude Oil Tanker,15.2,Benghazi Offshore Pilot Station (Libya),Trieste / Northern Adriatic Fairway (Italy),34.94394,18.947126,14.3,342.3,341,0.1,Under way using engine,TRIESTE,09-11 08:00,Post-Gap Transit,High,Voyage resumed down-corridor following unverified AIS blackout period
2026-09-08 12:27:00,538009000,9521190,BLACK CORAL,V7X39,Crude Oil Tanker,15.2,Benghazi Offshore Pilot Station (Libya),Trieste / Northern Adriatic Fairway (Italy),34.955275,18.942611,14.3,341.8,341,0.1,Under way using engine,TRIESTE,09-11 08:00,Post-Gap Transit,High,Voyage resumed down-corridor following unverified AIS blackout period
2026-09-08 12:30:00,538009000,9521190,BLACK CORAL,V7X39,Crude Oil Tanker,15.2,Benghazi Offshore Pilot Station (Libya),Trieste / Northern Adriatic Fairway (Italy),34.966639,18.938251,14.3,342.2,341,0.1,Under way using engine,TRIESTE,09-11 08:00,Post-Gap Transit,High,Voyage resumed down-corridor following unverified AIS blackout period
2026-09-08 12:33:00,538009000,9521190,BLACK CORAL,V7X39,Crude Oil Tanker,15.2,Benghazi Offshore Pilot Station (Libya),Trieste / Northern Adriatic Fairway (Italy),34.978005,18.93386,14.3,342.6,341,-0.0,Under way using engine,TRIESTE,09-11 08:00,Post-Gap Transit,High,Voyage resumed down-corridor following unverified AIS blackout period
2026-09-08 12:36:00,538009000,9521190,BLACK CORAL,V7X39,Crude Oil Tanker,15.2,Benghazi Offshore Pilot Station (Libya),Trieste / Northern Adriatic Fairway (Italy),34.989402,18.929559,14.3,343.5,342,0.1,Under way using engine,TRIESTE,09-11 08:00,Post-Gap Transit,High,Voyage resumed down-corridor following unverified AIS blackout period
2026-09-08 12:39:00,538009000,9521190,BLACK CORAL,V7X39,Crude Oil Tanker,15.2,Benghazi Offshore Pilot Station (Libya),Trieste / Northern Adriatic Fairway (Italy),35.000826,18.925367,14.3,342.7,341,-0.2,Under way using engine,TRIESTE,09-11 08:00,Post-Gap Transit,High,Voyage resumed down-corridor following unverified AIS blackout period
2026-09-08 12:42:00,538009000,9521190,BLACK CORAL,V7X39,Crude Oil Tanker,15.2,Benghazi Offshore Pilot Station (Libya),Trieste / Northern Adriatic Fairway (Italy),35.012201,18.921008,14.3,342.4,341,0.0,Under way using engine,TRIESTE,09-11 08:00,Post-Gap Transit,High,Voyage resumed down-corridor following unverified AIS blackout period
2026-09-08 12:45:00,538009000,9521190,BLACK CORAL,V7X39,Crude Oil Tanker,15.2,Benghazi Offshore Pilot Station (Libya),Trieste / Northern Adriatic Fairway (Italy),35.023607,18.916783,14.3,342.7,341,0.0,Under way using engine,TRIESTE,09-11 08:00,Post-Gap Transit,High,Voyage resumed down-corridor following unverified AIS blackout period
2026-09-08 12:48:00,538009000,9521190,BLACK CORAL,V7X39,Crude Oil Tanker,15.2,Benghazi Offshore Pilot Station (Libya),Trieste / Northern Adriatic Fairway (Italy),35.034993,18.912431,14.3,342.4,341,-0.1,Under way using engine,TRIESTE,09-11 08:00,Post-Gap Transit,High,Voyage resumed down-corridor following unverified AIS blackout period
2026-09-08 12:51:00,538009000,9521190,BLACK CORAL,V7X39,Crude Oil Tanker,15.2,Benghazi Offshore Pilot Station (Libya),Trieste / Northern Adriatic Fairway (Italy),35.04631,18.90782,14.3,340.5,339,-0.1,Under way using engine,TRIESTE,09-11 08:00,Post-Gap Transit,High,Voyage resumed down-corridor following unverified AIS blackout period
2026-09-08 12:54:00,538009000,9521190,BLACK CORAL,V7X39,Crude Oil Tanker,15.2,Benghazi Offshore Pilot Station (Libya),Trieste / Northern Adriatic Fairway (Italy),35.057593,18.903118,14.3,341.6,340,-0.1,Under way using engine,TRIESTE,09-11 08:00,Post-Gap Transit,High,Voyage resumed down-corridor following unverified AIS blackout period
2026-09-08 12:57:00,538009000,9521190,BLACK CORAL,V7X39,Crude Oil Tanker,15.2,Benghazi Offshore Pilot Station (Libya),Trieste / Northern Adriatic Fairway (Italy),35.068971,18.898752,14.4,343.1,342,0.0,Under way using engine,TRIESTE,09-11 08:00,Post-Gap Transit,High,Voyage resumed down-corridor following unverified AIS blackout period
2026-09-08 13:00:00,538009000,9521190,BLACK CORAL,V7X39,Crude Oil Tanker,15.2,Benghazi Offshore Pilot Station (Libya),Trieste / Northern Adriatic Fairway (Italy),35.080399,18.894528,14.3,342.9,342,0.0,Under way using engine,TRIESTE,09-11 08:00,Post-Gap Transit,High,Voyage resumed down-corridor following unverified AIS blackout period
2026-09-08 13:03:00,538009000,9521190,BLACK CORAL,V7X39,Crude Oil Tanker,15.2,Benghazi Offshore Pilot Station (Libya),Trieste / Northern Adriatic Fairway (Italy),35.091826,18.890325,14.3,343.4,342,0.1,Under way using engine,TRIESTE,09-11 08:00,Post-Gap Transit,High,Voyage resumed down-corridor following unverified AIS blackout period
2026-09-08 13:06:00,538009000,9521190,BLACK CORAL,V7X39,Crude Oil Tanker,15.2,Benghazi Offshore Pilot Station (Libya),Trieste / Northern Adriatic Fairway (Italy),35.103239,18.886074,14.3,343.1,342,-0.1,Under way using engine,TRIESTE,09-11 08:00,Post-Gap Transit,High,Voyage resumed down-corridor following unverified AIS blackout period
2026-09-08 13:09:00,538009000,9521190,BLACK CORAL,V7X39,Crude Oil Tanker,15.2,Benghazi Offshore Pilot Station (Libya),Trieste / Northern Adriatic Fairway (Italy),35.114659,18.881836,14.3,343.1,342,0.0,Under way using engine,TRIESTE,09-11 08:00,Post-Gap Transit,High,Voyage resumed down-corridor following unverified AIS blackout period
2026-09-08 13:12:00,538009000,9521190,BLACK CORAL,V7X39,Crude Oil Tanker,15.2,Benghazi Offshore Pilot Station (Libya),Trieste / Northern Adriatic Fairway (Italy),35.12605,18.877486,14.3,342.1,341,-0.1,Under way using engine,TRIESTE,09-11 08:00,Post-Gap Transit,High,Voyage resumed down-corridor following unverified AIS blackout period
2026-09-08 13:15:00,538009000,9521190,BLACK CORAL,V7X39,Crude Oil Tanker,15.2,Benghazi Offshore Pilot Station (Libya),Trieste / Northern Adriatic Fairway (Italy),35.137396,18.872963,14.3,342.2,341,-0.0,Under way using engine,TRIESTE,09-11 08:00,Post-Gap Transit,High,Voyage resumed down-corridor following unverified AIS blackout period
2026-09-08 13:18:00,538009000,9521190,BLACK CORAL,V7X39,Crude Oil Tanker,15.2,Benghazi Offshore Pilot Station (Libya),Trieste / Northern Adriatic Fairway (Italy),35.14877,18.868592,14.3,342.9,342,-0.0,Under way using engine,TRIESTE,09-11 08:00,Post-Gap Transit,High,Voyage resumed down-corridor following unverified AIS blackout period
2026-09-08 13:21:00,538009000,9521190,BLACK CORAL,V7X39,Crude Oil Tanker,15.2,Benghazi Offshore Pilot Station (Libya),Trieste / Northern Adriatic Fairway (Italy),35.160098,18.864014,14.3,341.5,340,-0.0,Under way using engine,TRIESTE,09-11 08:00,Post-Gap Transit,High,Voyage resumed down-corridor following unverified AIS blackout period
2026-09-08 13:24:00,538009000,9521190,BLACK CORAL,V7X39,Crude Oil Tanker,15.2,Benghazi Offshore Pilot Station (Libya),Trieste / Northern Adriatic Fairway (Italy),35.171378,18.859299,14.3,341.1,340,-0.0,Under way using engine,TRIESTE,09-11 08:00,Post-Gap Transit,High,Voyage resumed down-corridor following unverified AIS blackout period
2026-09-08 13:27:00,538009000,9521190,BLACK CORAL,V7X39,Crude Oil Tanker,15.2,Benghazi Offshore Pilot Station (Libya),Trieste / Northern Adriatic Fairway (Italy),35.18267,18.854623,14.3,341.1,340,-0.0,Under way using engine,TRIESTE,09-11 08:00,Post-Gap Transit,High,Voyage resumed down-corridor following unverified AIS blackout period
2026-09-08 13:30:00,538009000,9521190,BLACK CORAL,V7X39,Crude Oil Tanker,15.2,Benghazi Offshore Pilot Station (Libya),Trieste / Northern Adriatic Fairway (Italy),35.193981,18.849961,14.4,341.8,341,0.0,Under way using engine,TRIESTE,09-11 08:00,Post-Gap Transit,High,Voyage resumed down-corridor following unverified AIS blackout period
2026-09-08 13:33:00,538009000,9521190,BLACK CORAL,V7X39,Crude Oil Tanker,15.2,Benghazi Offshore Pilot Station (Libya),Trieste / Northern Adriatic Fairway (Italy),35.20536,18.845529,14.4,342.1,341,0.1,Under way using engine,TRIESTE,09-11 08:00,Post-Gap Transit,High,Voyage resumed down-corridor following unverified AIS blackout period
2026-09-08 13:36:00,538009000,9521190,BLACK CORAL,V7X39,Crude Oil Tanker,15.2,Benghazi Offshore Pilot Station (Libya),Trieste / Northern Adriatic Fairway (Italy),35.216692,18.841007,14.3,341.7,340,0.1,Under way using engine,TRIESTE,09-11 08:00,Post-Gap Transit,High,Voyage resumed down-corridor following unverified AIS blackout period
2026-09-08 13:39:00,538009000,9521190,BLACK CORAL,V7X39,Crude Oil Tanker,15.2,Benghazi Offshore Pilot Station (Libya),Trieste / Northern Adriatic Fairway (Italy),35.22803,18.836426,14.3,342.1,341,0.1,Under way using engine,TRIESTE,09-11 08:00,Post-Gap Transit,High,Voyage resumed down-corridor following unverified AIS blackout period
2026-09-08 13:42:00,538009000,9521190,BLACK CORAL,V7X39,Crude Oil Tanker,15.2,Benghazi Offshore Pilot Station (Libya),Trieste / Northern Adriatic Fairway (Italy),35.239346,18.831832,14.3,341.2,340,0.1,Under way using engine,TRIESTE,09-11 08:00,Post-Gap Transit,High,Voyage resumed down-corridor following unverified AIS blackout period
2026-09-08 13:45:00,538009000,9521190,BLACK CORAL,V7X39,Crude Oil Tanker,15.2,Benghazi Offshore Pilot Station (Libya),Trieste / Northern Adriatic Fairway (Italy),35.250637,18.827162,14.4,341.4,340,0.1,Under way using engine,TRIESTE,09-11 08:00,Post-Gap Transit,High,Voyage resumed down-corridor following unverified AIS blackout period
2026-09-08 13:48:00,538009000,9521190,BLACK CORAL,V7X39,Crude Oil Tanker,15.2,Benghazi Offshore Pilot Station (Libya),Trieste / Northern Adriatic Fairway (Italy),35.261959,18.822536,14.3,341.2,340,0.1,Under way using engine,TRIESTE,09-11 08:00,Post-Gap Transit,High,Voyage resumed down-corridor following unverified AIS blackout period
2026-09-08 13:51:00,538009000,9521190,BLACK CORAL,V7X39,Crude Oil Tanker,15.2,Benghazi Offshore Pilot Station (Libya),Trieste / Northern Adriatic Fairway (Italy),35.273253,18.817827,14.3,341.4,340,-0.0,Under way using engine,TRIESTE,09-11 08:00,Post-Gap Transit,High,Voyage resumed down-corridor following unverified AIS blackout period
2026-09-08 13:54:00,538009000,9521190,BLACK CORAL,V7X39,Crude Oil Tanker,15.2,Benghazi Offshore Pilot Station (Libya),Trieste / Northern Adriatic Fairway (Italy),35.28454,18.813171,14.3,341.3,340,-0.2,Under way using engine,TRIESTE,09-11 08:00,Post-Gap Transit,High,Voyage resumed down-corridor following unverified AIS blackout period
2026-09-08 13:57:00,538009000,9521190,BLACK CORAL,V7X39,Crude Oil Tanker,15.2,Benghazi Offshore Pilot Station (Libya),Trieste / Northern Adriatic Fairway (Italy),35.295831,18.808481,14.3,342.1,341,-0.1,Under way using engine,TRIESTE,09-11 08:00,Post-Gap Transit,High,Voyage resumed down-corridor following unverified AIS blackout period
2026-09-08 14:00:00,538009000,9521190,BLACK CORAL,V7X39,Crude Oil Tanker,15.2,Benghazi Offshore Pilot Station (Libya),Trieste / Northern Adriatic Fairway (Italy),35.307218,18.804127,14.3,342.8,341,0.1,Under way using engine,TRIESTE,09-11 08:00,Post-Gap Transit,High,Voyage resumed down-corridor following unverified AIS blackout period
2026-09-08 14:03:00,538009000,9521190,BLACK CORAL,V7X39,Crude Oil Tanker,15.2,Benghazi Offshore Pilot Station (Libya),Trieste / Northern Adriatic Fairway (Italy),35.318624,18.7998,14.3,342.4,341,-0.0,Under way using engine,TRIESTE,09-11 08:00,Post-Gap Transit,High,Voyage resumed down-corridor following unverified AIS blackout period
2026-09-08 14:06:00,538009000,9521190,BLACK CORAL,V7X39,Crude Oil Tanker,15.2,Benghazi Offshore Pilot Station (Libya),Trieste / Northern Adriatic Fairway (Italy),35.329968,18.795275,14.3,341.9,341,-0.0,Under way using engine,TRIESTE,09-11 08:00,Post-Gap Transit,High,Voyage resumed down-corridor following unverified AIS blackout period
2026-09-08 14:09:00,538009000,9521190,BLACK CORAL,V7X39,Crude Oil Tanker,15.2,Benghazi Offshore Pilot Station (Libya),Trieste / Northern Adriatic Fairway (Italy),35.34132,18.7908,14.3,342.9,341,0.1,Under way using engine,TRIESTE,09-11 08:00,Post-Gap Transit,High,Voyage resumed down-corridor following unverified AIS blackout period
2026-09-08 14:12:00,538009000,9521190,BLACK CORAL,V7X39,Crude Oil Tanker,15.2,Benghazi Offshore Pilot Station (Libya),Trieste / Northern Adriatic Fairway (Italy),35.352703,18.786376,14.4,342.2,341,0.0,Under way using engine,TRIESTE,09-11 08:00,Post-Gap Transit,High,Voyage resumed down-corridor following unverified AIS blackout period
2026-09-08 14:15:00,538009000,9521190,BLACK CORAL,V7X39,Crude Oil Tanker,15.2,Benghazi Offshore Pilot Station (Libya),Trieste / Northern Adriatic Fairway (Italy),35.364057,18.78189,14.4,342.0,341,-0.0,Under way using engine,TRIESTE,09-11 08:00,Post-Gap Transit,High,Voyage resumed down-corridor following unverified AIS blackout period
2026-09-08 14:18:00,538009000,9521190,BLACK CORAL,V7X39,Crude Oil Tanker,15.2,Benghazi Offshore Pilot Station (Libya),Trieste / Northern Adriatic Fairway (Italy),35.375411,18.777353,14.3,341.7,340,-0.1,Under way using engine,TRIESTE,09-11 08:00,Post-Gap Transit,High,Voyage resumed down-corridor following unverified AIS blackout period
2026-09-08 14:21:00,538009000,9521190,BLACK CORAL,V7X39,Crude Oil Tanker,15.2,Benghazi Offshore Pilot Station (Libya),Trieste / Northern Adriatic Fairway (Italy),35.386768,18.772797,14.3,342.2,341,-0.0,Under way using engine,TRIESTE,09-11 08:00,Post-Gap Transit,High,Voyage resumed down-corridor following unverified AIS blackout period
2026-09-08 14:24:00,538009000,9521190,BLACK CORAL,V7X39,Crude Oil Tanker,15.2,Benghazi Offshore Pilot Station (Libya),Trieste / Northern Adriatic Fairway (Italy),35.398103,18.768266,14.3,342.2,341,0.0,Under way using engine,TRIESTE,09-11 08:00,Post-Gap Transit,High,Voyage resumed down-corridor following unverified AIS blackout period
2026-09-08 14:27:00,538009000,9521190,BLACK CORAL,V7X39,Crude Oil Tanker,15.2,Benghazi Offshore Pilot Station (Libya),Trieste / Northern Adriatic Fairway (Italy),35.409451,18.763813,14.3,342.1,341,0.0,Under way using engine,TRIESTE,09-11 08:00,Post-Gap Transit,High,Voyage resumed down-corridor following unverified AIS blackout period
2026-09-08 14:30:00,538009000,9521190,BLACK CORAL,V7X39,Crude Oil Tanker,15.2,Benghazi Offshore Pilot Station (Libya),Trieste / Northern Adriatic Fairway (Italy),35.42082,18.759366,14.3,342.6,341,-0.1,Under way using engine,TRIESTE,09-11 08:00,Post-Gap Transit,High,Voyage resumed down-corridor following unverified AIS blackout period
2026-09-08 14:33:00,538009000,9521190,BLACK CORAL,V7X39,Crude Oil Tanker,15.2,Benghazi Offshore Pilot Station (Libya),Trieste / Northern Adriatic Fairway (Italy),35.432219,18.754974,14.3,342.7,341,0.2,Under way using engine,TRIESTE,09-11 08:00,Post-Gap Transit,High,Voyage resumed down-corridor following unverified AIS blackout period
2026-09-08 14:36:00,538009000,9521190,BLACK CORAL,V7X39,Crude Oil Tanker,15.2,Benghazi Offshore Pilot Station (Libya),Trieste / Northern Adriatic Fairway (Italy),35.443638,18.750715,14.3,343.0,342,-0.1,Under way using engine,TRIESTE,09-11 08:00,Post-Gap Transit,High,Voyage resumed down-corridor following unverified AIS blackout period
2026-09-08 14:39:00,538009000,9521190,BLACK CORAL,V7X39,Crude Oil Tanker,15.2,Benghazi Offshore Pilot Station (Libya),Trieste / Northern Adriatic Fairway (Italy),35.455034,18.746238,14.4,342.1,341,-0.2,Under way using engine,TRIESTE,09-11 08:00,Post-Gap Transit,High,Voyage resumed down-corridor following unverified AIS blackout period
2026-09-08 14:42:00,538009000,9521190,BLACK CORAL,V7X39,Crude Oil Tanker,15.2,Benghazi Offshore Pilot Station (Libya),Trieste / Northern Adriatic Fairway (Italy),35.466401,18.741752,14.3,341.8,340,0.1,Under way using engine,TRIESTE,09-11 08:00,Post-Gap Transit,High,Voyage resumed down-corridor following unverified AIS blackout period
2026-09-08 14:45:00,538009000,9521190,BLACK CORAL,V7X39,Crude Oil Tanker,15.2,Benghazi Offshore Pilot Station (Libya),Trieste / Northern Adriatic Fairway (Italy),35.477754,18.737144,14.4,342.0,341,0.1,Under way using engine,TRIESTE,09-11 08:00,Post-Gap Transit,High,Voyage resumed down-corridor following unverified AIS blackout period
2026-09-08 14:48:00,538009000,9521190,BLACK CORAL,V7X39,Crude Oil Tanker,15.2,Benghazi Offshore Pilot Station (Libya),Trieste / Northern Adriatic Fairway (Italy),35.489157,18.732779,14.4,343.4,342,0.0,Under way using engine,TRIESTE,09-11 08:00,Post-Gap Transit,High,Voyage resumed down-corridor following unverified AIS blackout period
2026-09-08 14:51:00,538009000,9521190,BLACK CORAL,V7X39,Crude Oil Tanker,15.2,Benghazi Offshore Pilot Station (Libya),Trieste / Northern Adriatic Fairway (Italy),35.500593,18.728492,14.3,342.6,341,0.2,Under way using engine,TRIESTE,09-11 08:00,Post-Gap Transit,High,Voyage resumed down-corridor following unverified AIS blackout period
2026-09-08 14:54:00,538009000,9521190,BLACK CORAL,V7X39,Crude Oil Tanker,15.2,Benghazi Offshore Pilot Station (Libya),Trieste / Northern Adriatic Fairway (Italy),35.512005,18.724268,14.3,343.1,342,0.1,Under way using engine,TRIESTE,09-11 08:00,Post-Gap Transit,High,Voyage resumed down-corridor following unverified AIS blackout period
2026-09-08 14:57:00,538009000,9521190,BLACK CORAL,V7X39,Crude Oil Tanker,15.2,Benghazi Offshore Pilot Station (Libya),Trieste / Northern Adriatic Fairway (Italy),35.523399,18.719865,14.4,342.2,341,0.0,Under way using engine,TRIESTE,09-11 08:00,Post-Gap Transit,High,Voyage resumed down-corridor following unverified AIS blackout period
2026-09-08 15:00:00,538009000,9521190,BLACK CORAL,V7X39,Crude Oil Tanker,15.2,Benghazi Offshore Pilot Station (Libya),Trieste / Northern Adriatic Fairway (Italy),35.534772,18.715408,14.3,342.2,341,-0.3,Under way using engine,TRIESTE,09-11 08:00,Post-Gap Transit,High,Voyage resumed down-corridor following unverified AIS blackout period
2026-09-08 15:03:00,538009000,9521190,BLACK CORAL,V7X39,Crude Oil Tanker,15.2,Benghazi Offshore Pilot Station (Libya),Trieste / Northern Adriatic Fairway (Italy),35.546119,18.710856,14.4,341.7,340,-0.0,Under way using engine,TRIESTE,09-11 08:00,Post-Gap Transit,High,Voyage resumed down-corridor following unverified AIS blackout period
2026-09-08 15:06:00,538009000,9521190,BLACK CORAL,V7X39,Crude Oil Tanker,15.2,Benghazi Offshore Pilot Station (Libya),Trieste / Northern Adriatic Fairway (Italy),35.557437,18.706187,14.4,341.2,340,-0.1,Under way using engine,TRIESTE,09-11 08:00,Post-Gap Transit,High,Voyage resumed down-corridor following unverified AIS blackout period
2026-09-08 15:09:00,538009000,9521190,BLACK CORAL,V7X39,Crude Oil Tanker,15.2,Benghazi Offshore Pilot Station (Libya),Trieste / Northern Adriatic Fairway (Italy),35.568787,18.701584,14.3,342.0,340,0.0,Under way using engine,TRIESTE,09-11 08:00,Post-Gap Transit,High,Voyage resumed down-corridor following unverified AIS blackout period
2026-09-08 15:12:00,538009000,9521190,BLACK CORAL,V7X39,Crude Oil Tanker,15.2,Benghazi Offshore Pilot Station (Libya),Trieste / Northern Adriatic Fairway (Italy),35.580144,18.69707,14.3,341.9,340,0.0,Under way using engine,TRIESTE,09-11 08:00,Post-Gap Transit,High,Voyage resumed down-corridor following unverified AIS blackout period
2026-09-08 15:15:00,538009000,9521190,BLACK CORAL,V7X39,Crude Oil Tanker,15.2,Benghazi Offshore Pilot Station (Libya),Trieste / Northern Adriatic Fairway (Italy),35.591525,18.692573,14.3,342.6,341,-0.0,Under way using engine,TRIESTE,09-11 08:00,Post-Gap Transit,High,Voyage resumed down-corridor following unverified AIS blackout period
2026-09-08 15:18:00,538009000,9521190,BLACK CORAL,V7X39,Crude Oil Tanker,15.2,Benghazi Offshore Pilot Station (Libya),Trieste / Northern Adriatic Fairway (Italy),35.60292,18.688065,14.3,342.1,341,0.1,Under way using engine,TRIESTE,09-11 08:00,Post-Gap Transit,High,Voyage resumed down-corridor following unverified AIS blackout period
2026-09-08 15:21:00,538009000,9521190,BLACK CORAL,V7X39,Crude Oil Tanker,15.2,Benghazi Offshore Pilot Station (Libya),Trieste / Northern Adriatic Fairway (Italy),35.614253,18.68347,14.4,341.3,340,0.2,Under way using engine,TRIESTE,09-11 08:00,Post-Gap Transit,High,Voyage resumed down-corridor following unverified AIS blackout period
2026-09-08 15:24:00,538009000,9521190,BLACK CORAL,V7X39,Crude Oil Tanker,15.2,Benghazi Offshore Pilot Station (Libya),Trieste / Northern Adriatic Fairway (Italy),35.625594,18.67886,14.4,342.2,341,-0.1,Under way using engine,TRIESTE,09-11 08:00,Post-Gap Transit,High,Voyage resumed down-corridor following unverified AIS blackout period
2026-09-08 15:27:00,538009000,9521190,BLACK CORAL,V7X39,Crude Oil Tanker,15.2,Benghazi Offshore Pilot Station (Libya),Trieste / Northern Adriatic Fairway (Italy),35.636981,18.674411,14.3,342.0,341,-0.1,Under way using engine,TRIESTE,09-11 08:00,Post-Gap Transit,High,Voyage resumed down-corridor following unverified AIS blackout period
2026-09-08 15:30:00,538009000,9521190,BLACK CORAL,V7X39,Crude Oil Tanker,15.2,Benghazi Offshore Pilot Station (Libya),Trieste / Northern Adriatic Fairway (Italy),35.648326,18.669789,14.4,341.5,340,0.2,Under way using engine,TRIESTE,09-11 08:00,Post-Gap Transit,High,Voyage resumed down-corridor following unverified AIS blackout period
2026-09-08 15:33:00,538009000,9521190,BLACK CORAL,V7X39,Crude Oil Tanker,15.2,Benghazi Offshore Pilot Station (Libya),Trieste / Northern Adriatic Fairway (Italy),35.659676,18.665154,14.3,341.6,340,0.1,Under way using engine,TRIESTE,09-11 08:00,Post-Gap Transit,High,Voyage resumed down-corridor following unverified AIS blackout period
2026-09-08 15:36:00,538009000,9521190,BLACK CORAL,V7X39,Crude Oil Tanker,15.2,Benghazi Offshore Pilot Station (Libya),Trieste / Northern Adriatic Fairway (Italy),35.67105,18.660625,14.3,342.6,341,-0.0,Under way using engine,TRIESTE,09-11 08:00,Post-Gap Transit,High,Voyage resumed down-corridor following unverified AIS blackout period
2026-09-08 15:39:00,538009000,9521190,BLACK CORAL,V7X39,Crude Oil Tanker,15.2,Benghazi Offshore Pilot Station (Libya),Trieste / Northern Adriatic Fairway (Italy),35.6824,18.656075,14.3,341.9,340,0.1,Under way using engine,TRIESTE,09-11 08:00,Post-Gap Transit,High,Voyage resumed down-corridor following unverified AIS blackout period
2026-09-08 15:42:00,538009000,9521190,BLACK CORAL,V7X39,Crude Oil Tanker,15.2,Benghazi Offshore Pilot Station (Libya),Trieste / Northern Adriatic Fairway (Italy),35.693837,18.651783,14.3,343.3,342,0.0,Under way using engine,TRIESTE,09-11 08:00,Post-Gap Transit,High,Voyage resumed down-corridor following unverified AIS blackout period
2026-09-08 15:45:00,538009000,9521190,BLACK CORAL,V7X39,Crude Oil Tanker,15.2,Benghazi Offshore Pilot Station (Libya),Trieste / Northern Adriatic Fairway (Italy),35.705252,18.647481,14.3,342.9,341,0.1,Under way using engine,TRIESTE,09-11 08:00,Post-Gap Transit,High,Voyage resumed down-corridor following unverified AIS blackout period
2026-09-08 15:48:00,538009000,9521190,BLACK CORAL,V7X39,Crude Oil Tanker,15.2,Benghazi Offshore Pilot Station (Libya),Trieste / Northern Adriatic Fairway (Italy),35.716661,18.643091,14.3,342.4,341,-0.0,Under way using engine,TRIESTE,09-11 08:00,Post-Gap Transit,High,Voyage resumed down-corridor following unverified AIS blackout period
2026-09-08 15:51:00,538009000,9521190,BLACK CORAL,V7X39,Crude Oil Tanker,15.2,Benghazi Offshore Pilot Station (Libya),Trieste / Northern Adriatic Fairway (Italy),35.728039,18.638629,14.3,342.0,340,0.1,Under way using engine,TRIESTE,09-11 08:00,Post-Gap Transit,High,Voyage resumed down-corridor following unverified AIS blackout period
2026-09-08 15:54:00,538009000,9521190,BLACK CORAL,V7X39,Crude Oil Tanker,15.2,Benghazi Offshore Pilot Station (Libya),Trieste / Northern Adriatic Fairway (Italy),35.739356,18.633977,14.3,341.0,339,-0.0,Under way using engine,TRIESTE,09-11 08:00,Post-Gap Transit,High,Voyage resumed down-corridor following unverified AIS blackout period
2026-09-08 15:57:00,538009000,9521190,BLACK CORAL,V7X39,Crude Oil Tanker,15.2,Benghazi Offshore Pilot Station (Libya),Trieste / Northern Adriatic Fairway (Italy),35.750672,18.629273,14.3,341.5,340,-0.0,Under way using engine,TRIESTE,09-11 08:00,Post-Gap Transit,High,Voyage resumed down-corridor following unverified AIS blackout period
2026-09-08 16:00:00,538009000,9521190,BLACK CORAL,V7X39,Crude Oil Tanker,15.2,Benghazi Offshore Pilot Station (Libya),Trieste / Northern Adriatic Fairway (Italy),35.762013,18.624585,14.4,341.8,340,0.1,Under way using engine,TRIESTE,09-11 08:00,Post-Gap Transit,High,Voyage resumed down-corridor following unverified AIS blackout period
2026-09-08 16:03:00,538009000,9521190,BLACK CORAL,V7X39,Crude Oil Tanker,15.2,Benghazi Offshore Pilot Station (Libya),Trieste / Northern Adriatic Fairway (Italy),35.773335,18.619884,14.3,341.1,340,-0.0,Under way using engine,TRIESTE,09-11 08:00,Post-Gap Transit,High,Voyage resumed down-corridor following unverified AIS blackout period
2026-09-08 16:06:00,538009000,9521190,BLACK CORAL,V7X39,Crude Oil Tanker,15.2,Benghazi Offshore Pilot Station (Libya),Trieste / Northern Adriatic Fairway (Italy),35.784695,18.615404,14.3,342.4,341,-0.1,Under way using engine,TRIESTE,09-11 08:00,Post-Gap Transit,High,Voyage resumed down-corridor following unverified AIS blackout period
2026-09-08 16:09:00,538009000,9521190,BLACK CORAL,V7X39,Crude Oil Tanker,15.2,Benghazi Offshore Pilot Station (Libya),Trieste / Northern Adriatic Fairway (Italy),35.796074,18.610866,14.4,341.9,340,-0.0,Under way using engine,TRIESTE,09-11 08:00,Post-Gap Transit,High,Voyage resumed down-corridor following unverified AIS blackout period
2026-09-08 16:12:00,538009000,9521190,BLACK CORAL,V7X39,Crude Oil Tanker,15.2,Benghazi Offshore Pilot Station (Libya),Trieste / Northern Adriatic Fairway (Italy),35.807435,18.6063,14.4,342.1,341,-0.0,Under way using engine,TRIESTE,09-11 08:00,Post-Gap Transit,High,Voyage resumed down-corridor following unverified AIS blackout period
2026-09-08 16:15:00,538009000,9521190,BLACK CORAL,V7X39,Crude Oil Tanker,15.2,Benghazi Offshore Pilot Station (Libya),Trieste / Northern Adriatic Fairway (Italy),35.81882,18.601794,14.3,342.1,341,0.0,Under way using engine,TRIESTE,09-11 08:00,Post-Gap Transit,High,Voyage resumed down-corridor following unverified AIS blackout period
2026-09-08 16:18:00,538009000,9521190,BLACK CORAL,V7X39,Crude Oil Tanker,15.2,Benghazi Offshore Pilot Station (Libya),Trieste / Northern Adriatic Fairway (Italy),35.830177,18.597225,14.3,341.8,340,0.1,Under way using engine,TRIESTE,09-11 08:00,Post-Gap Transit,High,Voyage resumed down-corridor following unverified AIS blackout period
2026-09-08 16:21:00,538009000,9521190,BLACK CORAL,V7X39,Crude Oil Tanker,15.2,Benghazi Offshore Pilot Station (Libya),Trieste / Northern Adriatic Fairway (Italy),35.841547,18.592677,14.3,341.8,340,-0.0,Under way using engine,TRIESTE,09-11 08:00,Post-Gap Transit,High,Voyage resumed down-corridor following unverified AIS blackout period
2026-09-08 16:24:00,538009000,9521190,BLACK CORAL,V7X39,Crude Oil Tanker,15.2,Benghazi Offshore Pilot Station (Libya),Trieste / Northern Adriatic Fairway (Italy),35.852892,18.588039,14.4,341.4,340,0.0,Under way using engine,TRIESTE,09-11 08:00,Post-Gap Transit,High,Voyage resumed down-corridor following unverified AIS blackout period
2026-09-08 16:27:00,538009000,9521190,BLACK CORAL,V7X39,Crude Oil Tanker,15.2,Benghazi Offshore Pilot Station (Libya),Trieste / Northern Adriatic Fairway (Italy),35.864204,18.583246,14.4,341.7,340,0.0,Under way using engine,TRIESTE,09-11 08:00,Post-Gap Transit,High,Voyage resumed down-corridor following unverified AIS blackout period
2026-09-08 16:30:00,538009000,9521190,BLACK CORAL,V7X39,Crude Oil Tanker,15.2,Benghazi Offshore Pilot Station (Libya),Trieste / Northern Adriatic Fairway (Italy),35.87556,18.578633,14.4,341.6,340,0.1,Under way using engine,TRIESTE,09-11 08:00,Post-Gap Transit,High,Voyage resumed down-corridor following unverified AIS blackout period
2026-09-08 16:33:00,538009000,9521190,BLACK CORAL,V7X39,Crude Oil Tanker,15.2,Benghazi Offshore Pilot Station (Libya),Trieste / Northern Adriatic Fairway (Italy),35.88689,18.573886,14.4,340.5,339,0.1,Under way using engine,TRIESTE,09-11 08:00,Post-Gap Transit,High,Voyage resumed down-corridor following unverified AIS blackout period
2026-09-08 16:36:00,538009000,9521190,BLACK CORAL,V7X39,Crude Oil Tanker,15.2,Benghazi Offshore Pilot Station (Libya),Trieste / Northern Adriatic Fairway (Italy),35.898113,18.568828,14.3,340.2,339,0.2,Under way using engine,TRIESTE,09-11 08:00,Post-Gap Transit,High,Voyage resumed down-corridor following unverified AIS blackout period
2026-09-08 16:39:00,538009000,9521190,BLACK CORAL,V7X39,Crude Oil Tanker,15.2,Benghazi Offshore Pilot Station (Libya),Trieste / Northern Adriatic Fairway (Italy),35.909434,18.564091,14.3,341.5,340,-0.0,Under way using engine,TRIESTE,09-11 08:00,Post-Gap Transit,High,Voyage resumed down-corridor following unverified AIS blackout period
2026-09-08 16:42:00,538009000,9521190,BLACK CORAL,V7X39,Crude Oil Tanker,15.2,Benghazi Offshore Pilot Station (Libya),Trieste / Northern Adriatic Fairway (Italy),35.920768,18.559346,14.4,341.4,340,-0.2,Under way using engine,TRIESTE,09-11 08:00,Post-Gap Transit,High,Voyage resumed down-corridor following unverified AIS blackout period
2026-09-08 16:45:00,538009000,9521190,BLACK CORAL,V7X39,Crude Oil Tanker,15.2,Benghazi Offshore Pilot Station (Libya),Trieste / Northern Adriatic Fairway (Italy),35.932073,18.554546,14.3,340.5,339,0.0,Under way using engine,TRIESTE,09-11 08:00,Post-Gap Transit,High,Voyage resumed down-corridor following unverified AIS blackout period
2026-09-08 16:48:00,538009000,9521190,BLACK CORAL,V7X39,Crude Oil Tanker,15.2,Benghazi Offshore Pilot Station (Libya),Trieste / Northern Adriatic Fairway (Italy),35.943375,18.54973,14.3,340.6,339,-0.0,Under way using engine,TRIESTE,09-11 08:00,Post-Gap Transit,High,Voyage resumed down-corridor following unverified AIS blackout period
2026-09-08 16:51:00,538009000,9521190,BLACK CORAL,V7X39,Crude Oil Tanker,15.2,Benghazi Offshore Pilot Station (Libya),Trieste / Northern Adriatic Fairway (Italy),35.954668,18.544869,14.3,340.7,339,0.1,Under way using engine,TRIESTE,09-11 08:00,Post-Gap Transit,High,Voyage resumed down-corridor following unverified AIS blackout period
2026-09-08 16:54:00,538009000,9521190,BLACK CORAL,V7X39,Crude Oil Tanker,15.2,Benghazi Offshore Pilot Station (Libya),Trieste / Northern Adriatic Fairway (Italy),35.965999,18.540169,14.3,342.0,340,-0.0,Under way using engine,TRIESTE,09-11 08:00,Post-Gap Transit,High,Voyage resumed down-corridor following unverified AIS blackout period
2026-09-08 16:57:00,538009000,9521190,BLACK CORAL,V7X39,Crude Oil Tanker,15.2,Benghazi Offshore Pilot Station (Libya),Trieste / Northern Adriatic Fairway (Italy),35.977355,18.535491,14.4,341.8,340,-0.0,Under way using engine,TRIESTE,09-11 08:00,Post-Gap Transit,High,Voyage resumed down-corridor following unverified AIS blackout period
2026-09-08 17:00:00,538009000,9521190,BLACK CORAL,V7X39,Crude Oil Tanker,15.2,Benghazi Offshore Pilot Station (Libya),Trieste / Northern Adriatic Fairway (Italy),35.988682,18.530866,14.3,341.4,340,-0.2,Under way using engine,TRIESTE,09-11 08:00,Post-Gap Transit,High,Voyage resumed down-corridor following unverified AIS blackout period
2026-09-08 17:03:00,538009000,9521190,BLACK CORAL,V7X39,Crude Oil Tanker,15.2,Benghazi Offshore Pilot Station (Libya),Trieste / Northern Adriatic Fairway (Italy),35.999981,18.526107,14.3,341.3,340,-0.1,Under way using engine,TRIESTE,09-11 08:00,Post-Gap Transit,High,Voyage resumed down-corridor following unverified AIS blackout period
2026-09-08 17:06:00,538009000,9521190,BLACK CORAL,V7X39,Crude Oil Tanker,15.2,Benghazi Offshore Pilot Station (Libya),Trieste / Northern Adriatic Fairway (Italy),36.011316,18.521339,14.3,340.9,339,0.0,Under way using engine,TRIESTE,09-11 08:00,Post-Gap Transit,High,Voyage resumed down-corridor following unverified AIS blackout period
2026-09-08 17:09:00,538009000,9521190,BLACK CORAL,V7X39,Crude Oil Tanker,15.2,Benghazi Offshore Pilot Station (Libya),Trieste / Northern Adriatic Fairway (Italy),36.022655,18.516701,14.3,341.7,340,0.1,Under way using engine,TRIESTE,09-11 08:00,Post-Gap Transit,High,Voyage resumed down-corridor following unverified AIS blackout period
2026-09-08 17:12:00,538009000,9521190,BLACK CORAL,V7X39,Crude Oil Tanker,15.2,Benghazi Offshore Pilot Station (Libya),Trieste / Northern Adriatic Fairway (Italy),36.034001,18.512011,14.3,341.7,340,-0.0,Under way using engine,TRIESTE,09-11 08:00,Post-Gap Transit,High,Voyage resumed down-corridor following unverified AIS blackout period
2026-09-08 17:15:00,538009000,9521190,BLACK CORAL,V7X39,Crude Oil Tanker,15.2,Benghazi Offshore Pilot Station (Libya),Trieste / Northern Adriatic Fairway (Italy),36.045319,18.507275,14.3,340.9,339,-0.2,Under way using engine,TRIESTE,09-11 08:00,Post-Gap Transit,High,Voyage resumed down-corridor following unverified AIS blackout period
2026-09-08 17:18:00,538009000,9521190,BLACK CORAL,V7X39,Crude Oil Tanker,15.2,Benghazi Offshore Pilot Station (Libya),Trieste / Northern Adriatic Fairway (Italy),36.056616,18.502435,14.4,340.8,339,0.1,Under way using engine,TRIESTE,09-11 08:00,Post-Gap Transit,High,Voyage resumed down-corridor following unverified AIS blackout period
2026-09-08 17:21:00,538009000,9521190,BLACK CORAL,V7X39,Crude Oil Tanker,15.2,Benghazi Offshore Pilot Station (Libya),Trieste / Northern Adriatic Fairway (Italy),36.067879,18.497477,14.3,340.1,338,-0.0,Under way using engine,TRIESTE,09-11 08:00,Post-Gap Transit,High,Voyage resumed down-corridor following unverified AIS blackout period
2026-09-08 17:24:00,538009000,9521190,BLACK CORAL,V7X39,Crude Oil Tanker,15.2,Benghazi Offshore Pilot Station (Libya),Trieste / Northern Adriatic Fairway (Italy),36.079124,18.492508,14.3,340.3,339,-0.1,Under way using engine,TRIESTE,09-11 08:00,Post-Gap Transit,High,Voyage resumed down-corridor following unverified AIS blackout period
2026-09-08 17:27:00,538009000,9521190,BLACK CORAL,V7X39,Crude Oil Tanker,15.2,Benghazi Offshore Pilot Station (Libya),Trieste / Northern Adriatic Fairway (Italy),36.090392,18.48754,14.4,340.4,339,0.1,Under way using engine,TRIESTE,09-11 08:00,Post-Gap Transit,High,Voyage resumed down-corridor following unverified AIS blackout period
2026-09-08 17:30:00,538009000,9521190,BLACK CORAL,V7X39,Crude Oil Tanker,15.2,Benghazi Offshore Pilot Station (Libya),Trieste / Northern Adriatic Fairway (Italy),36.101682,18.482767,14.3,341.7,340,0.2,Under way using engine,TRIESTE,09-11 08:00,Post-Gap Transit,High,Voyage resumed down-corridor following unverified AIS blackout period
2026-09-08 17:33:00,538009000,9521190,BLACK CORAL,V7X39,Crude Oil Tanker,15.2,Benghazi Offshore Pilot Station (Libya),Trieste / Northern Adriatic Fairway (Italy),36.113035,18.47809,14.4,341.5,340,-0.0,Under way using engine,TRIESTE,09-11 08:00,Post-Gap Transit,High,Voyage resumed down-corridor following unverified AIS blackout period
2026-09-08 17:36:00,538009000,9521190,BLACK CORAL,V7X39,Crude Oil Tanker,15.2,Benghazi Offshore Pilot Station (Libya),Trieste / Northern Adriatic Fairway (Italy),36.12435,18.473281,14.3,340.3,339,0.2,Under way using engine,TRIESTE,09-11 08:00,Post-Gap Transit,High,Voyage resumed down-corridor following unverified AIS blackout period
2026-09-08 17:39:00,538009000,9521190,BLACK CORAL,V7X39,Crude Oil Tanker,15.2,Benghazi Offshore Pilot Station (Libya),Trieste / Northern Adriatic Fairway (Italy),36.13563,18.468393,14.3,340.7,339,-0.0,Under way using engine,TRIESTE,09-11 08:00,Post-Gap Transit,High,Voyage resumed down-corridor following unverified AIS blackout period
2026-09-08 17:42:00,538009000,9521190,BLACK CORAL,V7X39,Crude Oil Tanker,15.2,Benghazi Offshore Pilot Station (Libya),Trieste / Northern Adriatic Fairway (Italy),36.146915,18.463463,14.4,340.5,339,-0.0,Under way using engine,TRIESTE,09-11 08:00,Post-Gap Transit,High,Voyage resumed down-corridor following unverified AIS blackout period
2026-09-08 17:45:00,538009000,9521190,BLACK CORAL,V7X39,Crude Oil Tanker,15.2,Benghazi Offshore Pilot Station (Libya),Trieste / Northern Adriatic Fairway (Italy),36.158199,18.458587,14.4,341.3,340,0.1,Under way using engine,TRIESTE,09-11 08:00,Post-Gap Transit,High,Voyage resumed down-corridor following unverified AIS blackout period
2026-09-08 17:48:00,538009000,9521190,BLACK CORAL,V7X39,Crude Oil Tanker,15.2,Benghazi Offshore Pilot Station (Libya),Trieste / Northern Adriatic Fairway (Italy),36.169498,18.453769,14.4,340.8,339,-0.0,Under way using engine,TRIESTE,09-11 08:00,Post-Gap Transit,High,Voyage resumed down-corridor following unverified AIS blackout period
2026-09-08 17:51:00,538009000,9521190,BLACK CORAL,V7X39,Crude Oil Tanker,15.2,Benghazi Offshore Pilot Station (Libya),Trieste / Northern Adriatic Fairway (Italy),36.18079,18.449068,14.3,341.8,340,-0.3,Under way using engine,TRIESTE,09-11 08:00,Post-Gap Transit,High,Voyage resumed down-corridor following unverified AIS blackout period
2026-09-08 17:54:00,538009000,9521190,BLACK CORAL,V7X39,Crude Oil Tanker,15.2,Benghazi Offshore Pilot Station (Libya),Trieste / Northern Adriatic Fairway (Italy),36.192101,18.444339,14.3,341.3,340,0.2,Under way using engine,TRIESTE,09-11 08:00,Post-Gap Transit,High,Voyage resumed down-corridor following unverified AIS blackout period
2026-09-08 17:57:00,538009000,9521190,BLACK CORAL,V7X39,Crude Oil Tanker,15.2,Benghazi Offshore Pilot Station (Libya),Trieste / Northern Adriatic Fairway (Italy),36.20339,18.439528,14.3,340.9,339,-0.1,Under way using engine,TRIESTE,09-11 08:00,Post-Gap Transit,High,Voyage resumed down-corridor following unverified AIS blackout period
2026-09-08 18:00:00,538009000,9521190,BLACK CORAL,V7X39,Crude Oil Tanker,15.2,Benghazi Offshore Pilot Station (Libya),Trieste / Northern Adriatic Fairway (Italy),36.214676,18.434671,14.3,340.5,339,0.0,Under way using engine,TRIESTE,09-11 08:00,Post-Gap Transit,High,Voyage resumed down-corridor following unverified AIS blackout period
2026-09-08 18:03:00,538009000,9521190,BLACK CORAL,V7X39,Crude Oil Tanker,15.2,Benghazi Offshore Pilot Station (Libya),Trieste / Northern Adriatic Fairway (Italy),36.225957,18.429792,14.3,340.5,339,-0.0,Under way using engine,TRIESTE,09-11 08:00,Post-Gap Transit,High,Voyage resumed down-corridor following unverified AIS blackout period
2026-09-08 18:06:00,538009000,9521190,BLACK CORAL,V7X39,Crude Oil Tanker,15.2,Benghazi Offshore Pilot Station (Libya),Trieste / Northern Adriatic Fairway (Italy),36.237187,18.424792,14.3,340.6,339,0.1,Under way using engine,TRIESTE,09-11 08:00,Post-Gap Transit,High,Voyage resumed down-corridor following unverified AIS blackout period
2026-09-08 18:09:00,538009000,9521190,BLACK CORAL,V7X39,Crude Oil Tanker,15.2,Benghazi Offshore Pilot Station (Libya),Trieste / Northern Adriatic Fairway (Italy),36.248408,18.419758,14.3,339.7,338,-0.1,Under way using engine,TRIESTE,09-11 08:00,Post-Gap Transit,High,Voyage resumed down-corridor following unverified AIS blackout period
2026-09-08 18:12:00,538009000,9521190,BLACK CORAL,V7X39,Crude Oil Tanker,15.2,Benghazi Offshore Pilot Station (Libya),Trieste / Northern Adriatic Fairway (Italy),36.259603,18.414578,14.4,339.6,338,0.1,Under way using engine,TRIESTE,09-11 08:00,Post-Gap Transit,High,Voyage resumed down-corridor following unverified AIS blackout period
2026-09-08 18:15:00,538009000,9521190,BLACK CORAL,V7X39,Crude Oil Tanker,15.2,Benghazi Offshore Pilot Station (Libya),Trieste / Northern Adriatic Fairway (Italy),36.270812,18.409479,14.3,340.3,339,-0.2,Under way using engine,TRIESTE,09-11 08:00,Post-Gap Transit,High,Voyage resumed down-corridor following unverified AIS blackout period
2026-09-08 18:18:00,538009000,9521190,BLACK CORAL,V7X39,Crude Oil Tanker,15.2,Benghazi Offshore Pilot Station (Libya),Trieste / Northern Adriatic Fairway (Italy),36.282011,18.404357,14.3,340.5,339,0.3,Under way using engine,TRIESTE,09-11 08:00,Post-Gap Transit,High,Voyage resumed down-corridor following unverified AIS blackout period
2026-09-08 18:21:00,538009000,9521190,BLACK CORAL,V7X39,Crude Oil Tanker,15.2,Benghazi Offshore Pilot Station (Libya),Trieste / Northern Adriatic Fairway (Italy),36.293286,18.399437,14.3,340.3,339,-0.1,Under way using engine,TRIESTE,09-11 08:00,Post-Gap Transit,High,Voyage resumed down-corridor following unverified AIS blackout period
2026-09-08 18:24:00,538009000,9521190,BLACK CORAL,V7X39,Crude Oil Tanker,15.2,Benghazi Offshore Pilot Station (Libya),Trieste / Northern Adriatic Fairway (Italy),36.30457,18.394564,14.4,341.1,340,-0.1,Under way using engine,TRIESTE,09-11 08:00,Post-Gap Transit,High,Voyage resumed down-corridor following unverified AIS blackout period
2026-09-08 18:27:00,538009000,9521190,BLACK CORAL,V7X39,Crude Oil Tanker,15.2,Benghazi Offshore Pilot Station (Libya),Trieste / Northern Adriatic Fairway (Italy),36.315819,18.389662,14.3,340.5,339,0.1,Under way using engine,TRIESTE,09-11 08:00,Post-Gap Transit,High,Voyage resumed down-corridor following unverified AIS blackout period
2026-09-08 18:30:00,538009000,9521190,BLACK CORAL,V7X39,Crude Oil Tanker,15.2,Benghazi Offshore Pilot Station (Libya),Trieste / Northern Adriatic Fairway (Italy),36.327095,18.384702,14.3,340.4,339,0.1,Under way using engine,TRIESTE,09-11 08:00,Post-Gap Transit,High,Voyage resumed down-corridor following unverified AIS blackout period
2026-09-08 18:33:00,538009000,9521190,BLACK CORAL,V7X39,Crude Oil Tanker,15.2,Benghazi Offshore Pilot Station (Libya),Trieste / Northern Adriatic Fairway (Italy),36.33828,18.379522,14.3,339.0,337,-0.1,Under way using engine,TRIESTE,09-11 08:00,Post-Gap Transit,High,Voyage resumed down-corridor following unverified AIS blackout period
2026-09-08 18:36:00,538009000,9521190,BLACK CORAL,V7X39,Crude Oil Tanker,15.2,Benghazi Offshore Pilot Station (Libya),Trieste / Northern Adriatic Fairway (Italy),36.349456,18.374319,14.3,339.7,338,0.1,Under way using engine,TRIESTE,09-11 08:00,Post-Gap Transit,High,Voyage resumed down-corridor following unverified AIS blackout period
2026-09-08 18:39:00,538009000,9521190,BLACK CORAL,V7X39,Crude Oil Tanker,15.2,Benghazi Offshore Pilot Station (Libya),Trieste / Northern Adriatic Fairway (Italy),36.360683,18.36926,14.3,339.7,338,-0.1,Under way using engine,TRIESTE,09-11 08:00,Post-Gap Transit,High,Voyage resumed down-corridor following unverified AIS blackout period
2026-09-08 18:42:00,538009000,9521190,BLACK CORAL,V7X39,Crude Oil Tanker,15.2,Benghazi Offshore Pilot Station (Libya),Trieste / Northern Adriatic Fairway (Italy),36.371851,18.364015,14.3,339.5,338,-0.2,Under way using engine,TRIESTE,09-11 08:00,Post-Gap Transit,High,Voyage resumed down-corridor following unverified AIS blackout period
2026-09-08 18:45:00,538009000,9521190,BLACK CORAL,V7X39,Crude Oil Tanker,15.2,Benghazi Offshore Pilot Station (Libya),Trieste / Northern Adriatic Fairway (Italy),36.38308,18.358951,14.3,339.8,338,-0.0,Under way using engine,TRIESTE,09-11 08:00,Post-Gap Transit,High,Voyage resumed down-corridor following unverified AIS blackout period
2026-09-08 18:48:00,538009000,9521190,BLACK CORAL,V7X39,Crude Oil Tanker,15.2,Benghazi Offshore Pilot Station (Libya),Trieste / Northern Adriatic Fairway (Italy),36.394243,18.353725,14.3,339.4,338,-0.1,Under way using engine,TRIESTE,09-11 08:00,Post-Gap Transit,High,Voyage resumed down-corridor following unverified AIS blackout period
2026-09-08 18:51:00,538009000,9521190,BLACK CORAL,V7X39,Crude Oil Tanker,15.2,Benghazi Offshore Pilot Station (Libya),Trieste / Northern Adriatic Fairway (Italy),36.405414,18.348508,14.3,339.4,338,0.1,Under way using engine,TRIESTE,09-11 08:00,Post-Gap Transit,High,Voyage resumed down-corridor following unverified AIS blackout period
2026-09-08 18:54:00,538009000,9521190,BLACK CORAL,V7X39,Crude Oil Tanker,15.2,Benghazi Offshore Pilot Station (Libya),Trieste / Northern Adriatic Fairway (Italy),36.416576,18.343309,14.3,339.4,338,-0.2,Under way using engine,TRIESTE,09-11 08:00,Post-Gap Transit,High,Voyage resumed down-corridor following unverified AIS blackout period
2026-09-08 18:57:00,538009000,9521190,BLACK CORAL,V7X39,Crude Oil Tanker,15.2,Benghazi Offshore Pilot Station (Libya),Trieste / Northern Adriatic Fairway (Italy),36.427693,18.337991,14.3,339.0,337,-0.0,Under way using engine,TRIESTE,09-11 08:00,Post-Gap Transit,High,Voyage resumed down-corridor following unverified AIS blackout period
2026-09-08 19:00:00,538009000,9521190,BLACK CORAL,V7X39,Crude Oil Tanker,15.2,Benghazi Offshore Pilot Station (Libya),Trieste / Northern Adriatic Fairway (Italy),36.438806,18.332616,14.3,338.4,337,-0.2,Under way using engine,TRIESTE,09-11 08:00,Post-Gap Transit,High,Voyage resumed down-corridor following unverified AIS blackout period
2026-09-08 19:03:00,538009000,9521190,BLACK CORAL,V7X39,Crude Oil Tanker,15.2,Benghazi Offshore Pilot Station (Libya),Trieste / Northern Adriatic Fairway (Italy),36.449897,18.327172,14.3,338.6,337,-0.3,Under way using engine,TRIESTE,09-11 08:00,Post-Gap Transit,High,Voyage resumed down-corridor following unverified AIS blackout period
2026-09-08 19:06:00,538009000,9521190,BLACK CORAL,V7X39,Crude Oil Tanker,15.2,Benghazi Offshore Pilot Station (Libya),Trieste / Northern Adriatic Fairway (Italy),36.461034,18.321853,14.3,342.4,341,4.4,Under way using engine,TRIESTE,09-11 08:00,Post-Gap Transit,High,Voyage resumed down-corridor following unverified AIS blackout period
2026-09-08 19:09:00,538009000,9521190,BLACK CORAL,V7X39,Crude Oil Tanker,15.2,Benghazi Offshore Pilot Station (Libya),Trieste / Northern Adriatic Fairway (Italy),36.472737,18.318752,14.3,348.6,347,-1.1,Under way using engine,TRIESTE,09-11 08:00,Post-Gap Transit,High,Voyage resumed down-corridor following unverified AIS blackout period
2026-09-08 19:12:00,538009000,9521190,BLACK CORAL,V7X39,Crude Oil Tanker,15.2,Benghazi Offshore Pilot Station (Libya),Trieste / Northern Adriatic Fairway (Italy),36.484414,18.315441,14.4,346.9,345,0.4,Under way using engine,TRIESTE,09-11 08:00,Post-Gap Transit,High,Voyage resumed down-corridor following unverified AIS blackout period
2026-09-08 19:15:00,538009000,9521190,BLACK CORAL,V7X39,Crude Oil Tanker,15.2,Benghazi Offshore Pilot Station (Libya),Trieste / Northern Adriatic Fairway (Italy),36.496075,18.312175,14.3,346.5,345,-0.1,Under way using engine,TRIESTE,09-11 08:00,Post-Gap Transit,High,Voyage resumed down-corridor following unverified AIS blackout period
2026-09-08 19:18:00,538009000,9521190,BLACK CORAL,V7X39,Crude Oil Tanker,15.2,Benghazi Offshore Pilot Station (Libya),Trieste / Northern Adriatic Fairway (Italy),36.507704,18.308715,14.3,346.3,345,-0.1,Under way using engine,TRIESTE,09-11 08:00,Post-Gap Transit,High,Voyage resumed down-corridor following unverified AIS blackout period
2026-09-08 19:21:00,538009000,9521190,BLACK CORAL,V7X39,Crude Oil Tanker,15.2,Benghazi Offshore Pilot Station (Libya),Trieste / Northern Adriatic Fairway (Italy),36.519344,18.305287,14.4,347.2,345,0.2,Under way using engine,TRIESTE,09-11 08:00,Post-Gap Transit,High,Voyage resumed down-corridor following unverified AIS blackout period
2026-09-08 19:24:00,538009000,9521190,BLACK CORAL,V7X39,Crude Oil Tanker,15.2,Benghazi Offshore Pilot Station (Libya),Trieste / Northern Adriatic Fairway (Italy),36.530994,18.301984,14.3,347.2,345,-0.1,Under way using engine,TRIESTE,09-11 08:00,Post-Gap Transit,High,Voyage resumed down-corridor following unverified AIS blackout period
2026-09-08 19:27:00,538009000,9521190,BLACK CORAL,V7X39,Crude Oil Tanker,15.2,Benghazi Offshore Pilot Station (Libya),Trieste / Northern Adriatic Fairway (Italy),36.542635,18.298611,14.3,346.7,345,-0.2,Under way using engine,TRIESTE,09-11 08:00,Post-Gap Transit,High,Voyage resumed down-corridor following unverified AIS blackout period
2026-09-08 19:30:00,538009000,9521190,BLACK CORAL,V7X39,Crude Oil Tanker,15.2,Benghazi Offshore Pilot Station (Libya),Trieste / Northern Adriatic Fairway (Italy),36.554281,18.295258,14.4,347.2,345,0.0,Under way using engine,TRIESTE,09-11 08:00,Post-Gap Transit,High,Voyage resumed down-corridor following unverified AIS blackout period
2026-09-08 19:33:00,538009000,9521190,BLACK CORAL,V7X39,Crude Oil Tanker,15.2,Benghazi Offshore Pilot Station (Libya),Trieste / Northern Adriatic Fairway (Italy),36.565944,18.292041,14.3,347.3,346,-0.0,Under way using engine,TRIESTE,09-11 08:00,Post-Gap Transit,High,Voyage resumed down-corridor following unverified AIS blackout period
2026-09-08 19:36:00,538009000,9521190,BLACK CORAL,V7X39,Crude Oil Tanker,15.2,Benghazi Offshore Pilot Station (Libya),Trieste / Northern Adriatic Fairway (Italy),36.577606,18.288632,14.4,346.4,345,0.0,Under way using engine,TRIESTE,09-11 08:00,Post-Gap Transit,High,Voyage resumed down-corridor following unverified AIS blackout period
2026-09-08 19:39:00,538009000,9521190,BLACK CORAL,V7X39,Crude Oil Tanker,15.2,Benghazi Offshore Pilot Station (Libya),Trieste / Northern Adriatic Fairway (Italy),36.589189,18.28509,14.3,346.0,344,-0.1,Under way using engine,TRIESTE,09-11 08:00,Post-Gap Transit,High,Voyage resumed down-corridor following unverified AIS blackout period
2026-09-08 19:42:00,538009000,9521190,BLACK CORAL,V7X39,Crude Oil Tanker,15.2,Benghazi Offshore Pilot Station (Libya),Trieste / Northern Adriatic Fairway (Italy),36.600818,18.281631,14.4,346.7,345,0.0,Under way using engine,TRIESTE,09-11 08:00,Post-Gap Transit,High,Voyage resumed down-corridor following unverified AIS blackout period
2026-09-08 19:45:00,538009000,9521190,BLACK CORAL,V7X39,Crude Oil Tanker,15.2,Benghazi Offshore Pilot Station (Libya),Trieste / Northern Adriatic Fairway (Italy),36.612433,18.278139,14.4,347.0,345,0.0,Under way using engine,TRIESTE,09-11 08:00,Post-Gap Transit,High,Voyage resumed down-corridor following unverified AIS blackout period
2026-09-08 19:48:00,538009000,9521190,BLACK CORAL,V7X39,Crude Oil Tanker,15.2,Benghazi Offshore Pilot Station (Libya),Trieste / Northern Adriatic Fairway (Italy),36.624089,18.274751,14.4,346.5,345,0.1,Under way using engine,TRIESTE,09-11 08:00,Post-Gap Transit,High,Voyage resumed down-corridor following unverified AIS blackout period
2026-09-08 19:51:00,538009000,9521190,BLACK CORAL,V7X39,Crude Oil Tanker,15.2,Benghazi Offshore Pilot Station (Libya),Trieste / Northern Adriatic Fairway (Italy),36.635687,18.271178,14.3,345.9,344,-0.0,Under way using engine,TRIESTE,09-11 08:00,Post-Gap Transit,High,Voyage resumed down-corridor following unverified AIS blackout period
2026-09-08 19:54:00,538009000,9521190,BLACK CORAL,V7X39,Crude Oil Tanker,15.2,Benghazi Offshore Pilot Station (Libya),Trieste / Northern Adriatic Fairway (Italy),36.647314,18.267793,14.3,347.3,346,0.1,Under way using engine,TRIESTE,09-11 08:00,Post-Gap Transit,High,Voyage resumed down-corridor following unverified AIS blackout period
2026-09-08 19:57:00,538009000,9521190,BLACK CORAL,V7X39,Crude Oil Tanker,15.2,Benghazi Offshore Pilot Station (Libya),Trieste / Northern Adriatic Fairway (Italy),36.658996,18.26456,14.4,347.5,346,0.1,Under way using engine,TRIESTE,09-11 08:00,Post-Gap Transit,High,Voyage resumed down-corridor following unverified AIS blackout period
2026-09-08 20:00:00,538009000,9521190,BLACK CORAL,V7X39,Crude Oil Tanker,15.2,Benghazi Offshore Pilot Station (Libya),Trieste / Northern Adriatic Fairway (Italy),36.670685,18.261368,14.4,347.5,346,-0.0,Under way using engine,TRIESTE,09-11 08:00,Post-Gap Transit,High,Voyage resumed down-corridor following unverified AIS blackout period
2026-09-08 20:03:00,538009000,9521190,BLACK CORAL,V7X39,Crude Oil Tanker,15.2,Benghazi Offshore Pilot Station (Libya),Trieste / Northern Adriatic Fairway (Italy),36.682332,18.258094,14.3,346.8,345,-0.1,Under way using engine,TRIESTE,09-11 08:00,Post-Gap Transit,High,Voyage resumed down-corridor following unverified AIS blackout period
2026-09-08 20:06:00,538009000,9521190,BLACK CORAL,V7X39,Crude Oil Tanker,15.2,Benghazi Offshore Pilot Station (Libya),Trieste / Northern Adriatic Fairway (Italy),36.693945,18.254613,14.3,346.5,345,0.0,Under way using engine,TRIESTE,09-11 08:00,Post-Gap Transit,High,Voyage resumed down-corridor following unverified AIS blackout period
2026-09-08 20:09:00,538009000,9521190,BLACK CORAL,V7X39,Crude Oil Tanker,15.2,Benghazi Offshore Pilot Station (Libya),Trieste / Northern Adriatic Fairway (Italy),36.705506,18.250997,14.3,345.6,344,0.1,Under way using engine,TRIESTE,09-11 08:00,Post-Gap Transit,High,Voyage resumed down-corridor following unverified AIS blackout period
2026-09-08 20:12:00,538009000,9521190,BLACK CORAL,V7X39,Crude Oil Tanker,15.2,Benghazi Offshore Pilot Station (Libya),Trieste / Northern Adriatic Fairway (Italy),36.717052,18.247228,14.3,345.1,343,0.0,Under way using engine,TRIESTE,09-11 08:00,Post-Gap Transit,High,Voyage resumed down-corridor following unverified AIS blackout period
2026-09-08 20:15:00,538009000,9521190,BLACK CORAL,V7X39,Crude Oil Tanker,15.2,Benghazi Offshore Pilot Station (Libya),Trieste / Northern Adriatic Fairway (Italy),36.728585,18.243436,14.3,345.6,344,0.0,Under way using engine,TRIESTE,09-11 08:00,Post-Gap Transit,High,Voyage resumed down-corridor following unverified AIS blackout period
2026-09-08 20:18:00,538009000,9521190,BLACK CORAL,V7X39,Crude Oil Tanker,15.2,Benghazi Offshore Pilot Station (Libya),Trieste / Northern Adriatic Fairway (Italy),36.740159,18.239691,14.4,345.4,344,0.0,Under way using engine,TRIESTE,09-11 08:00,Post-Gap Transit,High,Voyage resumed down-corridor following unverified AIS blackout period
2026-09-08 20:21:00,538009000,9521190,BLACK CORAL,V7X39,Crude Oil Tanker,15.2,Benghazi Offshore Pilot Station (Libya),Trieste / Northern Adriatic Fairway (Italy),36.751749,18.236086,14.3,346.0,344,-0.1,Under way using engine,TRIESTE,09-11 08:00,Post-Gap Transit,High,Voyage resumed down-corridor following unverified AIS blackout period
2026-09-08 20:24:00,538009000,9521190,BLACK CORAL,V7X39,Crude Oil Tanker,15.2,Benghazi Offshore Pilot Station (Libya),Trieste / Northern Adriatic Fairway (Italy),36.763374,18.232669,14.3,347.1,345,0.1,Under way using engine,TRIESTE,09-11 08:00,Post-Gap Transit,High,Voyage resumed down-corridor following unverified AIS blackout period
2026-09-08 20:27:00,538009000,9521190,BLACK CORAL,V7X39,Crude Oil Tanker,15.2,Benghazi Offshore Pilot Station (Libya),Trieste / Northern Adriatic Fairway (Italy),36.775005,18.229263,14.4,346.5,345,-0.0,Under way using engine,TRIESTE,09-11 08:00,Post-Gap Transit,High,Voyage resumed down-corridor following unverified AIS blackout period
2026-09-08 20:30:00,538009000,9521190,BLACK CORAL,V7X39,Crude Oil Tanker,15.2,Benghazi Offshore Pilot Station (Libya),Trieste / Northern Adriatic Fairway (Italy),36.786605,18.225766,14.3,346.5,345,-0.2,Under way using engine,TRIESTE,09-11 08:00,Post-Gap Transit,High,Voyage resumed down-corridor following unverified AIS blackout period
2026-09-08 20:33:00,538009000,9521190,BLACK CORAL,V7X39,Crude Oil Tanker,15.2,Benghazi Offshore Pilot Station (Libya),Trieste / Northern Adriatic Fairway (Italy),36.798213,18.222292,14.3,346.4,345,0.0,Under way using engine,TRIESTE,09-11 08:00,Post-Gap Transit,High,Voyage resumed down-corridor following unverified AIS blackout period
2026-09-08 20:36:00,538009000,9521190,BLACK CORAL,V7X39,Crude Oil Tanker,15.2,Benghazi Offshore Pilot Station (Libya),Trieste / Northern Adriatic Fairway (Italy),36.809807,18.218706,14.4,346.0,344,0.0,Under way using engine,TRIESTE,09-11 08:00,Post-Gap Transit,High,Voyage resumed down-corridor following unverified AIS blackout period
2026-09-08 20:39:00,538009000,9521190,BLACK CORAL,V7X39,Crude Oil Tanker,15.2,Benghazi Offshore Pilot Station (Libya),Trieste / Northern Adriatic Fairway (Italy),36.821388,18.215144,14.3,346.0,344,0.0,Under way using engine,TRIESTE,09-11 08:00,Post-Gap Transit,High,Voyage resumed down-corridor following unverified AIS blackout period
2026-09-08 20:42:00,538009000,9521190,BLACK CORAL,V7X39,Crude Oil Tanker,15.2,Benghazi Offshore Pilot Station (Libya),Trieste / Northern Adriatic Fairway (Italy),36.832976,18.211567,14.3,346.2,345,-0.1,Under way using engine,TRIESTE,09-11 08:00,Post-Gap Transit,High,Voyage resumed down-corridor following unverified AIS blackout period
2026-09-08 20:45:00,538009000,9521190,BLACK CORAL,V7X39,Crude Oil Tanker,15.2,Benghazi Offshore Pilot Station (Libya),Trieste / Northern Adriatic Fairway (Italy),36.844577,18.208155,14.3,347.3,346,-0.0,Under way using engine,TRIESTE,09-11 08:00,Post-Gap Transit,High,Voyage resumed down-corridor following unverified AIS blackout period
2026-09-08 20:48:00,538009000,9521190,BLACK CORAL,V7X39,Crude Oil Tanker,15.2,Benghazi Offshore Pilot Station (Libya),Trieste / Northern Adriatic Fairway (Italy),36.856149,18.204668,14.3,346.2,345,0.1,Under way using engine,TRIESTE,09-11 08:00,Post-Gap Transit,High,Voyage resumed down-corridor following unverified AIS blackout period
2026-09-08 20:51:00,538009000,9521190,BLACK CORAL,V7X39,Crude Oil Tanker,15.2,Benghazi Offshore Pilot Station (Libya),Trieste / Northern Adriatic Fairway (Italy),36.867745,18.2012,14.3,346.3,345,0.0,Under way using engine,TRIESTE,09-11 08:00,Post-Gap Transit,High,Voyage resumed down-corridor following unverified AIS blackout period
2026-09-08 20:54:00,538009000,9521190,BLACK CORAL,V7X39,Crude Oil Tanker,15.2,Benghazi Offshore Pilot Station (Libya),Trieste / Northern Adriatic Fairway (Italy),36.879361,18.197834,14.3,347.3,346,-0.3,Under way using engine,TRIESTE,09-11 08:00,Post-Gap Transit,High,Voyage resumed down-corridor following unverified AIS blackout period
2026-09-08 20:57:00,538009000,9521190,BLACK CORAL,V7X39,Crude Oil Tanker,15.2,Benghazi Offshore Pilot Station (Libya),Trieste / Northern Adriatic Fairway (Italy),36.890972,18.194399,14.4,346.9,345,0.1,Under way using engine,TRIESTE,09-11 08:00,Post-Gap Transit,High,Voyage resumed down-corridor following unverified AIS blackout period
2026-09-08 21:00:00,538009000,9521190,BLACK CORAL,V7X39,Crude Oil Tanker,15.2,Benghazi Offshore Pilot Station (Libya),Trieste / Northern Adriatic Fairway (Italy),36.902572,18.190971,14.3,346.1,344,-0.2,Under way using engine,TRIESTE,09-11 08:00,Post-Gap Transit,High,Voyage resumed down-corridor following unverified AIS blackout period
2026-09-08 21:03:00,538009000,9521190,BLACK CORAL,V7X39,Crude Oil Tanker,15.2,Benghazi Offshore Pilot Station (Libya),Trieste / Northern Adriatic Fairway (Italy),36.914159,18.187403,14.3,346.7,345,0.0,Under way using engine,TRIESTE,09-11 08:00,Post-Gap Transit,High,Voyage resumed down-corridor following unverified AIS blackout period
2026-09-08 21:06:00,538009000,9521190,BLACK CORAL,V7X39,Crude Oil Tanker,15.2,Benghazi Offshore Pilot Station (Libya),Trieste / Northern Adriatic Fairway (Italy),36.925753,18.18397,14.3,346.6,345,0.1,Under way using engine,TRIESTE,09-11 08:00,Post-Gap Transit,High,Voyage resumed down-corridor following unverified AIS blackout period
2026-09-08 21:09:00,538009000,9521190,BLACK CORAL,V7X39,Crude Oil Tanker,15.2,Benghazi Offshore Pilot Station (Libya),Trieste / Northern Adriatic Fairway (Italy),36.937364,18.180543,14.3,346.0,344,-0.2,Under way using engine,TRIESTE,09-11 08:00,Post-Gap Transit,High,Voyage resumed down-corridor following unverified AIS blackout period
2026-09-08 21:12:00,538009000,9521190,BLACK CORAL,V7X39,Crude Oil Tanker,15.2,Benghazi Offshore Pilot Station (Libya),Trieste / Northern Adriatic Fairway (Italy),36.948962,18.176967,14.3,345.9,344,0.1,Under way using engine,TRIESTE,09-11 08:00,Post-Gap Transit,High,Voyage resumed down-corridor following unverified AIS blackout period
2026-09-08 21:15:00,538009000,9521190,BLACK CORAL,V7X39,Crude Oil Tanker,15.2,Benghazi Offshore Pilot Station (Libya),Trieste / Northern Adriatic Fairway (Italy),36.960466,18.173182,14.2,345.3,344,0.1,Under way using engine,TRIESTE,09-11 08:00,Post-Gap Transit,High,Voyage resumed down-corridor following unverified AIS blackout period
2026-09-08 21:18:00,538009000,9521190,BLACK CORAL,V7X39,Crude Oil Tanker,15.2,Benghazi Offshore Pilot Station (Libya),Trieste / Northern Adriatic Fairway (Italy),36.971975,18.169389,14.3,345.2,344,-0.1,Under way using engine,TRIESTE,09-11 08:00,Post-Gap Transit,High,Voyage resumed down-corridor following unverified AIS blackout period
2026-09-08 21:21:00,538009000,9521190,BLACK CORAL,V7X39,Crude Oil Tanker,15.2,Benghazi Offshore Pilot Station (Libya),Trieste / Northern Adriatic Fairway (Italy),36.983512,18.165588,14.3,345.3,344,-0.0,Under way using engine,TRIESTE,09-11 08:00,Post-Gap Transit,High,Voyage resumed down-corridor following unverified AIS blackout period
2026-09-08 21:24:00,538009000,9521190,BLACK CORAL,V7X39,Crude Oil Tanker,15.2,Benghazi Offshore Pilot Station (Libya),Trieste / Northern Adriatic Fairway (Italy),36.995016,18.161797,14.3,345.0,343,0.1,Under way using engine,TRIESTE,09-11 08:00,Post-Gap Transit,High,Voyage resumed down-corridor following unverified AIS blackout period
2026-09-08 21:27:00,538009000,9521190,BLACK CORAL,V7X39,Crude Oil Tanker,15.2,Benghazi Offshore Pilot Station (Libya),Trieste / Northern Adriatic Fairway (Italy),37.00655,18.158062,14.3,345.5,344,0.1,Under way using engine,TRIESTE,09-11 08:00,Post-Gap Transit,High,Voyage resumed down-corridor following unverified AIS blackout period
2026-09-08 21:30:00,538009000,9521190,BLACK CORAL,V7X39,Crude Oil Tanker,15.2,Benghazi Offshore Pilot Station (Libya),Trieste / Northern Adriatic Fairway (Italy),37.0181,18.154475,14.2,346.2,345,-0.2,Under way using engine,TRIESTE,09-11 08:00,Post-Gap Transit,High,Voyage resumed down-corridor following unverified AIS blackout period
2026-09-08 21:33:00,538009000,9521190,BLACK CORAL,V7X39,Crude Oil Tanker,15.2,Benghazi Offshore Pilot Station (Libya),Trieste / Northern Adriatic Fairway (Italy),37.029675,18.150924,14.3,346.4,345,0.2,Under way using engine,TRIESTE,09-11 08:00,Post-Gap Transit,High,Voyage resumed down-corridor following unverified AIS blackout period
2026-09-08 21:36:00,538009000,9521190,BLACK CORAL,V7X39,Crude Oil Tanker,15.2,Benghazi Offshore Pilot Station (Libya),Trieste / Northern Adriatic Fairway (Italy),37.041239,18.147427,14.3,346.6,345,-0.2,Under way using engine,TRIESTE,09-11 08:00,Post-Gap Transit,High,Voyage resumed down-corridor following unverified AIS blackout period
2026-09-08 21:39:00,538009000,9521190,BLACK CORAL,V7X39,Crude Oil Tanker,15.2,Benghazi Offshore Pilot Station (Libya),Trieste / Northern Adriatic Fairway (Italy),37.052793,18.143825,14.3,346.1,345,0.0,Under way using engine,TRIESTE,09-11 08:00,Post-Gap Transit,High,Voyage resumed down-corridor following unverified AIS blackout period
2026-09-08 21:42:00,538009000,9521190,BLACK CORAL,V7X39,Crude Oil Tanker,15.2,Benghazi Offshore Pilot Station (Libya),Trieste / Northern Adriatic Fairway (Italy),37.064319,18.140141,14.3,345.3,344,0.1,Under way using engine,TRIESTE,09-11 08:00,Post-Gap Transit,High,Voyage resumed down-corridor following unverified AIS blackout period
2026-09-08 21:45:00,538009000,9521190,BLACK CORAL,V7X39,Crude Oil Tanker,15.2,Benghazi Offshore Pilot Station (Libya),Trieste / Northern Adriatic Fairway (Italy),37.075825,18.136358,14.3,346.0,344,0.2,Under way using engine,TRIESTE,09-11 08:00,Post-Gap Transit,High,Voyage resumed down-corridor following unverified AIS blackout period
2026-09-08 21:48:00,538009000,9521190,BLACK CORAL,V7X39,Crude Oil Tanker,15.2,Benghazi Offshore Pilot Station (Libya),Trieste / Northern Adriatic Fairway (Italy),37.087404,18.132781,14.3,346.7,345,0.0,Under way using engine,TRIESTE,09-11 08:00,Post-Gap Transit,High,Voyage resumed down-corridor following unverified AIS blackout period
2026-09-08 21:51:00,538009000,9521190,BLACK CORAL,V7X39,Crude Oil Tanker,15.2,Benghazi Offshore Pilot Station (Libya),Trieste / Northern Adriatic Fairway (Italy),37.099005,18.129439,14.3,347.4,346,-0.0,Under way using engine,TRIESTE,09-11 08:00,Post-Gap Transit,High,Voyage resumed down-corridor following unverified AIS blackout period
2026-09-08 21:54:00,538009000,9521190,BLACK CORAL,V7X39,Crude Oil Tanker,15.2,Benghazi Offshore Pilot Station (Libya),Trieste / Northern Adriatic Fairway (Italy),37.110579,18.125954,14.3,346.5,345,0.1,Under way using engine,TRIESTE,09-11 08:00,Post-Gap Transit,High,Voyage resumed down-corridor following unverified AIS blackout period
2026-09-08 21:57:00,538009000,9521190,BLACK CORAL,V7X39,Crude Oil Tanker,15.2,Benghazi Offshore Pilot Station (Libya),Trieste / Northern Adriatic Fairway (Italy),37.122142,18.122424,14.3,346.1,344,0.0,Under way using engine,TRIESTE,09-11 08:00,Post-Gap Transit,High,Voyage resumed down-corridor following unverified AIS blackout period
2026-09-08 22:00:00,538009000,9521190,BLACK CORAL,V7X39,Crude Oil Tanker,15.2,Benghazi Offshore Pilot Station (Libya),Trieste / Northern Adriatic Fairway (Italy),37.13368,18.118798,14.3,345.9,344,0.0,Under way using engine,TRIESTE,09-11 08:00,Post-Gap Transit,High,Voyage resumed down-corridor following unverified AIS blackout period
2026-09-08 22:03:00,538009000,9521190,BLACK CORAL,V7X39,Crude Oil Tanker,15.2,Benghazi Offshore Pilot Station (Libya),Trieste / Northern Adriatic Fairway (Italy),37.145216,18.115187,14.2,345.8,344,-0.1,Under way using engine,TRIESTE,09-11 08:00,Post-Gap Transit,High,Voyage resumed down-corridor following unverified AIS blackout period
2026-09-08 22:06:00,538009000,9521190,BLACK CORAL,V7X39,Crude Oil Tanker,15.2,Benghazi Offshore Pilot Station (Libya),Trieste / Northern Adriatic Fairway (Italy),37.156783,18.111598,14.3,346.2,345,-0.2,Under way using engine,TRIESTE,09-11 08:00,Post-Gap Transit,High,Voyage resumed down-corridor following unverified AIS blackout period
2026-09-08 22:09:00,538009000,9521190,BLACK CORAL,V7X39,Crude Oil Tanker,15.2,Benghazi Offshore Pilot Station (Libya),Trieste / Northern Adriatic Fairway (Italy),37.168318,18.107987,14.2,346.5,345,-0.0,Under way using engine,TRIESTE,09-11 08:00,Post-Gap Transit,High,Voyage resumed down-corridor following unverified AIS blackout period
2026-09-08 22:12:00,538009000,9521190,BLACK CORAL,V7X39,Crude Oil Tanker,15.2,Benghazi Offshore Pilot Station (Libya),Trieste / Northern Adriatic Fairway (Italy),37.179857,18.104403,14.2,345.9,344,0.0,Under way using engine,TRIESTE,09-11 08:00,Post-Gap Transit,High,Voyage resumed down-corridor following unverified AIS blackout period
2026-09-08 22:15:00,538009000,9521190,BLACK CORAL,V7X39,Crude Oil Tanker,15.2,Benghazi Offshore Pilot Station (Libya),Trieste / Northern Adriatic Fairway (Italy),37.191367,18.10076,14.2,346.2,345,-0.1,Under way using engine,TRIESTE,09-11 08:00,Post-Gap Transit,High,Voyage resumed down-corridor following unverified AIS blackout period
2026-09-08 22:18:00,538009000,9521190,BLACK CORAL,V7X39,Crude Oil Tanker,15.2,Benghazi Offshore Pilot Station (Libya),Trieste / Northern Adriatic Fairway (Italy),37.202901,18.097081,14.3,346.0,344,-0.0,Under way using engine,TRIESTE,09-11 08:00,Post-Gap Transit,High,Voyage resumed down-corridor following unverified AIS blackout period
2026-09-08 22:21:00,538009000,9521190,BLACK CORAL,V7X39,Crude Oil Tanker,15.2,Benghazi Offshore Pilot Station (Libya),Trieste / Northern Adriatic Fairway (Italy),37.214487,18.093614,14.3,346.4,345,-0.1,Under way using engine,TRIESTE,09-11 08:00,Post-Gap Transit,High,Voyage resumed down-corridor following unverified AIS blackout period
2026-09-08 22:24:00,538009000,9521190,BLACK CORAL,V7X39,Crude Oil Tanker,15.2,Benghazi Offshore Pilot Station (Libya),Trieste / Northern Adriatic Fairway (Italy),37.226004,18.089966,14.3,345.7,344,0.1,Under way using engine,TRIESTE,09-11 08:00,Post-Gap Transit,High,Voyage resumed down-corridor following unverified AIS blackout period
2026-09-08 22:27:00,538009000,9521190,BLACK CORAL,V7X39,Crude Oil Tanker,15.2,Benghazi Offshore Pilot Station (Libya),Trieste / Northern Adriatic Fairway (Italy),37.23754,18.086365,14.3,346.2,345,-0.1,Under way using engine,TRIESTE,09-11 08:00,Post-Gap Transit,High,Voyage resumed down-corridor following unverified AIS blackout period
2026-09-08 22:30:00,538009000,9521190,BLACK CORAL,V7X39,Crude Oil Tanker,15.2,Benghazi Offshore Pilot Station (Libya),Trieste / Northern Adriatic Fairway (Italy),37.249094,18.082806,14.2,346.5,345,0.1,Under way using engine,TRIESTE,09-11 08:00,Post-Gap Transit,High,Voyage resumed down-corridor following unverified AIS blackout period
2026-09-08 22:33:00,538009000,9521190,BLACK CORAL,V7X39,Crude Oil Tanker,15.2,Benghazi Offshore Pilot Station (Libya),Trieste / Northern Adriatic Fairway (Italy),37.260635,18.079222,14.2,345.9,344,0.1,Under way using engine,TRIESTE,09-11 08:00,Post-Gap Transit,High,Voyage resumed down-corridor following unverified AIS blackout period
2026-09-08 22:36:00,538009000,9521190,BLACK CORAL,V7X39,Crude Oil Tanker,15.2,Benghazi Offshore Pilot Station (Libya),Trieste / Northern Adriatic Fairway (Italy),37.272192,18.075763,14.3,347.0,345,0.0,Under way using engine,TRIESTE,09-11 08:00,Post-Gap Transit,High,Voyage resumed down-corridor following unverified AIS blackout period
2026-09-08 22:39:00,538009000,9521190,BLACK CORAL,V7X39,Crude Oil Tanker,15.2,Benghazi Offshore Pilot Station (Libya),Trieste / Northern Adriatic Fairway (Italy),37.283762,18.072311,14.3,346.2,345,0.1,Under way using engine,TRIESTE,09-11 08:00,Post-Gap Transit,High,Voyage resumed down-corridor following unverified AIS blackout period
2026-09-08 22:42:00,538009000,9521190,BLACK CORAL,V7X39,Crude Oil Tanker,15.2,Benghazi Offshore Pilot Station (Libya),Trieste / Northern Adriatic Fairway (Italy),37.295262,18.068594,14.2,345.0,343,-0.1,Under way using engine,TRIESTE,09-11 08:00,Post-Gap Transit,High,Voyage resumed down-corridor following unverified AIS blackout period
2026-09-08 22:45:00,538009000,9521190,BLACK CORAL,V7X39,Crude Oil Tanker,15.2,Benghazi Offshore Pilot Station (Libya),Trieste / Northern Adriatic Fairway (Italy),37.306742,18.064714,14.2,345.2,344,-0.0,Under way using engine,TRIESTE,09-11 08:00,Post-Gap Transit,High,Voyage resumed down-corridor following unverified AIS blackout period
2026-09-08 22:48:00,538009000,9521190,BLACK CORAL,V7X39,Crude Oil Tanker,15.2,Benghazi Offshore Pilot Station (Libya),Trieste / Northern Adriatic Fairway (Italy),37.318274,18.061083,14.3,346.1,345,0.0,Under way using engine,TRIESTE,09-11 08:00,Post-Gap Transit,High,Voyage resumed down-corridor following unverified AIS blackout period
2026-09-08 22:51:00,538009000,9521190,BLACK CORAL,V7X39,Crude Oil Tanker,15.2,Benghazi Offshore Pilot Station (Libya),Trieste / Northern Adriatic Fairway (Italy),37.32984,18.057551,14.3,346.1,345,-0.1,Under way using engine,TRIESTE,09-11 08:00,Post-Gap Transit,High,Voyage resumed down-corridor following unverified AIS blackout period
2026-09-08 22:54:00,538009000,9521190,BLACK CORAL,V7X39,Crude Oil Tanker,15.2,Benghazi Offshore Pilot Station (Libya),Trieste / Northern Adriatic Fairway (Italy),37.341349,18.053875,14.3,345.0,343,0.0,Under way using engine,TRIESTE,09-11 08:00,Post-Gap Transit,High,Voyage resumed down-corridor following unverified AIS blackout period
2026-09-08 22:57:00,538009000,9521190,BLACK CORAL,V7X39,Crude Oil Tanker,15.2,Benghazi Offshore Pilot Station (Libya),Trieste / Northern Adriatic Fairway (Italy),37.352847,18.050092,14.3,345.5,344,0.2,Under way using engine,TRIESTE,09-11 08:00,Post-Gap Transit,High,Voyage resumed down-corridor following unverified AIS blackout period
2026-09-08 23:00:00,538009000,9521190,BLACK CORAL,V7X39,Crude Oil Tanker,15.2,Benghazi Offshore Pilot Station (Libya),Trieste / Northern Adriatic Fairway (Italy),37.364339,18.046276,14.2,345.5,344,-0.0,Under way using engine,TRIESTE,09-11 08:00,Post-Gap Transit,High,Voyage resumed down-corridor following unverified AIS blackout period
2026-09-08 23:03:00,538009000,9521190,BLACK CORAL,V7X39,Crude Oil Tanker,15.2,Benghazi Offshore Pilot Station (Libya),Trieste / Northern Adriatic Fairway (Italy),37.375843,18.042495,14.3,345.2,344,-0.1,Under way using engine,TRIESTE,09-11 08:00,Post-Gap Transit,High,Voyage resumed down-corridor following unverified AIS blackout period
2026-09-08 23:06:00,538009000,9521190,BLACK CORAL,V7X39,Crude Oil Tanker,15.2,Benghazi Offshore Pilot Station (Libya),Trieste / Northern Adriatic Fairway (Italy),37.387367,18.038791,14.3,346.0,344,-0.1,Under way using engine,TRIESTE,09-11 08:00,Post-Gap Transit,High,Voyage resumed down-corridor following unverified AIS blackout period
2026-09-08 23:09:00,538009000,9521190,BLACK CORAL,V7X39,Crude Oil Tanker,15.2,Benghazi Offshore Pilot Station (Libya),Trieste / Northern Adriatic Fairway (Italy),37.398876,18.035113,14.3,346.1,345,-0.0,Under way using engine,TRIESTE,09-11 08:00,Post-Gap Transit,High,Voyage resumed down-corridor following unverified AIS blackout period
2026-09-08 23:12:00,538009000,9521190,BLACK CORAL,V7X39,Crude Oil Tanker,15.2,Benghazi Offshore Pilot Station (Libya),Trieste / Northern Adriatic Fairway (Italy),37.410403,18.031591,14.2,346.5,345,-0.1,Under way using engine,TRIESTE,09-11 08:00,Post-Gap Transit,High,Voyage resumed down-corridor following unverified AIS blackout period
2026-09-08 23:15:00,538009000,9521190,BLACK CORAL,V7X39,Crude Oil Tanker,15.2,Benghazi Offshore Pilot Station (Libya),Trieste / Northern Adriatic Fairway (Italy),37.42195,18.028069,14.3,346.1,345,-0.0,Under way using engine,TRIESTE,09-11 08:00,Post-Gap Transit,High,Voyage resumed down-corridor following unverified AIS blackout period
2026-09-08 23:18:00,538009000,9521190,BLACK CORAL,V7X39,Crude Oil Tanker,15.2,Benghazi Offshore Pilot Station (Libya),Trieste / Northern Adriatic Fairway (Italy),37.43344,18.024299,14.2,345.5,344,0.2,Under way using engine,TRIESTE,09-11 08:00,Post-Gap Transit,High,Voyage resumed down-corridor following unverified AIS blackout period
2026-09-08 23:21:00,538009000,9521190,BLACK CORAL,V7X39,Crude Oil Tanker,15.2,Benghazi Offshore Pilot Station (Libya),Trieste / Northern Adriatic Fairway (Italy),37.444928,18.020545,14.2,345.7,344,-0.1,Under way using engine,TRIESTE,09-11 08:00,Post-Gap Transit,High,Voyage resumed down-corridor following unverified AIS blackout period
2026-09-08 23:24:00,538009000,9521190,BLACK CORAL,V7X39,Crude Oil Tanker,15.2,Benghazi Offshore Pilot Station (Libya),Trieste / Northern Adriatic Fairway (Italy),37.456441,18.016932,14.2,346.1,345,0.1,Under way using engine,TRIESTE,09-11 08:00,Post-Gap Transit,High,Voyage resumed down-corridor following unverified AIS blackout period
2026-09-08 23:27:00,538009000,9521190,BLACK CORAL,V7X39,Crude Oil Tanker,15.2,Benghazi Offshore Pilot Station (Libya),Trieste / Northern Adriatic Fairway (Italy),37.467965,18.013355,14.3,345.8,344,-0.1,Under way using engine,TRIESTE,09-11 08:00,Post-Gap Transit,High,Voyage resumed down-corridor following unverified AIS blackout period
2026-09-08 23:30:00,538009000,9521190,BLACK CORAL,V7X39,Crude Oil Tanker,15.2,Benghazi Offshore Pilot Station (Libya),Trieste / Northern Adriatic Fairway (Italy),37.479476,18.009643,14.3,346.1,345,0.0,Under way using engine,TRIESTE,09-11 08:00,Post-Gap Transit,High,Voyage resumed down-corridor following unverified AIS blackout period
2026-09-08 23:33:00,538009000,9521190,BLACK CORAL,V7X39,Crude Oil Tanker,15.2,Benghazi Offshore Pilot Station (Libya),Trieste / Northern Adriatic Fairway (Italy),37.490988,18.005952,14.3,345.2,344,0.1,Under way using engine,TRIESTE,09-11 08:00,Post-Gap Transit,High,Voyage resumed down-corridor following unverified AIS blackout period
2026-09-08 23:36:00,538009000,9521190,BLACK CORAL,V7X39,Crude Oil Tanker,15.2,Benghazi Offshore Pilot Station (Libya),Trieste / Northern Adriatic Fairway (Italy),37.502483,18.002141,14.2,345.1,344,-0.0,Under way using engine,TRIESTE,09-11 08:00,Post-Gap Transit,High,Voyage resumed down-corridor following unverified AIS blackout period
2026-09-08 23:39:00,538009000,9521190,BLACK CORAL,V7X39,Crude Oil Tanker,15.2,Benghazi Offshore Pilot Station (Libya),Trieste / Northern Adriatic Fairway (Italy),37.513984,17.998412,14.3,345.5,344,0.0,Under way using engine,TRIESTE,09-11 08:00,Post-Gap Transit,High,Voyage resumed down-corridor following unverified AIS blackout period
2026-09-08 23:42:00,538009000,9521190,BLACK CORAL,V7X39,Crude Oil Tanker,15.2,Benghazi Offshore Pilot Station (Libya),Trieste / Northern Adriatic Fairway (Italy),37.525458,17.994558,14.2,345.4,344,0.0,Under way using engine,TRIESTE,09-11 08:00,Post-Gap Transit,High,Voyage resumed down-corridor following unverified AIS blackout period
2026-09-08 23:45:00,538009000,9521190,BLACK CORAL,V7X39,Crude Oil Tanker,15.2,Benghazi Offshore Pilot Station (Libya),Trieste / Northern Adriatic Fairway (Italy),37.536966,17.990841,14.3,345.6,344,-0.2,Under way using engine,TRIESTE,09-11 08:00,Post-Gap Transit,High,Voyage resumed down-corridor following unverified AIS blackout period
2026-09-08 23:48:00,538009000,9521190,BLACK CORAL,V7X39,Crude Oil Tanker,15.2,Benghazi Offshore Pilot Station (Libya),Trieste / Northern Adriatic Fairway (Italy),37.548456,17.987097,14.3,345.5,344,-0.0,Under way using engine,TRIESTE,09-11 08:00,Post-Gap Transit,High,Voyage resumed down-corridor following unverified AIS blackout period
2026-09-08 23:51:00,538009000,9521190,BLACK CORAL,V7X39,Crude Oil Tanker,15.2,Benghazi Offshore Pilot Station (Libya),Trieste / Northern Adriatic Fairway (Italy),37.559963,17.983389,14.2,345.4,344,0.2,Under way using engine,TRIESTE,09-11 08:00,Post-Gap Transit,High,Voyage resumed down-corridor following unverified AIS blackout period
2026-09-08 23:54:00,538009000,9521190,BLACK CORAL,V7X39,Crude Oil Tanker,15.2,Benghazi Offshore Pilot Station (Libya),Trieste / Northern Adriatic Fairway (Italy),37.571492,17.979842,14.3,346.4,345,-0.1,Under way using engine,TRIESTE,09-11 08:00,Post-Gap Transit,High,Voyage resumed down-corridor following unverified AIS blackout period
2026-09-08 23:57:00,538009000,9521190,BLACK CORAL,V7X39,Crude Oil Tanker,15.2,Benghazi Offshore Pilot Station (Libya),Trieste / Northern Adriatic Fairway (Italy),37.58301,17.976195,14.3,345.4,344,0.0,Under way using engine,TRIESTE,09-11 08:00,Post-Gap Transit,High,Voyage resumed down-corridor following unverified AIS blackout period
2026-09-09 00:00:00,538009000,9521190,BLACK CORAL,V7X39,Crude Oil Tanker,15.2,Benghazi Offshore Pilot Station (Libya),Trieste / Northern Adriatic Fairway (Italy),37.594458,17.972225,14.3,344.6,343,0.2,Under way using engine,TRIESTE,09-11 08:00,Post-Gap Transit,High,Voyage resumed down-corridor following unverified AIS blackout period
